index,name,isin,url
4,7IM AAP Balanced Class C Accumulation,GB00B2PB3794,https://www.direct.aviva.co.uk/wealth/FundChoice/SelfSelectFundsList/FundDetails/B2PB379/SelfSelectFund
10,7IM AAP Moderately Cautious Class C Accumulation,,https://www.direct.aviva.co.uk/wealth/FundChoice/SelfSelectFundsList/FundDetails/B2PB216/SelfSelectFund
17,7IM Moderately Adventurous Class C Income,,https://www.direct.aviva.co.uk/wealth/FundChoice/SelfSelectFundsList/FundDetails/3395639/SelfSelectFund
24,7IM Pathbuilder 3 Class 3C Accumulation,,https://www.direct.aviva.co.uk/wealth/FundChoice/SelfSelectFundsList/FundDetails/BMDPC76/SelfSelectFund
30,7IM Responsible Balanced Class C Income,,https://www.direct.aviva.co.uk/wealth/FundChoice/SelfSelectFundsList/FundDetails/B1LBG00/SelfSelectFund
37,ARGA IM ARGA European Equity Class B Accumulation,,https://www.direct.aviva.co.uk/wealth/FundChoice/SelfSelectFundsList/FundDetails/BV0VHJ7/SelfSelectFund
44,Aberforth UK Small Companies ABERFORTH UK SMALL-UNITS-GBP/D Accumulation,,https://www.direct.aviva.co.uk/wealth/FundChoice/SelfSelectFundsList/FundDetails/0007272/SelfSelectFund
50,Aegon AM Diversified Monthly Income Class B Accumulation,,https://www.direct.aviva.co.uk/wealth/FundChoice/SelfSelectFundsList/FundDetails/BJFLQY6/SelfSelectFund
57,Aegon AM Ethical Equity Class B Income,,https://www.direct.aviva.co.uk/wealth/FundChoice/SelfSelectFundsList/FundDetails/B8FZHY8/SelfSelectFund
63,Aegon AM Global Sustainable Equity Class C Accumulation,,https://www.direct.aviva.co.uk/wealth/FundChoice/SelfSelectFundsList/FundDetails/BYZJ377/SelfSelectFund
69,Aegon AM Investment Grade Bond Class B Accumulation,,https://www.direct.aviva.co.uk/wealth/FundChoice/SelfSelectFundsList/FundDetails/B141C76/SelfSelectFund
75,Aegon AM Strategic Bond Class B Income,,https://www.direct.aviva.co.uk/wealth/FundChoice/SelfSelectFundsList/FundDetails/B00MY36/SelfSelectFund
81,Aegon AM UK Smaller Companies Class B Accumulation,,https://www.direct.aviva.co.uk/wealth/FundChoice/SelfSelectFundsList/FundDetails/B142FS1/SelfSelectFund
87,Algebris Investments Algebris Financial Income Fund Class Id GBP Income,,https://www.direct.aviva.co.uk/wealth/FundChoice/SelfSelectFundsList/FundDetails/BCZNX08/SelfSelectFund
93,Alliance Bernstein Concentrated US Equity Portfolio Class I Unhedged Accumulation,,https://www.direct.aviva.co.uk/wealth/FundChoice/SelfSelectFundsList/FundDetails/BMWWMG7/SelfSelectFund
99,Alliance Bernstein Sustainable Global Thematic Portfolio Class I Accumulation,,https://www.direct.aviva.co.uk/wealth/FundChoice/SelfSelectFundsList/FundDetails/BKC9H47/SelfSelectFund
105,Allianz Global Investors UK Best Styles Global AC Equity Class C Accumulation,,https://www.direct.aviva.co.uk/wealth/FundChoice/SelfSelectFundsList/FundDetails/BYQ91X8/SelfSelectFund
111,Allianz Global Investors UK Index-Linked Gilt Fund Class E Income,,https://www.direct.aviva.co.uk/wealth/FundChoice/SelfSelectFundsList/FundDetails/BDD4M92/SelfSelectFund
117,Allianz Global Investors UK Strategic Bond Class C Income,,https://www.direct.aviva.co.uk/wealth/FundChoice/SelfSelectFundsList/FundDetails/B06T936/SelfSelectFund
123,Allianz Global Investors UK UK Opportunities class O Accumulation,,https://www.direct.aviva.co.uk/wealth/FundChoice/SelfSelectFundsList/FundDetails/BYZQQN5/SelfSelectFund
129,Allspring (Lux) Worldwide Fund U.S. All Cap Growth Class Z Accumulation,,https://www.direct.aviva.co.uk/wealth/FundChoice/SelfSelectFundsList/FundDetails/B8FWGL9/SelfSelectFund
135,Alquity SICAV Global Impact Class Y Accumulation,,https://www.direct.aviva.co.uk/wealth/FundChoice/SelfSelectFundsList/FundDetails/BTJRGQ2/SelfSelectFund
141,Amati Global Investors WS Amati Strategic Metals Fund Class B Accumulation,,https://www.direct.aviva.co.uk/wealth/FundChoice/SelfSelectFundsList/FundDetails/BMD8NV6/SelfSelectFund
147,Amova Asset Management Amova Japan Value Fund Class D GBP Accumulation,,https://www.direct.aviva.co.uk/wealth/FundChoice/SelfSelectFundsList/FundDetails/BDD0LS2/SelfSelectFund
153,Amundi AFH - WORLD MOMENTUM ADVANCED Class AG Accumulation,,https://www.direct.aviva.co.uk/wealth/FundChoice/SelfSelectFundsList/FundDetails/BVDH5G5/SelfSelectFund
159,Amundi AFH - ebi Global Factor 80 Class RG Accumulation,,https://www.direct.aviva.co.uk/wealth/FundChoice/SelfSelectFundsList/FundDetails/BT3J9D2/SelfSelectFund
165,Amundi Amundi Global Corporate Bond 1-5Y ESG Class IHG Accumulation,,https://www.direct.aviva.co.uk/wealth/FundChoice/SelfSelectFundsList/FundDetails/BR2Q5L0/SelfSelectFund
171,Amundi Amundi Index MSCI USA SRI PAB Class IG Accumulation,,https://www.direct.aviva.co.uk/wealth/FundChoice/SelfSelectFundsList/FundDetails/BJBYNT3/SelfSelectFund
177,Amundi Euro Aggregate Corporate SRI Class IHG Income,,https://www.direct.aviva.co.uk/wealth/FundChoice/SelfSelectFundsList/FundDetails/BKPV6B0/SelfSelectFund
183,Amundi US Corp SRI Class IHG Income,,https://www.direct.aviva.co.uk/wealth/FundChoice/SelfSelectFundsList/FundDetails/BKPV6D2/SelfSelectFund
189,Arbrook Investors Limited Arbrook American Equities B2 Income,,https://www.direct.aviva.co.uk/wealth/FundChoice/SelfSelectFundsList/FundDetails/BZ60K31/SelfSelectFund
195,Artemis High Income Class I Quarterly Accumulation,,https://www.direct.aviva.co.uk/wealth/FundChoice/SelfSelectFundsList/FundDetails/BJMD6R8/SelfSelectFund
201,Artemis Monthly Distribution Class I Income,,https://www.direct.aviva.co.uk/wealth/FundChoice/SelfSelectFundsList/FundDetails/B6TK3R0/SelfSelectFund
207,Artemis SmartGARP European Equity Class I Hedged Accumulation,,https://www.direct.aviva.co.uk/wealth/FundChoice/SelfSelectFundsList/FundDetails/BR4TV19/SelfSelectFund
213,Artemis SmartGARP Global Emerging Markets Ex China Equity Class I Accumulation,,https://www.direct.aviva.co.uk/wealth/FundChoice/SelfSelectFundsList/FundDetails/BWK9895/SelfSelectFund
219,Artemis Strategic Bond Class I Monthly Income,,https://www.direct.aviva.co.uk/wealth/FundChoice/SelfSelectFundsList/FundDetails/B2PLJS2/SelfSelectFund
225,Artemis UK Smaller Companies Class I Income,,https://www.direct.aviva.co.uk/wealth/FundChoice/SelfSelectFundsList/FundDetails/BD3GTG4/SelfSelectFund
231,Artemis US Select Class I Income,,https://www.direct.aviva.co.uk/wealth/FundChoice/SelfSelectFundsList/FundDetails/BWWZ2D3/SelfSelectFund
237,Ashmore SICAV Emerging Markets Short Duration Class Z Income,,https://www.direct.aviva.co.uk/wealth/FundChoice/SelfSelectFundsList/FundDetails/BP4K8V7/SelfSelectFund
243,Atlantic House Uncorrelated Strategies Class A Hedged Accumulation,,https://www.direct.aviva.co.uk/wealth/FundChoice/SelfSelectFundsList/FundDetails/BNTJ5Q9/SelfSelectFund
249,Aviva Insured Funds Diversified Assets Fund 4 S14,,https://www.direct.aviva.co.uk/wealth/FundChoice/SelfSelectFundsList/FundDetails/BLG34H4/SelfSelectFund
255,Aviva Insured Funds Investment Pathway 4 S14,,https://www.direct.aviva.co.uk/wealth/FundChoice/SelfSelectFundsList/FundDetails/BKKZPG5/SelfSelectFund
261,Aviva Insured Funds Stewardship Managed S14,,https://www.direct.aviva.co.uk/wealth/FundChoice/SelfSelectFundsList/FundDetails/BGGRYY8/SelfSelectFund
267,Aviva Insured Funds Universal 2029 Retirement S14,,https://www.direct.aviva.co.uk/wealth/FundChoice/SelfSelectFundsList/FundDetails/BRDCMQ1/SelfSelectFund
273,Aviva Insured Funds Universal 2035 Retirement S14,,https://www.direct.aviva.co.uk/wealth/FundChoice/SelfSelectFundsList/FundDetails/BRDCMX8/SelfSelectFund
279,Aviva Insured Funds Universal 2041 Retirement S14,,https://www.direct.aviva.co.uk/wealth/FundChoice/SelfSelectFundsList/FundDetails/BRDCN35/SelfSelectFund
285,Aviva Insured Funds Universal 2047 Retirement S14,,https://www.direct.aviva.co.uk/wealth/FundChoice/SelfSelectFundsList/FundDetails/BRDCN91/SelfSelectFund
291,Aviva Insured Funds Universal 2053 Retirement S14,,https://www.direct.aviva.co.uk/wealth/FundChoice/SelfSelectFundsList/FundDetails/BRGT6B2/SelfSelectFund
297,Aviva Insured Funds Universal 2059 Retirement S14,,https://www.direct.aviva.co.uk/wealth/FundChoice/SelfSelectFundsList/FundDetails/BRGT6J0/SelfSelectFund
303,Aviva Insured Funds Universal 2065 Retirement S14,,https://www.direct.aviva.co.uk/wealth/FundChoice/SelfSelectFundsList/FundDetails/BRGT6Q7/SelfSelectFund
309,Aviva Insured Funds Universal 2071 Retirement S14,,https://www.direct.aviva.co.uk/wealth/FundChoice/SelfSelectFundsList/FundDetails/BRGT6X4/SelfSelectFund
315,Aviva Insured Funds Universal 2077 Retirement S14,,https://www.direct.aviva.co.uk/wealth/FundChoice/SelfSelectFundsList/FundDetails/BRGT731/SelfSelectFund
321,Aviva Insured Funds Universal Retirement S14,,https://www.direct.aviva.co.uk/wealth/FundChoice/SelfSelectFundsList/FundDetails/BRDCMJ4/SelfSelectFund
327,Aviva Investors Global High Yield Bond Fund Class Rmh Income,,https://www.direct.aviva.co.uk/wealth/FundChoice/SelfSelectFundsList/FundDetails/BPDX1H4/SelfSelectFund
333,Aviva Investors ReturnPlus Fund Class Ryh Accumulation,,https://www.direct.aviva.co.uk/wealth/FundChoice/SelfSelectFundsList/FundDetails/BSHQLL4/SelfSelectFund
339,Aviva Investors UK Funds Global Equity Income Class 2 Accumulation,,https://www.direct.aviva.co.uk/wealth/FundChoice/SelfSelectFundsList/FundDetails/3044209/SelfSelectFund
345,Aviva Investors UK Funds Multi-Asset Core II Class 2 Accumulation,,https://www.direct.aviva.co.uk/wealth/FundChoice/SelfSelectFundsList/FundDetails/BMGWH13/SelfSelectFund
351,Aviva Investors UK Funds Multi-Manager 20-60% Shares Class 2 Accumulation,,https://www.direct.aviva.co.uk/wealth/FundChoice/SelfSelectFundsList/FundDetails/B1N94W0/SelfSelectFund
357,Aviva Investors UK Funds Multi-asset Plus Fund I Class 9 Accumulation,,https://www.direct.aviva.co.uk/wealth/FundChoice/SelfSelectFundsList/FundDetails/BVRZFZ4/SelfSelectFund
363,Aviva Investors UK Funds Multi-asset Stewardship Fund II Class 9 Accumulation,,https://www.direct.aviva.co.uk/wealth/FundChoice/SelfSelectFundsList/FundDetails/BPG9JD1/SelfSelectFund
369,Aviva Investors UK Funds UK Index Tracking Class 2 Income,,https://www.direct.aviva.co.uk/wealth/FundChoice/SelfSelectFundsList/FundDetails/B8XCGM2/SelfSelectFund
375,BNP Paribas Asset Management AXA Carbon Transition Sterling Buy and Maintain Credit Class Z Gross Accumulation,,https://www.direct.aviva.co.uk/wealth/FundChoice/SelfSelectFundsList/FundDetails/B7VXY26/SelfSelectFund
381,BNP Paribas Asset Management AXA Ethical Distribution Class Z Income,,https://www.direct.aviva.co.uk/wealth/FundChoice/SelfSelectFundsList/FundDetails/B3FKKK5/SelfSelectFund
387,BNP Paribas Asset Management AXA Framlington Global Technology Class Z Income,,https://www.direct.aviva.co.uk/wealth/FundChoice/SelfSelectFundsList/FundDetails/B5MQXC3/SelfSelectFund
393,BNP Paribas Asset Management AXA Framlington Japan Class Z Income,,https://www.direct.aviva.co.uk/wealth/FundChoice/SelfSelectFundsList/FundDetails/BRJZVR8/SelfSelectFund
399,BNP Paribas Asset Management AXA Framlington UK Select Opportunities Class Z Income,,https://www.direct.aviva.co.uk/wealth/FundChoice/SelfSelectFundsList/FundDetails/B7MQVP6/SelfSelectFund
405,BNP Paribas Asset Management AXA Framlington UK Sustainable Equity Class Z Income,,https://www.direct.aviva.co.uk/wealth/FundChoice/SelfSelectFundsList/FundDetails/B55S4R8/SelfSelectFund
411,BNP Paribas Asset Management AXA Global Short Duration Bond Class Z Income,,https://www.direct.aviva.co.uk/wealth/FundChoice/SelfSelectFundsList/FundDetails/BDFZQW4/SelfSelectFund
417,BNP Paribas Asset Management AXA Green Short Duration Class Z Income,,https://www.direct.aviva.co.uk/wealth/FundChoice/SelfSelectFundsList/FundDetails/BNNDLH0/SelfSelectFund
423,BNP Paribas Asset Management AXA Sterling Credit Short Duration Bond Class Z Gross Income,,https://www.direct.aviva.co.uk/wealth/FundChoice/SelfSelectFundsList/FundDetails/B5VL0B7/SelfSelectFund
429,BNP Paribas Asset Management AXA US Short Duration High Yield Class Z Gross Income,,https://www.direct.aviva.co.uk/wealth/FundChoice/SelfSelectFundsList/FundDetails/B5TX5Q5/SelfSelectFund
435,BNY Mellon Asian Income (GB) Class W Income,,https://www.direct.aviva.co.uk/wealth/FundChoice/SelfSelectFundsList/FundDetails/B8KPW26/SelfSelectFund
441,BNY Mellon Efficient US High Yield Beta (IE) Class W Accumulation,,https://www.direct.aviva.co.uk/wealth/FundChoice/SelfSelectFundsList/FundDetails/BYZ8Y26/SelfSelectFund
447,BNY Mellon European Opportunities (Responsible) (GB) Class W Accumulation,,https://www.direct.aviva.co.uk/wealth/FundChoice/SelfSelectFundsList/FundDetails/B4Q5KM8/SelfSelectFund
453,BNY Mellon FutureLegacy 5 (GB) Class W Accumulation,,https://www.direct.aviva.co.uk/wealth/FundChoice/SelfSelectFundsList/FundDetails/BQH88S2/SelfSelectFund
459,BNY Mellon Gilt (GB) Institutional Shares W Accumulation,,https://www.direct.aviva.co.uk/wealth/FundChoice/SelfSelectFundsList/FundDetails/BR3YW90/SelfSelectFund
465,BNY Mellon Global Dynamic Bond (GB) Class W Income,,https://www.direct.aviva.co.uk/wealth/FundChoice/SelfSelectFundsList/FundDetails/B801BG1/SelfSelectFund
471,BNY Mellon Global Equity (GB) Class W Income,,https://www.direct.aviva.co.uk/wealth/FundChoice/SelfSelectFundsList/FundDetails/B53Q5S2/SelfSelectFund
477,BNY Mellon Global Income (GB) Class W Income,,https://www.direct.aviva.co.uk/wealth/FundChoice/SelfSelectFundsList/FundDetails/B8BQG48/SelfSelectFund
483,BNY Mellon Global Real Return (GBP) (IE) Class W Accumulation,,https://www.direct.aviva.co.uk/wealth/FundChoice/SelfSelectFundsList/FundDetails/B8YWCK1/SelfSelectFund
489,BNY Mellon International Bond (GB) Class W Accumulation,,https://www.direct.aviva.co.uk/wealth/FundChoice/SelfSelectFundsList/FundDetails/B8BYHS3/SelfSelectFund
495,BNY Mellon Multi-Asset Balanced (GB) Class W Income,,https://www.direct.aviva.co.uk/wealth/FundChoice/SelfSelectFundsList/FundDetails/B7LB0P5/SelfSelectFund
501,BNY Mellon Multi-Asset Growth (GB) Class W Income,,https://www.direct.aviva.co.uk/wealth/FundChoice/SelfSelectFundsList/FundDetails/B87BSD0/SelfSelectFund
507,BNY Mellon Real Return (GB) Class W Income,,https://www.direct.aviva.co.uk/wealth/FundChoice/SelfSelectFundsList/FundDetails/B7W3652/SelfSelectFund
513,BNY Mellon Strategic Bond Fund (GB) Class W Income,,https://www.direct.aviva.co.uk/wealth/FundChoice/SelfSelectFundsList/FundDetails/BMD5339/SelfSelectFund
519,BNY Mellon UK Opportunities (Responsible) (GB) Class W Income,,https://www.direct.aviva.co.uk/wealth/FundChoice/SelfSelectFundsList/FundDetails/B7RLX83/SelfSelectFund
525,Baillie Gifford American Class B Income,,https://www.direct.aviva.co.uk/wealth/FundChoice/SelfSelectFundsList/FundDetails/0606185/SelfSelectFund
531,Baillie Gifford Emerging Markets Growth Class B Income,,https://www.direct.aviva.co.uk/wealth/FundChoice/SelfSelectFundsList/FundDetails/0602053/SelfSelectFund
537,Baillie Gifford European Class B Income,,https://www.direct.aviva.co.uk/wealth/FundChoice/SelfSelectFundsList/FundDetails/0605739/SelfSelectFund
543,Baillie Gifford Global Income Growth Class B Income,,https://www.direct.aviva.co.uk/wealth/FundChoice/SelfSelectFundsList/FundDetails/0577258/SelfSelectFund
549,Baillie Gifford Japanese Class B Accumulation,,https://www.direct.aviva.co.uk/wealth/FundChoice/SelfSelectFundsList/FundDetails/0601113/SelfSelectFund
555,Baillie Gifford Long Term Global Growth Investment Class B Accumulation,,https://www.direct.aviva.co.uk/wealth/FundChoice/SelfSelectFundsList/FundDetails/BD5Z0Z5/SelfSelectFund
561,Baillie Gifford Pacific Class B Income,,https://www.direct.aviva.co.uk/wealth/FundChoice/SelfSelectFundsList/FundDetails/0606334/SelfSelectFund
567,Baillie Gifford Strategic Bond Class B Income,,https://www.direct.aviva.co.uk/wealth/FundChoice/SelfSelectFundsList/FundDetails/0594774/SelfSelectFund
573,Barings Fund Managers Limited Eastern Trust Class I Income,,https://www.direct.aviva.co.uk/wealth/FundChoice/SelfSelectFundsList/FundDetails/B85JKH4/SelfSelectFund
579,Barings Fund Managers Limited German Growth Trust Class I Income,,https://www.direct.aviva.co.uk/wealth/FundChoice/SelfSelectFundsList/FundDetails/B8DDY87/SelfSelectFund
585,Barings International Ireland Ltd Australia Class I Accumulation,,https://www.direct.aviva.co.uk/wealth/FundChoice/SelfSelectFundsList/FundDetails/B3YQ8T9/SelfSelectFund
591,Barings International Ireland Ltd Emerging Markets Local Debt Tranche C Accumulation,,https://www.direct.aviva.co.uk/wealth/FundChoice/SelfSelectFundsList/FundDetails/BKZGL43/SelfSelectFund
597,Barings International Ireland Ltd Global High Yield Bond Class I Accumulation,,https://www.direct.aviva.co.uk/wealth/FundChoice/SelfSelectFundsList/FundDetails/B7M65Z4/SelfSelectFund
603,Barwon Investment Partners PTY Ltd Pareturn Barwon Listed Private Equity Founder G - B Accumulation,,https://www.direct.aviva.co.uk/wealth/FundChoice/SelfSelectFundsList/FundDetails/0889740/SelfSelectFund
609,BlackRock (Dublin) iShares Developed Real Estate Index Class D Income,,https://www.direct.aviva.co.uk/wealth/FundChoice/SelfSelectFundsList/FundDetails/BFWVNS4/SelfSelectFund
615,BlackRock (Dublin) iShares Emerging Markets Index Inst Income,,https://www.direct.aviva.co.uk/wealth/FundChoice/SelfSelectFundsList/FundDetails/B3D07L7/SelfSelectFund
621,BlackRock (Dublin) iShares Screened Global Corporate Bond Index Class D Hedged Income,,https://www.direct.aviva.co.uk/wealth/FundChoice/SelfSelectFundsList/FundDetails/BJN4RF5/SelfSelectFund
627,BlackRock (Lux) BGF Asian Growth Leaders Class D2 Accumulation,,https://www.direct.aviva.co.uk/wealth/FundChoice/SelfSelectFundsList/FundDetails/BP25SS1/SelfSelectFund
633,BlackRock (Lux) BGF Emerging Europe Class D2 Hedged Accumulation,,https://www.direct.aviva.co.uk/wealth/FundChoice/SelfSelectFundsList/FundDetails/B76QGY6/SelfSelectFund
639,BlackRock (Lux) BGF Emerging Markets Local Currency Bond Class D2 Hedged Accumulation,,https://www.direct.aviva.co.uk/wealth/FundChoice/SelfSelectFundsList/FundDetails/B3W47C1/SelfSelectFund
645,BlackRock (Lux) BGF European Value Class D4 Income,,https://www.direct.aviva.co.uk/wealth/FundChoice/SelfSelectFundsList/FundDetails/B7T4QJ2/SelfSelectFund
651,BlackRock (Lux) BGF Global High Yield Bond Class D2 Hedged Accumulation,,https://www.direct.aviva.co.uk/wealth/FundChoice/SelfSelectFundsList/FundDetails/B3BDFC5/SelfSelectFund
657,BlackRock (Lux) BGF Latin American Class D4 Income,,https://www.direct.aviva.co.uk/wealth/FundChoice/SelfSelectFundsList/FundDetails/B7L9RK3/SelfSelectFund
663,BlackRock (Lux) BGF US Flexible Equity Class D4 Income,,https://www.direct.aviva.co.uk/wealth/FundChoice/SelfSelectFundsList/FundDetails/B8HJC87/SelfSelectFund
669,BlackRock (Lux) BGF World Mining Class D2 Hedged Accumulation,,https://www.direct.aviva.co.uk/wealth/FundChoice/SelfSelectFundsList/FundDetails/B82XP07/SelfSelectFund
675,BlackRock (Lux) BSF Emerging Markets Flexi Dynamic Bond Class D4 Hedged Income,,https://www.direct.aviva.co.uk/wealth/FundChoice/SelfSelectFundsList/FundDetails/BP84020/SelfSelectFund
681,BlackRock (Lux) BSF Managed Index Portfolio Growth Class D2 Hedged Accumulation,,https://www.direct.aviva.co.uk/wealth/FundChoice/SelfSelectFundsList/FundDetails/BWGC6T4/SelfSelectFund
687,BlackRock Asia Class D Accumulation,,https://www.direct.aviva.co.uk/wealth/FundChoice/SelfSelectFundsList/FundDetails/B7VS8S5/SelfSelectFund
693,BlackRock BlackRock iShares Up to 10 Years Index Linked Gilt Index D Acc Income,,https://www.direct.aviva.co.uk/wealth/FundChoice/SelfSelectFundsList/FundDetails/BN091H1/SelfSelectFund
699,BlackRock Consensus 70 Class D Acc Accumulation,,https://www.direct.aviva.co.uk/wealth/FundChoice/SelfSelectFundsList/FundDetails/B86MM21/SelfSelectFund
705,BlackRock Continental European Income Class D Hedged Income,,https://www.direct.aviva.co.uk/wealth/FundChoice/SelfSelectFundsList/FundDetails/BWG07G2/SelfSelectFund
711,BlackRock Developed Markets Sustainable Equity Class D Income,,https://www.direct.aviva.co.uk/wealth/FundChoice/SelfSelectFundsList/FundDetails/B8DDP95/SelfSelectFund
717,BlackRock Emerging Markets Class D Income,,https://www.direct.aviva.co.uk/wealth/FundChoice/SelfSelectFundsList/FundDetails/B88T662/SelfSelectFund
723,BlackRock Global Equity NURS II Class D Accumulation,,https://www.direct.aviva.co.uk/wealth/FundChoice/SelfSelectFundsList/FundDetails/B8BTNJ1/SelfSelectFund
729,BlackRock Institutional Cash Series ICS Sterling Government Liquidity Premier Accumulation,,https://www.direct.aviva.co.uk/wealth/FundChoice/SelfSelectFundsList/FundDetails/B43PVC8/SelfSelectFund
735,BlackRock MyMap 3 Class D Accumulation,,https://www.direct.aviva.co.uk/wealth/FundChoice/SelfSelectFundsList/FundDetails/BFBFYB7/SelfSelectFund
741,BlackRock MyMap 5 Class D Income,,https://www.direct.aviva.co.uk/wealth/FundChoice/SelfSelectFundsList/FundDetails/BFBFYR3/SelfSelectFund
747,BlackRock Natural Resources Class D Accumulation,,https://www.direct.aviva.co.uk/wealth/FundChoice/SelfSelectFundsList/FundDetails/B6865B7/SelfSelectFund
753,BlackRock UK Class D Income,,https://www.direct.aviva.co.uk/wealth/FundChoice/SelfSelectFundsList/FundDetails/B586CB9/SelfSelectFund
759,BlackRock UK Smaller Companies Class D Income,,https://www.direct.aviva.co.uk/wealth/FundChoice/SelfSelectFundsList/FundDetails/B8BS332/SelfSelectFund
765,BlackRock US Mid-Cap Value Class D Income,,https://www.direct.aviva.co.uk/wealth/FundChoice/SelfSelectFundsList/FundDetails/B80S7M0/SelfSelectFund
771,BlackRock iShares Continental European Equity Index Class D Accumulation,,https://www.direct.aviva.co.uk/wealth/FundChoice/SelfSelectFundsList/FundDetails/B83MH18/SelfSelectFund
777,BlackRock iShares Corporate Bond Index Class H Accumulation,,https://www.direct.aviva.co.uk/wealth/FundChoice/SelfSelectFundsList/FundDetails/BJL5BV4/SelfSelectFund
783,BlackRock iShares ESG Overseas Corporate Bond Index Class D Hedged Accumulation,,https://www.direct.aviva.co.uk/wealth/FundChoice/SelfSelectFundsList/FundDetails/BN091N7/SelfSelectFund
789,BlackRock iShares Emerging Markets Equity ESG Screened and Optimised Index Class D Income,,https://www.direct.aviva.co.uk/wealth/FundChoice/SelfSelectFundsList/FundDetails/BN09041/SelfSelectFund
795,BlackRock iShares Environment and Low Carbon Tilt Real Estate Index Fund (UK) Class D Income,,https://www.direct.aviva.co.uk/wealth/FundChoice/SelfSelectFundsList/FundDetails/B848DD9/SelfSelectFund
801,BlackRock iShares Japan Equity ESG Screened and Optimised Index Class D Income,,https://www.direct.aviva.co.uk/wealth/FundChoice/SelfSelectFundsList/FundDetails/BN09085/SelfSelectFund
807,BlackRock iShares North American Equity Index Class D Accumulation,,https://www.direct.aviva.co.uk/wealth/FundChoice/SelfSelectFundsList/FundDetails/B7QK1Y3/SelfSelectFund
813,BlackRock iShares Overseas Government Bond Index Class D Accumulation,,https://www.direct.aviva.co.uk/wealth/FundChoice/SelfSelectFundsList/FundDetails/BN091P9/SelfSelectFund
819,BlackRock iShares Pacific ex Japan Equity Index Class D Income,,https://www.direct.aviva.co.uk/wealth/FundChoice/SelfSelectFundsList/FundDetails/BV49YW9/SelfSelectFund
825,BlackRock iShares UK Equity Index Class D Income,,https://www.direct.aviva.co.uk/wealth/FundChoice/SelfSelectFundsList/FundDetails/BFBFVX8/SelfSelectFund
831,BlackRock iShares US Equity ESG Screened and Optimised Index Class D Accumulation,,https://www.direct.aviva.co.uk/wealth/FundChoice/SelfSelectFundsList/FundDetails/BN090C9/SelfSelectFund
837,Blue Whale WS Blue Whale Growth Class R Income,,https://www.direct.aviva.co.uk/wealth/FundChoice/SelfSelectFundsList/FundDetails/BD6PG89/SelfSelectFund
843,Brandes Brandes European Value Fund Class I Accumulation,,https://www.direct.aviva.co.uk/wealth/FundChoice/SelfSelectFundsList/FundDetails/3157505/SelfSelectFund
849,Brickwood TM Brickwood Global Value Class R Income,,https://www.direct.aviva.co.uk/wealth/FundChoice/SelfSelectFundsList/FundDetails/BTKVYW5/SelfSelectFund
855,Brown Advisory BA Beutel Goodman US Value Fund Sterling Class SI Income,,https://www.direct.aviva.co.uk/wealth/FundChoice/SelfSelectFundsList/FundDetails/BN940M5/SelfSelectFund
861,Brown Advisory Global Sustainable Total Return Bond Fund (GBP) Sterling Class B Income,,https://www.direct.aviva.co.uk/wealth/FundChoice/SelfSelectFundsList/FundDetails/BNR5DF4/SelfSelectFund
867,Brown Advisory US Mid-Cap Growth Fund Sterling Class B Accumulation,,https://www.direct.aviva.co.uk/wealth/FundChoice/SelfSelectFundsList/FundDetails/BYW8R75/SelfSelectFund
873,Brown Advisory US Sustainable Value Fund Sterling Class B Shares Accumulation,,https://www.direct.aviva.co.uk/wealth/FundChoice/SelfSelectFundsList/FundDetails/BRBYJK2/SelfSelectFund
879,CG Asset Management Dollar Class D Income,,https://www.direct.aviva.co.uk/wealth/FundChoice/SelfSelectFundsList/FundDetails/B41GP76/SelfSelectFund
885,CT (LUX) SDG Engagement Global Equity R Income,,https://www.direct.aviva.co.uk/wealth/FundChoice/SelfSelectFundsList/FundDetails/BJLWDY2/SelfSelectFund
891,CT (Lux) Global Corporate Bond Class NGC Accumulation,,https://www.direct.aviva.co.uk/wealth/FundChoice/SelfSelectFundsList/FundDetails/BDFBMM4/SelfSelectFund
897,CT (Lux) US Disciplined Core Equities Class NG Accumulation,,https://www.direct.aviva.co.uk/wealth/FundChoice/SelfSelectFundsList/FundDetails/BL5MKH4/SelfSelectFund
903,CT American Smaller Companies Class Z Income,,https://www.direct.aviva.co.uk/wealth/FundChoice/SelfSelectFundsList/FundDetails/B88YT35/SelfSelectFund
909,CT CT Multi-Manager Universal Defensive B Accumulation,,https://www.direct.aviva.co.uk/wealth/FundChoice/SelfSelectFundsList/FundDetails/BG5GMB9/SelfSelectFund
915,CT Dynamic Real Return Class S Accumulation,,https://www.direct.aviva.co.uk/wealth/FundChoice/SelfSelectFundsList/FundDetails/BWWC6P4/SelfSelectFund
921,CT European Class Z Accumulation,,https://www.direct.aviva.co.uk/wealth/FundChoice/SelfSelectFundsList/FundDetails/B8C2LS4/SelfSelectFund
927,CT FTSE All-Share Tracker 2 Income,,https://www.direct.aviva.co.uk/wealth/FundChoice/SelfSelectFundsList/FundDetails/0846464/SelfSelectFund
933,CT Global Equity-Linked UK Inflation 3 Accumulation,,https://www.direct.aviva.co.uk/wealth/FundChoice/SelfSelectFundsList/FundDetails/B4NVY38/SelfSelectFund
939,CT Global Select Class Z Accumulation,,https://www.direct.aviva.co.uk/wealth/FundChoice/SelfSelectFundsList/FundDetails/B8C2TM4/SelfSelectFund
945,CT High Yield Bond Class Z (Gross) Income,,https://www.direct.aviva.co.uk/wealth/FundChoice/SelfSelectFundsList/FundDetails/B99MVQ2/SelfSelectFund
951,CT MM Navigator Distribution C Income,,https://www.direct.aviva.co.uk/wealth/FundChoice/SelfSelectFundsList/FundDetails/B80KZH7/SelfSelectFund
957,CT Managed Equity & Bond Class 2 Accumulation,,https://www.direct.aviva.co.uk/wealth/FundChoice/SelfSelectFundsList/FundDetails/BMGRVX8/SelfSelectFund
963,CT Managed Equity Focused Class 2 Accumulation,,https://www.direct.aviva.co.uk/wealth/FundChoice/SelfSelectFundsList/FundDetails/BMGRW13/SelfSelectFund
969,CT Monthly Extra Income Class Z Accumulation,,https://www.direct.aviva.co.uk/wealth/FundChoice/SelfSelectFundsList/FundDetails/BP8S624/SelfSelectFund
975,CT Property Growth & Income I Accumulation,,https://www.direct.aviva.co.uk/wealth/FundChoice/SelfSelectFundsList/FundDetails/BQWJ868/SelfSelectFund
981,CT Responsible UK Equity 2 Accumulation,,https://www.direct.aviva.co.uk/wealth/FundChoice/SelfSelectFundsList/FundDetails/3339648/SelfSelectFund
987,CT Sterling Bond Class Z Accumulation,,https://www.direct.aviva.co.uk/wealth/FundChoice/SelfSelectFundsList/FundDetails/B836MP9/SelfSelectFund
993,CT Sterling Short Dated Corporate Bond I Accumulation,,https://www.direct.aviva.co.uk/wealth/FundChoice/SelfSelectFundsList/FundDetails/BYQFJT8/SelfSelectFund
999,CT Sustainable Opportunities Global Equity C Accumulation,,https://www.direct.aviva.co.uk/wealth/FundChoice/SelfSelectFundsList/FundDetails/BYZ62V5/SelfSelectFund
1005,CT UK Class Z Accumulation,,https://www.direct.aviva.co.uk/wealth/FundChoice/SelfSelectFundsList/FundDetails/B84PM55/SelfSelectFund
1011,CT UK Equity Alpha Income Class Z Income,,https://www.direct.aviva.co.uk/wealth/FundChoice/SelfSelectFundsList/FundDetails/B88P6D7/SelfSelectFund
1017,CT UK Institutional Class 2 Accumulation,,https://www.direct.aviva.co.uk/wealth/FundChoice/SelfSelectFundsList/FundDetails/0145161/SelfSelectFund
1023,CT UK Property Authorised Trust Class I Income,,https://www.direct.aviva.co.uk/wealth/FundChoice/SelfSelectFundsList/FundDetails/BQ3G0Z1/SelfSelectFund
1029,CT UK Social Bond Class Z GROSS Income,,https://www.direct.aviva.co.uk/wealth/FundChoice/SelfSelectFundsList/FundDetails/BF233B3/SelfSelectFund
1035,CT US Equity Income Class Z Income,,https://www.direct.aviva.co.uk/wealth/FundChoice/SelfSelectFundsList/FundDetails/BZ563P3/SelfSelectFund
1041,CT Universal MAP Defensive C Accumulation,,https://www.direct.aviva.co.uk/wealth/FundChoice/SelfSelectFundsList/FundDetails/BK5Z9D5/SelfSelectFund
1047,Calamos Global Convertible Class Z Income,,https://www.direct.aviva.co.uk/wealth/FundChoice/SelfSelectFundsList/FundDetails/BKRVJG4/SelfSelectFund
1053,Candriam Candriam Absolute Return Equity Market Neutral Class R (Hedged) Accumulation,,https://www.direct.aviva.co.uk/wealth/FundChoice/SelfSelectFundsList/FundDetails/BRBVWS2/SelfSelectFund
1059,Candriam Candriam Bonds Global High Yield Class R (Q) - Hedged Income,,https://www.direct.aviva.co.uk/wealth/FundChoice/SelfSelectFundsList/FundDetails/BD041Q5/SelfSelectFund
1065,Candriam Candriam Equities L Robotics & Innovative Technology Class R - Hedged Accumulation,,https://www.direct.aviva.co.uk/wealth/FundChoice/SelfSelectFundsList/FundDetails/BF3NN89/SelfSelectFund
1071,Candriam Candriam Sustainable Equity World Class R - Unhedged Accumulation,,https://www.direct.aviva.co.uk/wealth/FundChoice/SelfSelectFundsList/FundDetails/BYXZ225/SelfSelectFund
1077,Capital Group Emerging Markets Local Currency Debt (LUX) Class Z Accumulation,,https://www.direct.aviva.co.uk/wealth/FundChoice/SelfSelectFundsList/FundDetails/B9LYYV2/SelfSelectFund
1083,Capital Group Emerging Markets Total Opportunities (LUX) Class Zgdh-GBP Income,,https://www.direct.aviva.co.uk/wealth/FundChoice/SelfSelectFundsList/FundDetails/B894L49/SelfSelectFund
1089,Capital Group European Core Equity Fund (LUX) Class Zgdh-GBP Income,,https://www.direct.aviva.co.uk/wealth/FundChoice/SelfSelectFundsList/FundDetails/BWV0S64/SelfSelectFund
1095,Capital Group Global Corporate Bond (LUX) Class Z Accumulation,,https://www.direct.aviva.co.uk/wealth/FundChoice/SelfSelectFundsList/FundDetails/BDRX2X9/SelfSelectFund
1101,Capital Group Global High Income Opportunities (LUX) Class Zd Income,,https://www.direct.aviva.co.uk/wealth/FundChoice/SelfSelectFundsList/FundDetails/B7VH3C1/SelfSelectFund
1107,Capital Group Global High Income Opportunities Class P Hedged Accumulation,,https://www.direct.aviva.co.uk/wealth/FundChoice/SelfSelectFundsList/FundDetails/BPCJ6B2/SelfSelectFund
1113,Capital Group Investment Company of America (LUX) Class Zgd Income,,https://www.direct.aviva.co.uk/wealth/FundChoice/SelfSelectFundsList/FundDetails/BD2MW86/SelfSelectFund
1119,Capital Group Japan Equity (LUX) Class Zh-GBP Accumulation,,https://www.direct.aviva.co.uk/wealth/FundChoice/SelfSelectFundsList/FundDetails/BBH7W71/SelfSelectFund
1125,Capital Group New Perspective Fund (UK) Class P Inc GBP Income,,https://www.direct.aviva.co.uk/wealth/FundChoice/SelfSelectFundsList/FundDetails/BS3F740/SelfSelectFund
1131,Capital Group US High Yield Fund (LUX) Class Zgd Income,,https://www.direct.aviva.co.uk/wealth/FundChoice/SelfSelectFundsList/FundDetails/BF0L2Z6/SelfSelectFund
1137,Carmignac Carmignac Portfolio Global Bond Class FW GBP Acc Hdg Accumulation,,https://www.direct.aviva.co.uk/wealth/FundChoice/SelfSelectFundsList/FundDetails/B46K5H3/SelfSelectFund
1143,Carne Global Fund Managers CG AJ Bell Balanced Class I Accumulation,,https://www.direct.aviva.co.uk/wealth/FundChoice/SelfSelectFundsList/FundDetails/BYW8RX1/SelfSelectFund
1149,Carne Global Fund Managers CG AJ Bell Income Class I Income,,https://www.direct.aviva.co.uk/wealth/FundChoice/SelfSelectFundsList/FundDetails/BH3W755/SelfSelectFund
1155,Carne Global Fund Managers CG Morningstar Multi Asset 20 Fund Class A Accumulation,,https://www.direct.aviva.co.uk/wealth/FundChoice/SelfSelectFundsList/FundDetails/BMXV7R9/SelfSelectFund
1161,Castlefield TM Castlefield Thoughtful Cautious Portfolio Fund G Income,,https://www.direct.aviva.co.uk/wealth/FundChoice/SelfSelectFundsList/FundDetails/BM97MN2/SelfSelectFund
1167,Cerno Capital TM Cerno Global Leaders Class A Income,,https://www.direct.aviva.co.uk/wealth/FundChoice/SelfSelectFundsList/FundDetails/BF00QJ5/SelfSelectFund
1173,Chikara Chikara Indian Subcontinent Class I GBP Accumulation,,https://www.direct.aviva.co.uk/wealth/FundChoice/SelfSelectFundsList/FundDetails/BG7PPG0/SelfSelectFund
1179,Cohen & Steers Cohen & Steers SICAV Diversified Real Assets Class W Accumulation,,https://www.direct.aviva.co.uk/wealth/FundChoice/SelfSelectFundsList/FundDetails/BN7DVM1/SelfSelectFund
1185,Cohen & Steers Cohen & Steers SICAV Preferred Income Class W GBP (Hedged) Accumulation,,https://www.direct.aviva.co.uk/wealth/FundChoice/SelfSelectFundsList/FundDetails/BMWPPZ6/SelfSelectFund
1191,Colchester Global Investors The Colchester Global Real Return Bond Fund Class I Unhedged Accumulation,,https://www.direct.aviva.co.uk/wealth/FundChoice/SelfSelectFundsList/FundDetails/BQZJ122/SelfSelectFund
1197,Comgest Comgest Growth Emerging Markets GBP I Acc Class Accumulation,,https://www.direct.aviva.co.uk/wealth/FundChoice/SelfSelectFundsList/FundDetails/B40MC74/SelfSelectFund
1203,Comgest Comgest Growth Europe Ex UK GBP U Acc Class Accumulation,,https://www.direct.aviva.co.uk/wealth/FundChoice/SelfSelectFundsList/FundDetails/BQ1YBN2/SelfSelectFund
1209,Comgest Comgest Growth Japan GBP I Acc Class Accumulation,,https://www.direct.aviva.co.uk/wealth/FundChoice/SelfSelectFundsList/FundDetails/BYYLQ19/SelfSelectFund
1215,Courtiers Total Return Growth Accumulation,,https://www.direct.aviva.co.uk/wealth/FundChoice/SelfSelectFundsList/FundDetails/B1P2K85/SelfSelectFund
1221,DMS DMS Stirling House Dynamic Fund Class R Accumulation,,https://www.direct.aviva.co.uk/wealth/FundChoice/SelfSelectFundsList/FundDetails/B99R189/SelfSelectFund
1227,Dimensional Global Core Equity GBP Accumulation Shares Accumulation,,https://www.direct.aviva.co.uk/wealth/FundChoice/SelfSelectFundsList/FundDetails/B2PC048/SelfSelectFund
1233,Dimensional International Core Equity GBP Accumulation Shares Accumulation,,https://www.direct.aviva.co.uk/wealth/FundChoice/SelfSelectFundsList/FundDetails/B23YLH6/SelfSelectFund
1239,Dimensional World Allocation 80/20 GBP Accumulation Shares Accumulation,,https://www.direct.aviva.co.uk/wealth/FundChoice/SelfSelectFundsList/FundDetails/BYTYV18/SelfSelectFund
1245,Dodge & Cox Worldwide Funds Plc Dodge & Cox Worldwide Funds plc - Global Stock Fund GBP Accumulating Class Accumulation,,https://www.direct.aviva.co.uk/wealth/FundChoice/SelfSelectFundsList/FundDetails/B54J687/SelfSelectFund
1251,Dowgate Wealth Limited SVS Dowgate Cape Wrath Focus Class A Accumulation,,https://www.direct.aviva.co.uk/wealth/FundChoice/SelfSelectFundsList/FundDetails/BYQLQR3/SelfSelectFund
1257,EPFL MM Global Investment Class B Income,,https://www.direct.aviva.co.uk/wealth/FundChoice/SelfSelectFundsList/FundDetails/B89C3K3/SelfSelectFund
1263,EPFL SVS Brooks Macdonald Blueprint Defensive Income A Income,,https://www.direct.aviva.co.uk/wealth/FundChoice/SelfSelectFundsList/FundDetails/B054QL9/SelfSelectFund
1269,EPFL SVS Cornelian Defensive Class D Accumulation,,https://www.direct.aviva.co.uk/wealth/FundChoice/SelfSelectFundsList/FundDetails/B5N17T2/SelfSelectFund
1275,EPFL SVS Cornelian Growth RMP Class G Accumulation,,https://www.direct.aviva.co.uk/wealth/FundChoice/SelfSelectFundsList/FundDetails/BD73046/SelfSelectFund
1281,EPFL SVS Cornelian Managed Income Class D Accumulation,,https://www.direct.aviva.co.uk/wealth/FundChoice/SelfSelectFundsList/FundDetails/BVL87L9/SelfSelectFund
1287,EPFL SVS Landseer European Equity Fund Class B Income,,https://www.direct.aviva.co.uk/wealth/FundChoice/SelfSelectFundsList/FundDetails/B4LLXV1/SelfSelectFund
1293,EPFL SVS RM Infrastructure Bond Class F Accumulation,,https://www.direct.aviva.co.uk/wealth/FundChoice/SelfSelectFundsList/FundDetails/BR103F3/SelfSelectFund
1299,EPFL SVS Saltus Growth Assets Class Y Income,,https://www.direct.aviva.co.uk/wealth/FundChoice/SelfSelectFundsList/FundDetails/BS6WVY6/SelfSelectFund
1305,EPFL SVS Saltus Wealth Class X Income,,https://www.direct.aviva.co.uk/wealth/FundChoice/SelfSelectFundsList/FundDetails/B6RYXB8/SelfSelectFund
1311,EdenTree Green Infrastructure Class I Accumulation,,https://www.direct.aviva.co.uk/wealth/FundChoice/SelfSelectFundsList/FundDetails/BQMRSF1/SelfSelectFund
1317,EdenTree Sustainable Managed Income Class B Income,,https://www.direct.aviva.co.uk/wealth/FundChoice/SelfSelectFundsList/FundDetails/0944971/SelfSelectFund
1323,Evelyn Balanced Portfolio Clean Accumulation,,https://www.direct.aviva.co.uk/wealth/FundChoice/SelfSelectFundsList/FundDetails/BFY1NH1/SelfSelectFund
1329,Evelyn Defensive Growth Class K Income,,https://www.direct.aviva.co.uk/wealth/FundChoice/SelfSelectFundsList/FundDetails/BN48KQ6/SelfSelectFund
1335,Evelyn Horizon Adventurous Portfolio Clean Income,,https://www.direct.aviva.co.uk/wealth/FundChoice/SelfSelectFundsList/FundDetails/BMYX406/SelfSelectFund
1341,Evelyn Income Portfolio Clean Income,,https://www.direct.aviva.co.uk/wealth/FundChoice/SelfSelectFundsList/FundDetails/BFY1N37/SelfSelectFund
1347,Evelyn Multi Asset Balanced Clean GBP Income,,https://www.direct.aviva.co.uk/wealth/FundChoice/SelfSelectFundsList/FundDetails/BP6T889/SelfSelectFund
1353,FP Apollo Multi Asset Adventurous Class F Accumulation,,https://www.direct.aviva.co.uk/wealth/FundChoice/SelfSelectFundsList/FundDetails/B67BB37/SelfSelectFund
1359,FP Carmignac FP Carmignac Global Bond Class A Accumulation,,https://www.direct.aviva.co.uk/wealth/FundChoice/SelfSelectFundsList/FundDetails/BJHPJ03/SelfSelectFund
1365,FP Foresight Diversified Real Assets Fund Class A Accumulation,,https://www.direct.aviva.co.uk/wealth/FundChoice/SelfSelectFundsList/FundDetails/BSSDQJ7/SelfSelectFund
1371,FP Foresight Sustainable Future Themes Fund Class A Accumulation,,https://www.direct.aviva.co.uk/wealth/FundChoice/SelfSelectFundsList/FundDetails/BMYRR76/SelfSelectFund
1377,FP Imperium Adventurous Class A Accumulation,,https://www.direct.aviva.co.uk/wealth/FundChoice/SelfSelectFundsList/FundDetails/BYQ4HR9/SelfSelectFund
1383,FP Mattioli Woods Adventurous Class B Income,,https://www.direct.aviva.co.uk/wealth/FundChoice/SelfSelectFundsList/FundDetails/BZCN8P2/SelfSelectFund
1389,FP Mattioli Woods Passive Cautious Class B Income,,https://www.direct.aviva.co.uk/wealth/FundChoice/SelfSelectFundsList/FundDetails/BNGB223/SelfSelectFund
1395,FP Russell Investments Limited International Growth Assets Class C Accumulation,,https://www.direct.aviva.co.uk/wealth/FundChoice/SelfSelectFundsList/FundDetails/B4KHXP4/SelfSelectFund
1401,FP Russell Investments Limited Multi Asset Growth Fund III Class C Accumulation,,https://www.direct.aviva.co.uk/wealth/FundChoice/SelfSelectFundsList/FundDetails/B7W5QJ2/SelfSelectFund
1407,FP Russell Investments Limited Real Assets Class C Accumulation,,https://www.direct.aviva.co.uk/wealth/FundChoice/SelfSelectFundsList/FundDetails/B4KQS12/SelfSelectFund
1413,FSSA IM All China Class B Accumulation,,https://www.direct.aviva.co.uk/wealth/FundChoice/SelfSelectFundsList/FundDetails/BZCCYN9/SelfSelectFund
1419,FSSA IM Global Emerging Markets Focus Class B Accumulation,,https://www.direct.aviva.co.uk/wealth/FundChoice/SelfSelectFundsList/FundDetails/BZCCYG2/SelfSelectFund
1425,FTGF Brandywine Global Fixed Income Class X (S) - GBP Income,,https://www.direct.aviva.co.uk/wealth/FundChoice/SelfSelectFundsList/FundDetails/B2Q3KT5/SelfSelectFund
1431,FTGF ClearBridge Infrastructure Value Class X Income,,https://www.direct.aviva.co.uk/wealth/FundChoice/SelfSelectFundsList/FundDetails/BDBBPZ2/SelfSelectFund
1437,Federated Hermes (UK) LLP Federated Hermes Sterling Cash Plus Class 3 Accumulation,,https://www.direct.aviva.co.uk/wealth/FundChoice/SelfSelectFundsList/FundDetails/B6TNT26/SelfSelectFund
1443,Federated Hermes Global Emerging Markets Equity Class F Accumulation,,https://www.direct.aviva.co.uk/wealth/FundChoice/SelfSelectFundsList/FundDetails/B3DJ5K9/SelfSelectFund
1449,Federated Hermes Global High Yield Credit Class F Accumulation,,https://www.direct.aviva.co.uk/wealth/FundChoice/SelfSelectFundsList/FundDetails/B4W7802/SelfSelectFund
1455,Federated Hermes Sustainable Global Equity Class X Accumulation,,https://www.direct.aviva.co.uk/wealth/FundChoice/SelfSelectFundsList/FundDetails/BNKVQP0/SelfSelectFund
1461,Federated Hermes Unconstrained Credit Class F Hedged Accumulation,,https://www.direct.aviva.co.uk/wealth/FundChoice/SelfSelectFundsList/FundDetails/BFB40T4/SelfSelectFund
1467,Fidelity (Offshore) FF Absolute Return Multi Strategy Class W Hedged Accumulation,,https://www.direct.aviva.co.uk/wealth/FundChoice/SelfSelectFundsList/FundDetails/BK9S4H9/SelfSelectFund
1473,Fidelity (Offshore) FF China RMB Bond Class W Accumulation,,https://www.direct.aviva.co.uk/wealth/FundChoice/SelfSelectFundsList/FundDetails/BY2Z9X6/SelfSelectFund
1479,Fidelity (Offshore) FF Emerging Markets Class W Income,,https://www.direct.aviva.co.uk/wealth/FundChoice/SelfSelectFundsList/FundDetails/BDCG040/SelfSelectFund
1485,Fidelity (Offshore) FF Global Consumer Brands Class W Accumulation,,https://www.direct.aviva.co.uk/wealth/FundChoice/SelfSelectFundsList/FundDetails/BJVDYX1/SelfSelectFund
1491,Fidelity (Offshore) FF Global Dividend W-QINCOME(G)-GBP (hedged) Income,,https://www.direct.aviva.co.uk/wealth/FundChoice/SelfSelectFundsList/FundDetails/BD8PL15/SelfSelectFund
1497,Fidelity (Offshore) FF Global Inflation-Linked Bond Class Y Hedged Income,,https://www.direct.aviva.co.uk/wealth/FundChoice/SelfSelectFundsList/FundDetails/B3DG2S7/SelfSelectFund
1503,Fidelity (Offshore) FF Pacific Class W Accumulation,,https://www.direct.aviva.co.uk/wealth/FundChoice/SelfSelectFundsList/FundDetails/BJVDZ38/SelfSelectFund
1509,Fidelity (Offshore) MSCI Europe Index Class P Hedged Accumulation,,https://www.direct.aviva.co.uk/wealth/FundChoice/SelfSelectFundsList/FundDetails/BYX5MQ9/SelfSelectFund
1515,Fidelity (Onshore) American Class W Accumulation,,https://www.direct.aviva.co.uk/wealth/FundChoice/SelfSelectFundsList/FundDetails/B8GPC42/SelfSelectFund
1521,Fidelity (Onshore) Asian Dividend Class W Accumulation,,https://www.direct.aviva.co.uk/wealth/FundChoice/SelfSelectFundsList/FundDetails/B8W5LX8/SelfSelectFund
1527,Fidelity (Onshore) Enhanced Income Class W Acc Accumulation,,https://www.direct.aviva.co.uk/wealth/FundChoice/SelfSelectFundsList/FundDetails/B7W94N4/SelfSelectFund
1533,Fidelity (Onshore) Global Dividend Class W Inc (monthly) shares Income,,https://www.direct.aviva.co.uk/wealth/FundChoice/SelfSelectFundsList/FundDetails/BYSYZL7/SelfSelectFund
1539,Fidelity (Onshore) Global High Income Bond Class W Accumulation,,https://www.direct.aviva.co.uk/wealth/FundChoice/SelfSelectFundsList/FundDetails/BFRT361/SelfSelectFund
1545,Fidelity (Onshore) Index Europe ex-UK Class P Accumulation,,https://www.direct.aviva.co.uk/wealth/FundChoice/SelfSelectFundsList/FundDetails/BHZK8B0/SelfSelectFund
1551,Fidelity (Onshore) Index Pacific Ex-Japan Class P Accumulation,,https://www.direct.aviva.co.uk/wealth/FundChoice/SelfSelectFundsList/FundDetails/BHZK8G5/SelfSelectFund
1557,Fidelity (Onshore) Index UK Gilt Class P Accumulation,,https://www.direct.aviva.co.uk/wealth/FundChoice/SelfSelectFundsList/FundDetails/BMQ57G7/SelfSelectFund
1563,Fidelity (Onshore) Index World Class P Accumulation,,https://www.direct.aviva.co.uk/wealth/FundChoice/SelfSelectFundsList/FundDetails/BJS8SJ3/SelfSelectFund
1569,Fidelity (Onshore) Long Dated Sterling Corporate Bond Class W Income,,https://www.direct.aviva.co.uk/wealth/FundChoice/SelfSelectFundsList/FundDetails/3140033/SelfSelectFund
1575,Fidelity (Onshore) Multi Asset Allocator Defensive Class W Accumulation,,https://www.direct.aviva.co.uk/wealth/FundChoice/SelfSelectFundsList/FundDetails/B8YQD22/SelfSelectFund
1581,Fidelity (Onshore) Multi Asset Income & Growth Class W Income,,https://www.direct.aviva.co.uk/wealth/FundChoice/SelfSelectFundsList/FundDetails/BFPC0C7/SelfSelectFund
1587,Fidelity (Onshore) Multi Asset Open Strategic Class W Accumulation,,https://www.direct.aviva.co.uk/wealth/FundChoice/SelfSelectFundsList/FundDetails/BC9S3B0/SelfSelectFund
1593,Fidelity (Onshore) Short Dated Corporate Bond Fund Class W Accumulation,,https://www.direct.aviva.co.uk/wealth/FundChoice/SelfSelectFundsList/FundDetails/BDCG0G2/SelfSelectFund
1599,Fidelity (Onshore) Sterling Corporate Bond Class W Income,,https://www.direct.aviva.co.uk/wealth/FundChoice/SelfSelectFundsList/FundDetails/0205162/SelfSelectFund
1605,Fidelity (Onshore) Sustainable Multi Asset Conservative Class W Accumulation,,https://www.direct.aviva.co.uk/wealth/FundChoice/SelfSelectFundsList/FundDetails/BLH2306/SelfSelectFund
1611,Fidelity (Onshore) UK Opportunities Class W Income,,https://www.direct.aviva.co.uk/wealth/FundChoice/SelfSelectFundsList/FundDetails/BH7HNZ8/SelfSelectFund
1617,Findlay Park Findlay Park American Fund Class I GBP Distribution Income,,https://www.direct.aviva.co.uk/wealth/FundChoice/SelfSelectFundsList/FundDetails/BWY58M2/SelfSelectFund
1623,First Sentier Global Listed Infrastructure Class B Hedged Accumulation,,https://www.direct.aviva.co.uk/wealth/FundChoice/SelfSelectFundsList/FundDetails/B8PLJ17/SelfSelectFund
1629,Fortem Capital Limited Alternative Growth Class A Accumulation,,https://www.direct.aviva.co.uk/wealth/FundChoice/SelfSelectFundsList/FundDetails/BJ116W8/SelfSelectFund
1635,Fortem Capital Limited US Equity Income Class F Hedged Income,,https://www.direct.aviva.co.uk/wealth/FundChoice/SelfSelectFundsList/FundDetails/BMC2RM8/SelfSelectFund
1641,Franklin Templeton (Lux) Templeton Emerging Markets Smaller Companies Class W Accumulation,,https://www.direct.aviva.co.uk/wealth/FundChoice/SelfSelectFundsList/FundDetails/B7XNSW2/SelfSelectFund
1647,Franklin Templeton (Lux) Templeton Global Total Return Class W-H1 (Mdis) Income,,https://www.direct.aviva.co.uk/wealth/FundChoice/SelfSelectFundsList/FundDetails/B9582M7/SelfSelectFund
1653,Franklin Templeton FTF ClearBridge Global Infrastructure Income Class W Income,,https://www.direct.aviva.co.uk/wealth/FundChoice/SelfSelectFundsList/FundDetails/BMF7D77/SelfSelectFund
1659,Franklin Templeton FTF ClearBridge UK Managers' Focus Fund Class W Income,,https://www.direct.aviva.co.uk/wealth/FundChoice/SelfSelectFundsList/FundDetails/BKTWYY8/SelfSelectFund
1665,Franklin Templeton FTF ClearBridge UK Smaller Companies Fund Class W Income,,https://www.direct.aviva.co.uk/wealth/FundChoice/SelfSelectFundsList/FundDetails/BYVDZV1/SelfSelectFund
1671,Franklin Templeton FTF Franklin Global Unconstrained Fund Class W Accumulation,,https://www.direct.aviva.co.uk/wealth/FundChoice/SelfSelectFundsList/FundDetails/BP9LKD1/SelfSelectFund
1677,Franklin Templeton FTF Templeton Global Emerging Markets Class W Accumulation,,https://www.direct.aviva.co.uk/wealth/FundChoice/SelfSelectFundsList/FundDetails/B7MZ0J0/SelfSelectFund
1683,Fulcrum Fulcrum Thematic Equity Market Neutral Class F Accumulation,,https://www.direct.aviva.co.uk/wealth/FundChoice/SelfSelectFundsList/FundDetails/BMGRBM7/SelfSelectFund
1689,Fundsmith Stewardship Class I Accumulation,,https://www.direct.aviva.co.uk/wealth/FundChoice/SelfSelectFundsList/FundDetails/BF0V6P4/SelfSelectFund
1695,GAM MI GAM Disruptive Growth Class I Accumulation,,https://www.direct.aviva.co.uk/wealth/FundChoice/SelfSelectFundsList/FundDetails/B66RBL4/SelfSelectFund
1701,GAM Star Credit Opportunities Class I Income,,https://www.direct.aviva.co.uk/wealth/FundChoice/SelfSelectFundsList/FundDetails/B54L8Q5/SelfSelectFund
1707,GAM Star European Equity Inst Accumulation,,https://www.direct.aviva.co.uk/wealth/FundChoice/SelfSelectFundsList/FundDetails/B3CTG96/SelfSelectFund
1713,GAM Star Global Rates Institutional Accumulation,,https://www.direct.aviva.co.uk/wealth/FundChoice/SelfSelectFundsList/FundDetails/B59CJW6/SelfSelectFund
1719,GAM Sustainable Emerging Equity Z Accumulation,,https://www.direct.aviva.co.uk/wealth/FundChoice/SelfSelectFundsList/FundDetails/BR0WX72/SelfSelectFund
1725,GQG Global UCITS ICAV GQG Partners Global Quality Value Class R Income,,https://www.direct.aviva.co.uk/wealth/FundChoice/SelfSelectFundsList/FundDetails/BT6NXT5/SelfSelectFund
1731,GSI GSI Global Aware Focused Value Class J Income,,https://www.direct.aviva.co.uk/wealth/FundChoice/SelfSelectFundsList/FundDetails/BLD4YP8/SelfSelectFund
1737,Goldman Sachs Asset Management Asia Equity Portfolio Class R £ Income,,https://www.direct.aviva.co.uk/wealth/FundChoice/SelfSelectFundsList/FundDetails/BYZWWL3/SelfSelectFund
1743,Goldman Sachs Asset Management Emerging Markets Debt Local Class R Income,,https://www.direct.aviva.co.uk/wealth/FundChoice/SelfSelectFundsList/FundDetails/B91KL31/SelfSelectFund
1749,Goldman Sachs Asset Management Global CORE Equity Portfolio Class R Income,,https://www.direct.aviva.co.uk/wealth/FundChoice/SelfSelectFundsList/FundDetails/BYYS450/SelfSelectFund
1755,Goldman Sachs Asset Management Global Income Bond Portfolio Class R Income,,https://www.direct.aviva.co.uk/wealth/FundChoice/SelfSelectFundsList/FundDetails/BJ354V3/SelfSelectFund
1761,Goldman Sachs Asset Management India Equity Portfolio Class R Income,,https://www.direct.aviva.co.uk/wealth/FundChoice/SelfSelectFundsList/FundDetails/B99B9F4/SelfSelectFund
1767,Goldman Sachs Asset Management Sterling Liquid Reserves Class R Income,,https://www.direct.aviva.co.uk/wealth/FundChoice/SelfSelectFundsList/FundDetails/B7Y62B7/SelfSelectFund
1773,Goldman Sachs Green Bond Short Duration Class I (Hedged i) Accumulation,,https://www.direct.aviva.co.uk/wealth/FundChoice/SelfSelectFundsList/FundDetails/BJHGN26/SelfSelectFund
1779,Goshawk Goshawk Global Fund Class C Income,,https://www.direct.aviva.co.uk/wealth/FundChoice/SelfSelectFundsList/FundDetails/BZ000Z9/SelfSelectFund
1785,Gravis Capital Gravis UK Infrastructure Income Class I Accumulation,,https://www.direct.aviva.co.uk/wealth/FundChoice/SelfSelectFundsList/FundDetails/BYVB3T9/SelfSelectFund
1791,Guinness Asian Equity Income Class Y Accumulation,,https://www.direct.aviva.co.uk/wealth/FundChoice/SelfSelectFundsList/FundDetails/BDHSRD9/SelfSelectFund
1797,Guinness European Equity Income Class Y Accumulation,,https://www.direct.aviva.co.uk/wealth/FundChoice/SelfSelectFundsList/FundDetails/BYVHVZ9/SelfSelectFund
1803,Guinness Global Money Managers Class Y Accumulation,,https://www.direct.aviva.co.uk/wealth/FundChoice/SelfSelectFundsList/FundDetails/B7MJHM4/SelfSelectFund
1809,HSBC American Index Class C Accumulation,,https://www.direct.aviva.co.uk/wealth/FundChoice/SelfSelectFundsList/FundDetails/B80QG61/SelfSelectFund
1815,HSBC Corporate Bond Class C Income,,https://www.direct.aviva.co.uk/wealth/FundChoice/SelfSelectFundsList/FundDetails/B7X4RF1/SelfSelectFund
1821,HSBC European Index Class C Income,,https://www.direct.aviva.co.uk/wealth/FundChoice/SelfSelectFundsList/FundDetails/B80QGD8/SelfSelectFund
1827,HSBC FTSE All-Share Index Class C Income,,https://www.direct.aviva.co.uk/wealth/FundChoice/SelfSelectFundsList/FundDetails/B80QFW0/SelfSelectFund
1833,HSBC Global Government Bond Index Class BDH Income,,https://www.direct.aviva.co.uk/wealth/FundChoice/SelfSelectFundsList/FundDetails/BDFD2S6/SelfSelectFund
1839,HSBC Global Responsible Multi-Asset Balanced Portfolio Class C Income,,https://www.direct.aviva.co.uk/wealth/FundChoice/SelfSelectFundsList/FundDetails/BF1H4D5/SelfSelectFund
1845,HSBC Global Responsible Multi-Asset Dynamic Portfolio Class C Income,,https://www.direct.aviva.co.uk/wealth/FundChoice/SelfSelectFundsList/FundDetails/BLKQCJ7/SelfSelectFund
1851,HSBC Global Strategy Cautious Portfolio Class C Income,,https://www.direct.aviva.co.uk/wealth/FundChoice/SelfSelectFundsList/FundDetails/B84L866/SelfSelectFund
1857,HSBC Income Class C Accumulation,,https://www.direct.aviva.co.uk/wealth/FundChoice/SelfSelectFundsList/FundDetails/B8FJ159/SelfSelectFund
1863,HSBC MSCI Emerging Markets ex China Equity Index Class C Accumulation,,https://www.direct.aviva.co.uk/wealth/FundChoice/SelfSelectFundsList/FundDetails/BT8R890/SelfSelectFund
1869,HSBC Pacific Index Class C Income,,https://www.direct.aviva.co.uk/wealth/FundChoice/SelfSelectFundsList/FundDetails/B80QGR2/SelfSelectFund
1875,HSBC UK Gilt Index Class C Accumulation,,https://www.direct.aviva.co.uk/wealth/FundChoice/SelfSelectFundsList/FundDetails/B80QG38/SelfSelectFund
1881,HSBC World Selection - Adventurous Portfolio Class C Accumulation,,https://www.direct.aviva.co.uk/wealth/FundChoice/SelfSelectFundsList/FundDetails/BQ15ZS8/SelfSelectFund
1887,HSBC World Selection - Conservative Portfolio Class C Accumulation,,https://www.direct.aviva.co.uk/wealth/FundChoice/SelfSelectFundsList/FundDetails/BQ15ZM2/SelfSelectFund
1893,HSBC World Selection - Interest Income Portfolio Class C Accumulation,,https://www.direct.aviva.co.uk/wealth/FundChoice/SelfSelectFundsList/FundDetails/B82SVC6/SelfSelectFund
1899,Handelsbanken Wealth & Asset Management Defensive MAF Class I Accumulation,,https://www.direct.aviva.co.uk/wealth/FundChoice/SelfSelectFundsList/FundDetails/B7660X3/SelfSelectFund
1905,Heriot Investment Fund Heriot Global Class A Accumulation,,https://www.direct.aviva.co.uk/wealth/FundChoice/SelfSelectFundsList/FundDetails/B99M6Y5/SelfSelectFund
1911,IFSL Arbion Balanced Opportunities Class A GBP Accumulation,,https://www.direct.aviva.co.uk/wealth/FundChoice/SelfSelectFundsList/FundDetails/BKPC925/SelfSelectFund
1917,IFSL Ascot Lloyd Fund 4 Class A Accumulation,,https://www.direct.aviva.co.uk/wealth/FundChoice/SelfSelectFundsList/FundDetails/BJXFZ21/SelfSelectFund
1923,IFSL Ascot Lloyd Fund 7 Class A Accumulation,,https://www.direct.aviva.co.uk/wealth/FundChoice/SelfSelectFundsList/FundDetails/BJXFRQ9/SelfSelectFund
1929,IFSL Blackfinch NextGen Property Securities Fund Class A Accumulation,,https://www.direct.aviva.co.uk/wealth/FundChoice/SelfSelectFundsList/FundDetails/BQ2MY03/SelfSelectFund
1935,IFSL Church House Human Capital Fund Class B Accumulation,,https://www.direct.aviva.co.uk/wealth/FundChoice/SelfSelectFundsList/FundDetails/BPXVP32/SelfSelectFund
1941,IFSL Church House UK Equity Growth Fund Class Z Accumulation,,https://www.direct.aviva.co.uk/wealth/FundChoice/SelfSelectFundsList/FundDetails/BMG70S6/SelfSelectFund
1947,IFSL Equilibrium Defensive Portfolio Class A Accumulation,,https://www.direct.aviva.co.uk/wealth/FundChoice/SelfSelectFundsList/FundDetails/BMYC715/SelfSelectFund
1953,IFSL Evenlode Evenlode Income Fund Class B Income,,https://www.direct.aviva.co.uk/wealth/FundChoice/SelfSelectFundsList/FundDetails/BD0B7D5/SelfSelectFund
1959,IFSL Marlborough Extra Income Class P Accumulation,,https://www.direct.aviva.co.uk/wealth/FundChoice/SelfSelectFundsList/FundDetails/BR54GL8/SelfSelectFund
1965,IFSL Marlborough Global Corporate Bond Class P Accumulation,,https://www.direct.aviva.co.uk/wealth/FundChoice/SelfSelectFundsList/FundDetails/BQNKW02/SelfSelectFund
1971,IFSL Marlborough Global Innovation Class P Accumulation,,https://www.direct.aviva.co.uk/wealth/FundChoice/SelfSelectFundsList/FundDetails/B830MV7/SelfSelectFund
1977,IFSL Marlborough Nano-Cap Growth Class P Accumulation,,https://www.direct.aviva.co.uk/wealth/FundChoice/SelfSelectFundsList/FundDetails/BF2ZV04/SelfSelectFund
1983,IFSL Marlborough Portfolio 5 Class P Income,,https://www.direct.aviva.co.uk/wealth/FundChoice/SelfSelectFundsList/FundDetails/BTZKK63/SelfSelectFund
1989,IFSL Marlborough UK Micro-Cap Growth Class P Accumulation,,https://www.direct.aviva.co.uk/wealth/FundChoice/SelfSelectFundsList/FundDetails/B8F8YX5/SelfSelectFund
1995,IFSL Rockhold Global Equity Class A Accumulation,,https://www.direct.aviva.co.uk/wealth/FundChoice/SelfSelectFundsList/FundDetails/BNM3D75/SelfSelectFund
2001,IFSL Titan Global Blue Chip Class B Accumulation,,https://www.direct.aviva.co.uk/wealth/FundChoice/SelfSelectFundsList/FundDetails/BZ3T3W1/SelfSelectFund
2007,IFSL Titan Mazarin Cautious Class A Accumulation,,https://www.direct.aviva.co.uk/wealth/FundChoice/SelfSelectFundsList/FundDetails/BGGJHR8/SelfSelectFund
2013,IFSL atomos Balanced Class A Accumulation,,https://www.direct.aviva.co.uk/wealth/FundChoice/SelfSelectFundsList/FundDetails/BHZ0CY1/SelfSelectFund
2019,IFSL atomos Defensive Class A Accumulation,,https://www.direct.aviva.co.uk/wealth/FundChoice/SelfSelectFundsList/FundDetails/BK8VGD9/SelfSelectFund
2025,Impax Environmental Markets plc Environmental Leaders (Ireland) Class X Accumulation,,https://www.direct.aviva.co.uk/wealth/FundChoice/SelfSelectFundsList/FundDetails/BYQNSF1/SelfSelectFund
2031,Impax Environmental Markets plc Global Equity Opportunities Class X Income,,https://www.direct.aviva.co.uk/wealth/FundChoice/SelfSelectFundsList/FundDetails/BJKWZD6/SelfSelectFund
2037,Invesco Developing Initiatives Bond Z (GBP-Hgd) Accumulation,,https://www.direct.aviva.co.uk/wealth/FundChoice/SelfSelectFundsList/FundDetails/BJF8TV5/SelfSelectFund
2043,Invesco Global Investment Grade Corporate Bond Z (GBP Hgd) Accumulation,,https://www.direct.aviva.co.uk/wealth/FundChoice/SelfSelectFundsList/FundDetails/BJF8VF3/SelfSelectFund
2049,Invesco ICVC Corporate Bond (UK) Class Z Income,,https://www.direct.aviva.co.uk/wealth/FundChoice/SelfSelectFundsList/FundDetails/B8N4509/SelfSelectFund
2055,Invesco ICVC European Equity (UK) Class Z Income,,https://www.direct.aviva.co.uk/wealth/FundChoice/SelfSelectFundsList/FundDetails/B8N44K2/SelfSelectFund
2061,Invesco ICVC Global Balanced Index (UK) (No Trail) Accumulation,,https://www.direct.aviva.co.uk/wealth/FundChoice/SelfSelectFundsList/FundDetails/B1C41W5/SelfSelectFund
2067,Invesco ICVC Global Equity (UK) Class Z Accumulation,,https://www.direct.aviva.co.uk/wealth/FundChoice/SelfSelectFundsList/FundDetails/B8N45Y3/SelfSelectFund
2073,Invesco ICVC Global Focus (UK) Class Z Accumulation,,https://www.direct.aviva.co.uk/wealth/FundChoice/SelfSelectFundsList/FundDetails/B8N4628/SelfSelectFund
2079,Invesco ICVC Global ex UK Core Equity Index (UK) Class Z Accumulation,,https://www.direct.aviva.co.uk/wealth/FundChoice/SelfSelectFundsList/FundDetails/BTZGZ33/SelfSelectFund
2085,Invesco ICVC Income & Growth (UK) Class Z Income,,https://www.direct.aviva.co.uk/wealth/FundChoice/SelfSelectFundsList/FundDetails/B8N46P1/SelfSelectFund
2091,Invesco ICVC Managed Income (UK) Class Z Income,,https://www.direct.aviva.co.uk/wealth/FundChoice/SelfSelectFundsList/FundDetails/B8N4662/SelfSelectFund
2097,Invesco ICVC Summit Growth 1 (UK) Class Z Accumulation,,https://www.direct.aviva.co.uk/wealth/FundChoice/SelfSelectFundsList/FundDetails/BYZHL11/SelfSelectFund
2103,Invesco ICVC Summit Income Fund (UK) Class Z Income,,https://www.direct.aviva.co.uk/wealth/FundChoice/SelfSelectFundsList/FundDetails/BP9QDL5/SelfSelectFund
2109,Invesco ICVC Tactical Bond (UK) Class Z Accumulation,,https://www.direct.aviva.co.uk/wealth/FundChoice/SelfSelectFundsList/FundDetails/B8N45T8/SelfSelectFund
2115,Invesco ICVC UK Equity Income (UK) Class Z Accumulation,,https://www.direct.aviva.co.uk/wealth/FundChoice/SelfSelectFundsList/FundDetails/B8N46V7/SelfSelectFund
2121,Invesco ICVC US Enhanced Index Fund (UK) Z (Acc) Accumulation,,https://www.direct.aviva.co.uk/wealth/FundChoice/SelfSelectFundsList/FundDetails/BPK4Q53/SelfSelectFund
2127,Invesco US Value Equity Z (GBP) Accumulation,,https://www.direct.aviva.co.uk/wealth/FundChoice/SelfSelectFundsList/FundDetails/BJF8VW0/SelfSelectFund
2133,J O Hambro CM (Dublin) Global Emerging Markets Opportunities Class IP Income,,https://www.direct.aviva.co.uk/wealth/FundChoice/SelfSelectFundsList/FundDetails/BYSGJY4/SelfSelectFund
2139,J O Hambro CM Global Opportunities Class I Accumulation,,https://www.direct.aviva.co.uk/wealth/FundChoice/SelfSelectFundsList/FundDetails/BJ5JMC0/SelfSelectFund
2145,J O Hambro CM UK Equity Income Class I Accumulation,,https://www.direct.aviva.co.uk/wealth/FundChoice/SelfSelectFundsList/FundDetails/B03KR50/SelfSelectFund
2151,JPMorgan Fund ICVC Asia Growth Class C Accumulation,,https://www.direct.aviva.co.uk/wealth/FundChoice/SelfSelectFundsList/FundDetails/B235GR4/SelfSelectFund
2157,JPMorgan Fund ICVC Emerging Europe Equity II Class C Accumulation,,https://www.direct.aviva.co.uk/wealth/FundChoice/SelfSelectFundsList/FundDetails/BNTD9T2/SelfSelectFund
2163,JPMorgan Fund ICVC Emerging Markets ESG Equity Class C Accumulation,,https://www.direct.aviva.co.uk/wealth/FundChoice/SelfSelectFundsList/FundDetails/BL0DTP3/SelfSelectFund
2169,JPMorgan Fund ICVC Europe (ex-UK) Research Enhanced Index Equity Class E - Net Accumulation,,https://www.direct.aviva.co.uk/wealth/FundChoice/SelfSelectFundsList/FundDetails/BKTF1F7/SelfSelectFund
2175,JPMorgan Fund ICVC Global Equity Income Class C - Net (Hedged) Accumulation,,https://www.direct.aviva.co.uk/wealth/FundChoice/SelfSelectFundsList/FundDetails/B8DB5B1/SelfSelectFund
2181,JPMorgan Fund ICVC Global High Yield Bond Class C Accumulation,,https://www.direct.aviva.co.uk/wealth/FundChoice/SelfSelectFundsList/FundDetails/B235QY1/SelfSelectFund
2187,JPMorgan Fund ICVC Global Research Enhanced Index Equity Class E - Net Accumulation,,https://www.direct.aviva.co.uk/wealth/FundChoice/SelfSelectFundsList/FundDetails/BKTDV95/SelfSelectFund
2193,JPMorgan Fund ICVC Japan Class C Hedged Accumulation,,https://www.direct.aviva.co.uk/wealth/FundChoice/SelfSelectFundsList/FundDetails/B9Z1HQ5/SelfSelectFund
2199,JPMorgan Fund ICVC Multi-Manager Growth Class C Income,,https://www.direct.aviva.co.uk/wealth/FundChoice/SelfSelectFundsList/FundDetails/B235RD7/SelfSelectFund
2205,JPMorgan Fund ICVC UK Dynamic Class C - Net Income,,https://www.direct.aviva.co.uk/wealth/FundChoice/SelfSelectFundsList/FundDetails/B6THL00/SelfSelectFund
2211,JPMorgan Fund ICVC UK Equity Growth Class C - Net Income,,https://www.direct.aviva.co.uk/wealth/FundChoice/SelfSelectFundsList/FundDetails/B3FJQH1/SelfSelectFund
2217,JPMorgan Fund ICVC US Select Class C - Net Income,,https://www.direct.aviva.co.uk/wealth/FundChoice/SelfSelectFundsList/FundDetails/B2Q5DQ9/SelfSelectFund
2223,JPMorgan Fund II ICVC Europe Smaller Companies Class C - Net Accumulation,,https://www.direct.aviva.co.uk/wealth/FundChoice/SelfSelectFundsList/FundDetails/B5SDTW0/SelfSelectFund
2229,JPMorgan Fund II ICVC UK Equity Plus Class C Accumulation,,https://www.direct.aviva.co.uk/wealth/FundChoice/SelfSelectFundsList/FundDetails/BW4Q9B1/SelfSelectFund
2235,JPMorgan Fund II ICVC US Small Cap Growth Class C - Net Accumulation,,https://www.direct.aviva.co.uk/wealth/FundChoice/SelfSelectFundsList/FundDetails/B8H99P3/SelfSelectFund
2241,JPMorgan Funds Aggregate Bond Fund (GBP Hedged) C Income,,https://www.direct.aviva.co.uk/wealth/FundChoice/SelfSelectFundsList/FundDetails/B8K6VZ5/SelfSelectFund
2247,JPMorgan Funds Emerging Markets Equity Fund C Income,,https://www.direct.aviva.co.uk/wealth/FundChoice/SelfSelectFundsList/FundDetails/B8B0HN6/SelfSelectFund
2253,JPMorgan Funds Europe Sustainable Small Cap Equity Fund C Income,,https://www.direct.aviva.co.uk/wealth/FundChoice/SelfSelectFundsList/FundDetails/BL59CY6/SelfSelectFund
2259,JPMorgan Funds Global Government Short Duration Bond Fund (GBP Hedged) C Income,,https://www.direct.aviva.co.uk/wealth/FundChoice/SelfSelectFundsList/FundDetails/B4V4QD3/SelfSelectFund
2265,JPMorgan Funds Latin America Equity Fund C Accumulation,,https://www.direct.aviva.co.uk/wealth/FundChoice/SelfSelectFundsList/FundDetails/BPLQ0Y5/SelfSelectFund
2271,JPMorgan Funds US Equity All Cap Fund C Income,,https://www.direct.aviva.co.uk/wealth/FundChoice/SelfSelectFundsList/FundDetails/BQ5BZ37/SelfSelectFund
2277,JPMorgan Investment Funds Global High Yield Bond Fund (GBP Hedged) C Income,,https://www.direct.aviva.co.uk/wealth/FundChoice/SelfSelectFundsList/FundDetails/B94QCS8/SelfSelectFund
2283,JPMorgan Investment Funds US Select Equity Fund C Income,,https://www.direct.aviva.co.uk/wealth/FundChoice/SelfSelectFundsList/FundDetails/B4T5FH5/SelfSelectFund
2289,Janus Henderson Horizon Responsible Resources Class H2 Accumulation,,https://www.direct.aviva.co.uk/wealth/FundChoice/SelfSelectFundsList/FundDetails/BRHZ103/SelfSelectFund
2295,Janus Henderson Investors Asia Pacific Capital Growth Class I Accumulation,,https://www.direct.aviva.co.uk/wealth/FundChoice/SelfSelectFundsList/FundDetails/0768160/SelfSelectFund
2301,Janus Henderson Investors Diversified Alternatives Class I Accumulation,,https://www.direct.aviva.co.uk/wealth/FundChoice/SelfSelectFundsList/FundDetails/BDZT626/SelfSelectFund
2307,Janus Henderson Investors European Selected Opportunities Class I Income,,https://www.direct.aviva.co.uk/wealth/FundChoice/SelfSelectFundsList/FundDetails/B412VB0/SelfSelectFund
2313,Janus Henderson Investors Global Equity Income Class I Income,,https://www.direct.aviva.co.uk/wealth/FundChoice/SelfSelectFundsList/FundDetails/3126389/SelfSelectFund
2319,Janus Henderson Investors Global Smaller Companies Class I Accumulation,,https://www.direct.aviva.co.uk/wealth/FundChoice/SelfSelectFundsList/FundDetails/BP47T48/SelfSelectFund
2325,Janus Henderson Investors Institutional North American Index Opportunities Class I Accumulation,,https://www.direct.aviva.co.uk/wealth/FundChoice/SelfSelectFundsList/FundDetails/B00K2Z8/SelfSelectFund
2331,Janus Henderson Investors Multi-Manager Distribution Fund Class I Income,,https://www.direct.aviva.co.uk/wealth/FundChoice/SelfSelectFundsList/FundDetails/B87K990/SelfSelectFund
2337,Janus Henderson Investors Multi-Manager Managed Class I Accumulation,,https://www.direct.aviva.co.uk/wealth/FundChoice/SelfSelectFundsList/FundDetails/B7JZZK9/SelfSelectFund
2343,Janus Henderson Investors Sustainable Future Technologies Fund Class I Income,,https://www.direct.aviva.co.uk/wealth/FundChoice/SelfSelectFundsList/FundDetails/BN7CMX6/SelfSelectFund
2349,Janus Henderson Investors UK Smaller Companies Class I Accumulation,,https://www.direct.aviva.co.uk/wealth/FundChoice/SelfSelectFundsList/FundDetails/0744762/SelfSelectFund
2355,Jupiter China Class I Income,,https://www.direct.aviva.co.uk/wealth/FundChoice/SelfSelectFundsList/FundDetails/B86PDR2/SelfSelectFund
2361,Jupiter European Class I Income,,https://www.direct.aviva.co.uk/wealth/FundChoice/SelfSelectFundsList/FundDetails/B4NVSH0/SelfSelectFund
2367,Jupiter Fund of Investment Trusts Class I Income,,https://www.direct.aviva.co.uk/wealth/FundChoice/SelfSelectFundsList/FundDetails/B8JWSG4/SelfSelectFund
2373,Jupiter Global Financial Innovation Class I Accumulation,,https://www.direct.aviva.co.uk/wealth/FundChoice/SelfSelectFundsList/FundDetails/B58D9P3/SelfSelectFund
2379,Jupiter Global Leaders Class I Income,,https://www.direct.aviva.co.uk/wealth/FundChoice/SelfSelectFundsList/FundDetails/BKPX3L5/SelfSelectFund
2385,Jupiter Global Merian Global Equity Income (IRL) Class R Accumulation,,https://www.direct.aviva.co.uk/wealth/FundChoice/SelfSelectFundsList/FundDetails/BYM83B1/SelfSelectFund
2391,Jupiter Global Origin Global Emerging Markets Fund (IRL) Class R Accumulation,,https://www.direct.aviva.co.uk/wealth/FundChoice/SelfSelectFundsList/FundDetails/B8Y1GV7/SelfSelectFund
2397,Jupiter Global Systematic Healthcare Innovation Class I Accumulation,,https://www.direct.aviva.co.uk/wealth/FundChoice/SelfSelectFundsList/FundDetails/BRBXY93/SelfSelectFund
2403,Jupiter Global Value Equity Class I Accumulation,,https://www.direct.aviva.co.uk/wealth/FundChoice/SelfSelectFundsList/FundDetails/BF5DS37/SelfSelectFund
2409,Jupiter Merian Asia Pacific Class I Accumulation,,https://www.direct.aviva.co.uk/wealth/FundChoice/SelfSelectFundsList/FundDetails/B1XG960/SelfSelectFund
2415,Jupiter Merlin Conservative Select Class I Accumulation,,https://www.direct.aviva.co.uk/wealth/FundChoice/SelfSelectFundsList/FundDetails/B8GDLS3/SelfSelectFund
2421,Jupiter Merlin Income and Growth Select Class I Accumulation,,https://www.direct.aviva.co.uk/wealth/FundChoice/SelfSelectFundsList/FundDetails/B5VQM72/SelfSelectFund
2427,Jupiter Merlin Worldwide Portfolio Class I Accumulation,,https://www.direct.aviva.co.uk/wealth/FundChoice/SelfSelectFundsList/FundDetails/B53LG95/SelfSelectFund
2433,Jupiter Responsible Income Class I Accumulation,,https://www.direct.aviva.co.uk/wealth/FundChoice/SelfSelectFundsList/FundDetails/B40TGH3/SelfSelectFund
2439,Jupiter UK Dynamic Equity Class I Accumulation,,https://www.direct.aviva.co.uk/wealth/FundChoice/SelfSelectFundsList/FundDetails/B4KL9F8/SelfSelectFund
2445,Jupiter UK Mid Cap Class I Accumulation,,https://www.direct.aviva.co.uk/wealth/FundChoice/SelfSelectFundsList/FundDetails/B1XG948/SelfSelectFund
2451,Jupiter UK Smaller Companies Class I Accumulation,,https://www.direct.aviva.co.uk/wealth/FundChoice/SelfSelectFundsList/FundDetails/B1XG959/SelfSelectFund
2457,Kennox SVS Kennox Strategic Value Class A Shares Accumulation,,https://www.direct.aviva.co.uk/wealth/FundChoice/SelfSelectFundsList/FundDetails/B9B3CY8/SelfSelectFund
2463,Keyridge Asset Management WS Keyridge Diversified Monthly Income Class C Income,,https://www.direct.aviva.co.uk/wealth/FundChoice/SelfSelectFundsList/FundDetails/BK5BDD1/SelfSelectFund
2469,Keyridge Asset Management WS Keyridge Global Equity Class C Accumulation,,https://www.direct.aviva.co.uk/wealth/FundChoice/SelfSelectFundsList/FundDetails/B78SPK9/SelfSelectFund
2475,Keyridge Asset Management WS Keyridge Portfolio IV Class C Accumulation,,https://www.direct.aviva.co.uk/wealth/FundChoice/SelfSelectFundsList/FundDetails/B976VR7/SelfSelectFund
2481,Keyridge Asset Management WS Keyridge Short Duration Corporate Bond Class C Income,,https://www.direct.aviva.co.uk/wealth/FundChoice/SelfSelectFundsList/FundDetails/BD0CNN0/SelfSelectFund
2487,Keyridge Asset Management WS Keyridge UK Equity Class C Income,,https://www.direct.aviva.co.uk/wealth/FundChoice/SelfSelectFundsList/FundDetails/BCZNXX1/SelfSelectFund
2493,Lansdowne Partners TM Lansdowne European Special Situations Fund Class I Income,,https://www.direct.aviva.co.uk/wealth/FundChoice/SelfSelectFundsList/FundDetails/BTJRPZ4/SelfSelectFund
2499,Lazard Emerging Markets Class A Accumulation,,https://www.direct.aviva.co.uk/wealth/FundChoice/SelfSelectFundsList/FundDetails/B24F1G7/SelfSelectFund
2505,Lazard Global Emerging Markets Equity Advantage Class E Accumulation,,https://www.direct.aviva.co.uk/wealth/FundChoice/SelfSelectFundsList/FundDetails/BTPGXF1/SelfSelectFund
2511,Lazard Global Global Equity Franchise Class A Accumulation,,https://www.direct.aviva.co.uk/wealth/FundChoice/SelfSelectFundsList/FundDetails/BYR8Q28/SelfSelectFund
2517,Lazard Global Global Thematic Focus Class CA Accumulation,,https://www.direct.aviva.co.uk/wealth/FundChoice/SelfSelectFundsList/FundDetails/BLDBNC9/SelfSelectFund
2523,Lazard Global Rathmore Alternative Class C Income,,https://www.direct.aviva.co.uk/wealth/FundChoice/SelfSelectFundsList/FundDetails/BKPHVW4/SelfSelectFund
2529,Lazard MultiCap UK Income Class A Income,,https://www.direct.aviva.co.uk/wealth/FundChoice/SelfSelectFundsList/FundDetails/0847025/SelfSelectFund
2535,Legal & General Active Global High Yield Bond I Accumulation,,https://www.direct.aviva.co.uk/wealth/FundChoice/SelfSelectFundsList/FundDetails/B0CNHJ4/SelfSelectFund
2541,Legal & General Active Sterling Corporate Bond Plus Fund I Accumulation,,https://www.direct.aviva.co.uk/wealth/FundChoice/SelfSelectFundsList/FundDetails/B0CNHQ1/SelfSelectFund
2547,Legal & General Asian Pacific Equity Income I Accumulation,,https://www.direct.aviva.co.uk/wealth/FundChoice/SelfSelectFundsList/FundDetails/B409KQ0/SelfSelectFund
2553,Legal & General Developed World Quality Factor Index I Accumulation,,https://www.direct.aviva.co.uk/wealth/FundChoice/SelfSelectFundsList/FundDetails/BTCJDJ7/SelfSelectFund
2559,Legal & General Emerging Markets Government Bond (US$) Index Fund I Accumulation,,https://www.direct.aviva.co.uk/wealth/FundChoice/SelfSelectFundsList/FundDetails/B7MJV33/SelfSelectFund
2565,Legal & General Future World ESG Screened and Selected Multi-Index 3 Class I Accumulation,,https://www.direct.aviva.co.uk/wealth/FundChoice/SelfSelectFundsList/FundDetails/BMXVDQ0/SelfSelectFund
2571,Legal & General Future World ESG Screened and Selected Multi-Index 6 I Accumulation,,https://www.direct.aviva.co.uk/wealth/FundChoice/SelfSelectFundsList/FundDetails/BMX5HR1/SelfSelectFund
2577,Legal & General Future World ESG Tilted and Optimised Asia Pacific Index I Accumulation,,https://www.direct.aviva.co.uk/wealth/FundChoice/SelfSelectFundsList/FundDetails/BL693S6/SelfSelectFund
2583,Legal & General Future World ESG Tilted and Optimised Japan Index I Accumulation,,https://www.direct.aviva.co.uk/wealth/FundChoice/SelfSelectFundsList/FundDetails/BL6C2C2/SelfSelectFund
2589,Legal & General Future World Global Multi-Factor ESG Tilted and Optimised Index Fund I Accumulation,,https://www.direct.aviva.co.uk/wealth/FundChoice/SelfSelectFundsList/FundDetails/BF41Q72/SelfSelectFund
2595,Legal & General Future World Sustainable UK Equity Fund I Income,,https://www.direct.aviva.co.uk/wealth/FundChoice/SelfSelectFundsList/FundDetails/B887M57/SelfSelectFund
2601,Legal & General Global Equity Index Fund I Income,,https://www.direct.aviva.co.uk/wealth/FundChoice/SelfSelectFundsList/FundDetails/B84K197/SelfSelectFund
2607,Legal & General Global Infrastructure Index Class I Income,,https://www.direct.aviva.co.uk/wealth/FundChoice/SelfSelectFundsList/FundDetails/BF0TZH3/SelfSelectFund
2613,Legal & General International Index Trust I Accumulation,,https://www.direct.aviva.co.uk/wealth/FundChoice/SelfSelectFundsList/FundDetails/B2Q6HW6/SelfSelectFund
2619,Legal & General Mixed Investment 0-35% Fund I Accumulation,,https://www.direct.aviva.co.uk/wealth/FundChoice/SelfSelectFundsList/FundDetails/B8KRCM2/SelfSelectFund
2625,Legal & General Mixed Investment 40-85% Fund M Accumulation,,https://www.direct.aviva.co.uk/wealth/FundChoice/SelfSelectFundsList/FundDetails/B8028R4/SelfSelectFund
2631,Legal & General Multi Manager Growth Trust I Accumulation,,https://www.direct.aviva.co.uk/wealth/FundChoice/SelfSelectFundsList/FundDetails/B8L2B30/SelfSelectFund
2637,Legal & General Multi-Index 3 Fund I Accumulation,,https://www.direct.aviva.co.uk/wealth/FundChoice/SelfSelectFundsList/FundDetails/B975174/SelfSelectFund
2643,Legal & General Multi-Index 6 Fund I Accumulation,,https://www.direct.aviva.co.uk/wealth/FundChoice/SelfSelectFundsList/FundDetails/B95KML2/SelfSelectFund
2649,Legal & General Multi-Index Income 5 Fund I Accumulation,,https://www.direct.aviva.co.uk/wealth/FundChoice/SelfSelectFundsList/FundDetails/BZ0RRW6/SelfSelectFund
2655,Legal & General S&P 500 US Equal Weight Index Fund I Accumulation,,https://www.direct.aviva.co.uk/wealth/FundChoice/SelfSelectFundsList/FundDetails/BSWT8L7/SelfSelectFund
2661,Legal & General Sterling Corporate Bond Index Fund I Income,,https://www.direct.aviva.co.uk/wealth/FundChoice/SelfSelectFundsList/FundDetails/B72V3J9/SelfSelectFund
2667,Legal & General UK 350 Index Class I Income,,https://www.direct.aviva.co.uk/wealth/FundChoice/SelfSelectFundsList/FundDetails/BKT6B94/SelfSelectFund
2673,Legal & General UK Mid Cap Index Fund Class I Income,,https://www.direct.aviva.co.uk/wealth/FundChoice/SelfSelectFundsList/FundDetails/BQ1JYW7/SelfSelectFund
2679,Legal & General UK Smaller Companies Trust I Income,,https://www.direct.aviva.co.uk/wealth/FundChoice/SelfSelectFundsList/FundDetails/B89NFZ5/SelfSelectFund
2685,Levendi Thornbridge Defined Return Fund Class A Income,,https://www.direct.aviva.co.uk/wealth/FundChoice/SelfSelectFundsList/FundDetails/BYV3WH6/SelfSelectFund
2691,Lindsell Train WS Lindsell Train UK Equity Accumulation Accumulation,,https://www.direct.aviva.co.uk/wealth/FundChoice/SelfSelectFundsList/FundDetails/B18B9X7/SelfSelectFund
2697,Liontrust European Dynamic Class I Accumulation,,https://www.direct.aviva.co.uk/wealth/FundChoice/SelfSelectFundsList/FundDetails/BMW30Z5/SelfSelectFund
2703,Liontrust GF High Yield Bond Class C5 Income,,https://www.direct.aviva.co.uk/wealth/FundChoice/SelfSelectFundsList/FundDetails/BFXZFS9/SelfSelectFund
2709,Liontrust Global Dividend Class C Income,,https://www.direct.aviva.co.uk/wealth/FundChoice/SelfSelectFundsList/FundDetails/B91RFZ2/SelfSelectFund
2715,Liontrust Income Class C Income,,https://www.direct.aviva.co.uk/wealth/FundChoice/SelfSelectFundsList/FundDetails/B8L7B35/SelfSelectFund
2721,Liontrust Multi Asset Blended Growth Class S (Net) Accumulation,,https://www.direct.aviva.co.uk/wealth/FundChoice/SelfSelectFundsList/FundDetails/BCZW5H6/SelfSelectFund
2727,Liontrust Multi Asset Blended Moderate Class S (Net) Accumulation,,https://www.direct.aviva.co.uk/wealth/FundChoice/SelfSelectFundsList/FundDetails/BCZW5B0/SelfSelectFund
2733,Liontrust Multi Asset Blended Reserve Class S (Net) Income,,https://www.direct.aviva.co.uk/wealth/FundChoice/SelfSelectFundsList/FundDetails/BCZW5C1/SelfSelectFund
2739,Liontrust Multi Asset Dynamic Passive Growth Class Z (Net) Accumulation,,https://www.direct.aviva.co.uk/wealth/FundChoice/SelfSelectFundsList/FundDetails/B8FV4F6/SelfSelectFund
2745,Liontrust Multi Asset Dynamic Passive Moderate Class S (Net) Accumulation,,https://www.direct.aviva.co.uk/wealth/FundChoice/SelfSelectFundsList/FundDetails/BCZW4T1/SelfSelectFund
2751,Liontrust Multi Asset Dynamic Passive Prudent Class D (Net) Accumulation,,https://www.direct.aviva.co.uk/wealth/FundChoice/SelfSelectFundsList/FundDetails/BNGNDM6/SelfSelectFund
2757,Liontrust Multi Asset Explorer 100 Class A (Net) Accumulation,,https://www.direct.aviva.co.uk/wealth/FundChoice/SelfSelectFundsList/FundDetails/B6ZRLF9/SelfSelectFund
2763,Liontrust Multi Asset Explorer 70 Class A (Net) Accumulation,,https://www.direct.aviva.co.uk/wealth/FundChoice/SelfSelectFundsList/FundDetails/B7JBSW0/SelfSelectFund
2769,Liontrust Multi Asset Explorer 85 Class S (Net) Accumulation,,https://www.direct.aviva.co.uk/wealth/FundChoice/SelfSelectFundsList/FundDetails/BCZW695/SelfSelectFund
2775,Liontrust Multi Asset Explorer Income 60 Class A (Net) Accumulation,,https://www.direct.aviva.co.uk/wealth/FundChoice/SelfSelectFundsList/FundDetails/B7T3484/SelfSelectFund
2781,Liontrust Multi Asset Monthly High Income Class S (Net) Accumulation,,https://www.direct.aviva.co.uk/wealth/FundChoice/SelfSelectFundsList/FundDetails/BCZW5S7/SelfSelectFund
2787,Liontrust Special Situations Class I Income,,https://www.direct.aviva.co.uk/wealth/FundChoice/SelfSelectFundsList/FundDetails/B57H4F1/SelfSelectFund
2793,Liontrust Sustainable Future Defensive Managed Class 2 Net Income,,https://www.direct.aviva.co.uk/wealth/FundChoice/SelfSelectFundsList/FundDetails/BMN9063/SelfSelectFund
2799,Liontrust Sustainable Future Monthly Income Bond Class B Gross Accumulation,,https://www.direct.aviva.co.uk/wealth/FundChoice/SelfSelectFundsList/FundDetails/B3Y38F6/SelfSelectFund
2805,Liontrust UK Equity Class X Income,,https://www.direct.aviva.co.uk/wealth/FundChoice/SelfSelectFundsList/FundDetails/B8BH0R2/SelfSelectFund
2811,Liontrust UK Smaller Companies Class I Income,,https://www.direct.aviva.co.uk/wealth/FundChoice/SelfSelectFundsList/FundDetails/B57TMD1/SelfSelectFund
2817,Lombard Odier Asia Value Bond Class Syst. NAV Hdg (GBP) - ND Income,,https://www.direct.aviva.co.uk/wealth/FundChoice/SelfSelectFundsList/FundDetails/BD5Z3V2/SelfSelectFund
2823,Lombard Odier Natural Capital Class Syst. NAV Hdg (GBP) NA Accumulation,,https://www.direct.aviva.co.uk/wealth/FundChoice/SelfSelectFundsList/FundDetails/BLF5LS1/SelfSelectFund
2829,Lombard Odier SHORT-TERM MONEY MARKET Lux Class NA Accumulation,,https://www.direct.aviva.co.uk/wealth/FundChoice/SelfSelectFundsList/FundDetails/BD7VP23/SelfSelectFund
2835,Lord Abbett Global Funds Lord Abbett Innovation Growth Fund Class I GBP Accumulating Accumulation,,https://www.direct.aviva.co.uk/wealth/FundChoice/SelfSelectFundsList/FundDetails/BYZRLR7/SelfSelectFund
2841,Lowes UK Defined Strategy Class C Accumulation,,https://www.direct.aviva.co.uk/wealth/FundChoice/SelfSelectFundsList/FundDetails/BG0NV41/SelfSelectFund
2847,M&G Asian Class I GBP Income,,https://www.direct.aviva.co.uk/wealth/FundChoice/SelfSelectFundsList/FundDetails/B3T2RX9/SelfSelectFund
2853,M&G Corporate Bond Class I GBP Income,,https://www.direct.aviva.co.uk/wealth/FundChoice/SelfSelectFundsList/FundDetails/B1YBRM6/SelfSelectFund
2859,M&G ESG Screened Global High Yield Bond Fund Class I-H GBP Income,,https://www.direct.aviva.co.uk/wealth/FundChoice/SelfSelectFundsList/FundDetails/BJRCD68/SelfSelectFund
2865,M&G Emerging Markets Bond Class PP GBP Income,,https://www.direct.aviva.co.uk/wealth/FundChoice/SelfSelectFundsList/FundDetails/BK7XX79/SelfSelectFund
2871,M&G European Sustain Paris Aligned Class I GBP Income,,https://www.direct.aviva.co.uk/wealth/FundChoice/SelfSelectFundsList/FundDetails/B6T93L1/SelfSelectFund
2877,M&G Gilt & Fixed Interest Income Class I GBP Income,,https://www.direct.aviva.co.uk/wealth/FundChoice/SelfSelectFundsList/FundDetails/B7454D0/SelfSelectFund
2883,M&G Global Corporate Bond Sterling I Accumulation,,https://www.direct.aviva.co.uk/wealth/FundChoice/SelfSelectFundsList/FundDetails/BS44CS5/SelfSelectFund
2889,M&G Global Floating Rate High Yield Class I-H GBP Accumulation,,https://www.direct.aviva.co.uk/wealth/FundChoice/SelfSelectFundsList/FundDetails/BMP3SC5/SelfSelectFund
2895,M&G Global Listed Infrastructure Class I GBP Accumulation,,https://www.direct.aviva.co.uk/wealth/FundChoice/SelfSelectFundsList/FundDetails/BF00R92/SelfSelectFund
2901,M&G Global Macro Bond Class I-H GBP Income,,https://www.direct.aviva.co.uk/wealth/FundChoice/SelfSelectFundsList/FundDetails/BVYJ0Z4/SelfSelectFund
2907,M&G Global Themes Class I GBP Accumulation,,https://www.direct.aviva.co.uk/wealth/FundChoice/SelfSelectFundsList/FundDetails/B4WV2P7/SelfSelectFund
2913,M&G Index Tracker Class I GBP Accumulation,,https://www.direct.aviva.co.uk/wealth/FundChoice/SelfSelectFundsList/FundDetails/BMWBJN0/SelfSelectFund
2919,M&G Japan Class I GBP Accumulation,,https://www.direct.aviva.co.uk/wealth/FundChoice/SelfSelectFundsList/FundDetails/B74CQP7/SelfSelectFund
2925,M&G North American Dividend Class I GBP Accumulation,,https://www.direct.aviva.co.uk/wealth/FundChoice/SelfSelectFundsList/FundDetails/B7565G2/SelfSelectFund
2931,M&G Optimal Income Class I GBP Accumulation,,https://www.direct.aviva.co.uk/wealth/FundChoice/SelfSelectFundsList/FundDetails/B1H0571/SelfSelectFund
2937,M&G Recovery Class I GBP Accumulation,,https://www.direct.aviva.co.uk/wealth/FundChoice/SelfSelectFundsList/FundDetails/B4X1L37/SelfSelectFund
2943,M&G Strategic Corporate Bond Class I GBP Accumulation,,https://www.direct.aviva.co.uk/wealth/FundChoice/SelfSelectFundsList/FundDetails/B7J4YT8/SelfSelectFund
2949,M&G UK Inflation Linked Corporate Bond Class I GBP Accumulation,,https://www.direct.aviva.co.uk/wealth/FundChoice/SelfSelectFundsList/FundDetails/B460GC5/SelfSelectFund
2955,MFS Meridian MFS Meridian Funds - Continental European Equity Class WH1 Accumulation,,https://www.direct.aviva.co.uk/wealth/FundChoice/SelfSelectFundsList/FundDetails/B3Z04J2/SelfSelectFund
2961,MFS Meridian MFS Meridian Funds - Euro Credit Class W1 Accumulation,,https://www.direct.aviva.co.uk/wealth/FundChoice/SelfSelectFundsList/FundDetails/BYWL860/SelfSelectFund
2967,MFS Meridian MFS Meridian Funds - Global Concentrated Class W1 Accumulation,,https://www.direct.aviva.co.uk/wealth/FundChoice/SelfSelectFundsList/FundDetails/BZ090J0/SelfSelectFund
2973,MFS Meridian MFS Meridian Funds - Global High Yield Class WH1 Accumulation,,https://www.direct.aviva.co.uk/wealth/FundChoice/SelfSelectFundsList/FundDetails/BVC3LX3/SelfSelectFund
2979,MFS Meridian MFS Meridian Funds - Global Opportunistic Bond Class WH1 Accumulation,,https://www.direct.aviva.co.uk/wealth/FundChoice/SelfSelectFundsList/FundDetails/BYSY636/SelfSelectFund
2985,MFS Meridian MFS Meridian Funds - U.S. Concentrated Growth Class WH1 Accumulation,,https://www.direct.aviva.co.uk/wealth/FundChoice/SelfSelectFundsList/FundDetails/B7Z49P3/SelfSelectFund
2991,MI Charles Stanley MI Charles Stanley Monthly High Income Fund Class C Income,,https://www.direct.aviva.co.uk/wealth/FundChoice/SelfSelectFundsList/FundDetails/B92V326/SelfSelectFund
2997,MI Charles Stanley MI Charles Stanley Multi Assets Growth Class A Income,,https://www.direct.aviva.co.uk/wealth/FundChoice/SelfSelectFundsList/FundDetails/BD89MJ2/SelfSelectFund
3003,MI Chelverton MI Chelverton UK Equity Growth Class B Accumulation,,https://www.direct.aviva.co.uk/wealth/FundChoice/SelfSelectFundsList/FundDetails/BP855B7/SelfSelectFund
3009,MI Hawksmoor Global Opportunities Fund Class C Accumulation,,https://www.direct.aviva.co.uk/wealth/FundChoice/SelfSelectFundsList/FundDetails/BG38228/SelfSelectFund
3015,MI MA Funds MI Global Passive Portfolio Defensive Fund - Accumulation,,https://www.direct.aviva.co.uk/wealth/FundChoice/SelfSelectFundsList/FundDetails/BNHW571/SelfSelectFund
3021,MI RBC Brewin Dolphin Voyager Max 40% Equity A Income,,https://www.direct.aviva.co.uk/wealth/FundChoice/SelfSelectFundsList/FundDetails/BLF9TN4/SelfSelectFund
3027,MI RBC Brewin Dolphin Voyager Max 80% Equity A Income,,https://www.direct.aviva.co.uk/wealth/FundChoice/SelfSelectFundsList/FundDetails/BLF9V50/SelfSelectFund
3033,MI RBC Brewin Dolphin Voyager Passive Max 40% Equity Class B Income,,https://www.direct.aviva.co.uk/wealth/FundChoice/SelfSelectFundsList/FundDetails/BVN39Y9/SelfSelectFund
3039,MI RBC Brewin Dolphin Voyager Passive Max 80% Equity Class B Income,,https://www.direct.aviva.co.uk/wealth/FundChoice/SelfSelectFundsList/FundDetails/BVN3B43/SelfSelectFund
3045,MI Select Managers Bond Fund Class O Income,,https://www.direct.aviva.co.uk/wealth/FundChoice/SelfSelectFundsList/FundDetails/BK8Y4F6/SelfSelectFund
3051,MI Select Managers UK Equity Income Fund Class O Income,,https://www.direct.aviva.co.uk/wealth/FundChoice/SelfSelectFundsList/FundDetails/BK8Y4M3/SelfSelectFund
3057,MI TwentyFour Investment Funds Dynamic Bond Class I Gross Income,,https://www.direct.aviva.co.uk/wealth/FundChoice/SelfSelectFundsList/FundDetails/B57GX40/SelfSelectFund
3063,MI TwentyFour Investment Funds Monument Bond Class I Net Accumulation,,https://www.direct.aviva.co.uk/wealth/FundChoice/SelfSelectFundsList/FundDetails/B3V5V89/SelfSelectFund
3069,MI Verbatim Portfolio 3 Class B Accumulation,,https://www.direct.aviva.co.uk/wealth/FundChoice/SelfSelectFundsList/FundDetails/B3PSD11/SelfSelectFund
3075,Macquarie Nomura Global Listed Infrastructure Fund Class A3 GBP Q(dist) Income,,https://www.direct.aviva.co.uk/wealth/FundChoice/SelfSelectFundsList/FundDetails/BMYZ8Q6/SelfSelectFund
3081,Man Group GLG Asia (ex Japan) Equity Professional C Accumulation,,https://www.direct.aviva.co.uk/wealth/FundChoice/SelfSelectFundsList/FundDetails/BMCMVT3/SelfSelectFund
3087,Man Group GLG Global Convertibles Class IM H Accumulation,,https://www.direct.aviva.co.uk/wealth/FundChoice/SelfSelectFundsList/FundDetails/B4Q6924/SelfSelectFund
3093,Man Group GLG Income Professional Class C Accumulation,,https://www.direct.aviva.co.uk/wealth/FundChoice/SelfSelectFundsList/FundDetails/B0117C2/SelfSelectFund
3099,Man Group GLG Undervalued Assets Class D Income,,https://www.direct.aviva.co.uk/wealth/FundChoice/SelfSelectFundsList/FundDetails/BFH3NB8/SelfSelectFund
3105,Man Group TargetRisk Class I H GBP Accumulation,,https://www.direct.aviva.co.uk/wealth/FundChoice/SelfSelectFundsList/FundDetails/BRJT7N8/SelfSelectFund
3111,Margetts AFH DA UK Smaller Companies Class R Accumulation,,https://www.direct.aviva.co.uk/wealth/FundChoice/SelfSelectFundsList/FundDetails/BYXG9Y9/SelfSelectFund
3117,Margetts Blenheim Diversified Fixed Income Class R Income,,https://www.direct.aviva.co.uk/wealth/FundChoice/SelfSelectFundsList/FundDetails/BNDQ8W3/SelfSelectFund
3123,Margetts Blenheim Ethical Oportunities Fund Class R Income,,https://www.direct.aviva.co.uk/wealth/FundChoice/SelfSelectFundsList/FundDetails/BNDQ9J7/SelfSelectFund
3129,Margetts Clarion Meridian Class P Accumulation,,https://www.direct.aviva.co.uk/wealth/FundChoice/SelfSelectFundsList/FundDetails/BMT7VK2/SelfSelectFund
3135,Margetts MGTS AFH Multi-Asset 2 Class R Accumulation,,https://www.direct.aviva.co.uk/wealth/FundChoice/SelfSelectFundsList/FundDetails/BN6L6S7/SelfSelectFund
3141,Margetts MGTS Aequitas Adventurous Class R Accumulation,,https://www.direct.aviva.co.uk/wealth/FundChoice/SelfSelectFundsList/FundDetails/BM92CQ0/SelfSelectFund
3147,Margetts MGTS Aequitas Defensive Class R Income,,https://www.direct.aviva.co.uk/wealth/FundChoice/SelfSelectFundsList/FundDetails/BMF7F48/SelfSelectFund
3153,Margetts MGTS Attivo Investments Diversified 50-60 Class R Income,,https://www.direct.aviva.co.uk/wealth/FundChoice/SelfSelectFundsList/FundDetails/BMW96W2/SelfSelectFund
3159,Margetts MGTS Downing Fox 40% Equity Class A Accumulation,,https://www.direct.aviva.co.uk/wealth/FundChoice/SelfSelectFundsList/FundDetails/BQBCTT8/SelfSelectFund
3165,Margetts MGTS Future Money Dynamic Growth Fund Class R Accumulation,,https://www.direct.aviva.co.uk/wealth/FundChoice/SelfSelectFundsList/FundDetails/B8FFPK0/SelfSelectFund
3171,Margetts MGTS Future Money Real Value Fund Class R Accumulation,,https://www.direct.aviva.co.uk/wealth/FundChoice/SelfSelectFundsList/FundDetails/B89JN48/SelfSelectFund
3177,Margetts MGTS IBOSS 4 Class R Accumulation,,https://www.direct.aviva.co.uk/wealth/FundChoice/SelfSelectFundsList/FundDetails/BD8R5J7/SelfSelectFund
3183,Margetts MGTS Newsight Balanced Class A Income,,https://www.direct.aviva.co.uk/wealth/FundChoice/SelfSelectFundsList/FundDetails/BP69VT1/SelfSelectFund
3189,Margetts MGTS Prima Balanced Class A Accumulation,,https://www.direct.aviva.co.uk/wealth/FundChoice/SelfSelectFundsList/FundDetails/BN938H3/SelfSelectFund
3195,Margetts MGTS Progeny Income ProFolio 30-50% Shares Income Class Income,,https://www.direct.aviva.co.uk/wealth/FundChoice/SelfSelectFundsList/FundDetails/BQKNL29/SelfSelectFund
3201,Margetts MGTS Progeny ProFolio Model 70-90% Shares Accumulation,,https://www.direct.aviva.co.uk/wealth/FundChoice/SelfSelectFundsList/FundDetails/BP6WJP2/SelfSelectFund
3207,Margetts MGTS Progeny Systematic ProFolio 40 Class A Accumulation,,https://www.direct.aviva.co.uk/wealth/FundChoice/SelfSelectFundsList/FundDetails/BS5WKB7/SelfSelectFund
3213,Margetts MGTS Progeny Systematic ProFolio Bond Accumulation Class Accumulation,,https://www.direct.aviva.co.uk/wealth/FundChoice/SelfSelectFundsList/FundDetails/BTRTPB8/SelfSelectFund
3219,Margetts MGTS SIIION Adventurous Class A Accumulation,,https://www.direct.aviva.co.uk/wealth/FundChoice/SelfSelectFundsList/FundDetails/BMZQ3T6/SelfSelectFund
3225,Margetts MGTS Sentinel Enterprise Class B Income,,https://www.direct.aviva.co.uk/wealth/FundChoice/SelfSelectFundsList/FundDetails/B50ZPV5/SelfSelectFund
3231,Margetts MGTS Sentinel Universal Class B Income,,https://www.direct.aviva.co.uk/wealth/FundChoice/SelfSelectFundsList/FundDetails/B5M7L99/SelfSelectFund
3237,Margetts MGTS Theia Defensive Income Fund Class A Income,,https://www.direct.aviva.co.uk/wealth/FundChoice/SelfSelectFundsList/FundDetails/BTZN3J6/SelfSelectFund
3243,Margetts MGTS Vision Balanced Fund Class A Income,,https://www.direct.aviva.co.uk/wealth/FundChoice/SelfSelectFundsList/FundDetails/BP69VW4/SelfSelectFund
3249,Margetts MGTS Wealth Solutions Balanced Accumulation,,https://www.direct.aviva.co.uk/wealth/FundChoice/SelfSelectFundsList/FundDetails/BLCVQY3/SelfSelectFund
3255,Margetts Select Strategy Class S Accumulation,,https://www.direct.aviva.co.uk/wealth/FundChoice/SelfSelectFundsList/FundDetails/BJ7JPC9/SelfSelectFund
3261,Matthews Asia China Class I Accumulation,,https://www.direct.aviva.co.uk/wealth/FundChoice/SelfSelectFundsList/FundDetails/B4627Y0/SelfSelectFund
3267,Matthews Asia Japan Class I Accumulation,,https://www.direct.aviva.co.uk/wealth/FundChoice/SelfSelectFundsList/FundDetails/BWX5XY0/SelfSelectFund
3273,McInroy & Wood Smaller Companies Income Class Income,,https://www.direct.aviva.co.uk/wealth/FundChoice/SelfSelectFundsList/FundDetails/B8NC4D9/SelfSelectFund
3279,Minerva Fund Management Solutions Limite MF Vela Defensive - Accumulation,,https://www.direct.aviva.co.uk/wealth/FundChoice/SelfSelectFundsList/FundDetails/BMWTWJ1/SelfSelectFund
3285,Mirabaud Equities Swiss Small and Mid Class D Cap GBP Accumulation,,https://www.direct.aviva.co.uk/wealth/FundChoice/SelfSelectFundsList/FundDetails/BPCX0Z6/SelfSelectFund
3291,Mirabaud Sustainable Convertibles Global Class DH Cap GBP Accumulation,,https://www.direct.aviva.co.uk/wealth/FundChoice/SelfSelectFundsList/FundDetails/BN7ZKC0/SelfSelectFund
3297,Mirabaud Sustainable Global Strategic Bond Class DH Cap GBP Accumulation,,https://www.direct.aviva.co.uk/wealth/FundChoice/SelfSelectFundsList/FundDetails/BJ4WYC4/SelfSelectFund
3303,Montanaro Montanaro Better World Fund GBP Class Income,,https://www.direct.aviva.co.uk/wealth/FundChoice/SelfSelectFundsList/FundDetails/BYWFFF0/SelfSelectFund
3309,Morant Wright Morant Wright Fuji Yield Sterling Distribution Hedged Income,,https://www.direct.aviva.co.uk/wealth/FundChoice/SelfSelectFundsList/FundDetails/BYWNV67/SelfSelectFund
3315,Morant Wright WS Morant Wright Nippon Yield Class B Income,,https://www.direct.aviva.co.uk/wealth/FundChoice/SelfSelectFundsList/FundDetails/B2R83B2/SelfSelectFund
3321,Morgan Stanley Emerging Markets Debt Opportunities ZH Acc Accumulation,,https://www.direct.aviva.co.uk/wealth/FundChoice/SelfSelectFundsList/FundDetails/BQ98SM4/SelfSelectFund
3327,Morgan Stanley Funds (UK) Global Brands Class I Hedged Income,,https://www.direct.aviva.co.uk/wealth/FundChoice/SelfSelectFundsList/FundDetails/BJNQ8K3/SelfSelectFund
3333,Morgan Stanley Funds (UK) Global Quality Select Class I Accumulation,,https://www.direct.aviva.co.uk/wealth/FundChoice/SelfSelectFundsList/FundDetails/BJNQ0V8/SelfSelectFund
3339,Morgan Stanley Global Asset Backed Securities Class ZHX Accumulation,,https://www.direct.aviva.co.uk/wealth/FundChoice/SelfSelectFundsList/FundDetails/BG0Z7H2/SelfSelectFund
3345,Morgan Stanley Global Credit Class ZH Accumulation,,https://www.direct.aviva.co.uk/wealth/FundChoice/SelfSelectFundsList/FundDetails/BFYF179/SelfSelectFund
3351,Morgan Stanley Systematic Liquid Alpha Class ZH Accumulation,,https://www.direct.aviva.co.uk/wealth/FundChoice/SelfSelectFundsList/FundDetails/BRK0H30/SelfSelectFund
3357,Muzinich Muzinich Emerging Markets Short Duration Fund Class GBP A Hedged Accumulation,,https://www.direct.aviva.co.uk/wealth/FundChoice/SelfSelectFundsList/FundDetails/BFNXVZ2/SelfSelectFund
3363,Muzinich Muzinich Global Short Duration Investment Grade Fund Class GBP Income H Hedged Income,,https://www.direct.aviva.co.uk/wealth/FundChoice/SelfSelectFundsList/FundDetails/BJCXFT3/SelfSelectFund
3369,Muzinich Muzinich Short Duration High Yield Fund Class H Hedged GBP Accumulation,,https://www.direct.aviva.co.uk/wealth/FundChoice/SelfSelectFundsList/FundDetails/B96JH24/SelfSelectFund
3375,Natixis TM Harris Associates Global Concentrated Equity Class N/A Accumulation,,https://www.direct.aviva.co.uk/wealth/FundChoice/SelfSelectFundsList/FundDetails/BN40501/SelfSelectFund
3381,Neuberger Berman Emerging Market Debt - Hard Currency Fund Class I Accumulation,,https://www.direct.aviva.co.uk/wealth/FundChoice/SelfSelectFundsList/FundDetails/BDDNB70/SelfSelectFund
3387,Neuberger Berman High Yield Bond Fund Class I Income,,https://www.direct.aviva.co.uk/wealth/FundChoice/SelfSelectFundsList/FundDetails/B1G9WJ0/SelfSelectFund
3393,Neuberger Berman US Equity Premium Fund Class P Income,,https://www.direct.aviva.co.uk/wealth/FundChoice/SelfSelectFundsList/FundDetails/BMDHJT3/SelfSelectFund
3399,New Capital Dynamic UK Equity GBP Acc Accumulation,,https://www.direct.aviva.co.uk/wealth/FundChoice/SelfSelectFundsList/FundDetails/BD6P6Z6/SelfSelectFund
3405,New Capital Global Convertible Bond GBP Acc Accumulation,,https://www.direct.aviva.co.uk/wealth/FundChoice/SelfSelectFundsList/FundDetails/BK9WQ08/SelfSelectFund
3411,New Capital Global Value Credit GBP Inc Accumulation,,https://www.direct.aviva.co.uk/wealth/FundChoice/SelfSelectFundsList/FundDetails/3311668/SelfSelectFund
3417,New Capital Swiss Select Equity GBP Unhedged Acc Accumulation,,https://www.direct.aviva.co.uk/wealth/FundChoice/SelfSelectFundsList/FundDetails/BJFL7V0/SelfSelectFund
3423,New Capital Wealthy Nations Bond GBP I Inc Income,,https://www.direct.aviva.co.uk/wealth/FundChoice/SelfSelectFundsList/FundDetails/B41M1D2/SelfSelectFund
3429,Ninety One Emerging Markets Blended Debt Class I Accumulation,,https://www.direct.aviva.co.uk/wealth/FundChoice/SelfSelectFundsList/FundDetails/BJFLDK1/SelfSelectFund
3435,Ninety One Global Franchise Class I Accumulation,,https://www.direct.aviva.co.uk/wealth/FundChoice/SelfSelectFundsList/FundDetails/B7VHRM9/SelfSelectFund
3441,Ninety One Global Macro Allocation Class I Accumulation,,https://www.direct.aviva.co.uk/wealth/FundChoice/SelfSelectFundsList/FundDetails/B2Q1JB4/SelfSelectFund
3447,Ninety One Global Sustainable Equity Class I Income,,https://www.direct.aviva.co.uk/wealth/FundChoice/SelfSelectFundsList/FundDetails/BP4T289/SelfSelectFund
3453,Ninety One UK Franchise Class I Income,,https://www.direct.aviva.co.uk/wealth/FundChoice/SelfSelectFundsList/FundDetails/BVLL6F5/SelfSelectFund
3459,Nomura Global Dynamic Bond Class I GBP Hedged Accumulation,,https://www.direct.aviva.co.uk/wealth/FundChoice/SelfSelectFundsList/FundDetails/BTL1GV7/SelfSelectFund
3465,Nomura Global High Yield Bond Class I GBP Hedged Accumulation,,https://www.direct.aviva.co.uk/wealth/FundChoice/SelfSelectFundsList/FundDetails/BYNJKH8/SelfSelectFund
3471,Nomura US High Yield Bond Class I GBP Hedged Accumulation,,https://www.direct.aviva.co.uk/wealth/FundChoice/SelfSelectFundsList/FundDetails/B8H9H37/SelfSelectFund
3477,Nordea 1 - Global Climate & Environment Class BC - GBP Accumulation,,https://www.direct.aviva.co.uk/wealth/FundChoice/SelfSelectFundsList/FundDetails/BF1YCX2/SelfSelectFund
3483,Northern Trust The NT Developed Real Estate ESG Climate Index Feeder Fund Class A Accumulation,,https://www.direct.aviva.co.uk/wealth/FundChoice/SelfSelectFundsList/FundDetails/BPG9834/SelfSelectFund
3489,Northern Trust The NT Global High Yield ESG Bond Index Fund Class A GBP Accumulation,,https://www.direct.aviva.co.uk/wealth/FundChoice/SelfSelectFundsList/FundDetails/BRZT3M3/SelfSelectFund
3495,Oaktree Capital Management Global High Yield Bond Class IH Accumulation,,https://www.direct.aviva.co.uk/wealth/FundChoice/SelfSelectFundsList/FundDetails/BZ7PXR0/SelfSelectFund
3501,Oberon Capital TM Oberon UK Core Fund Class B Income,,https://www.direct.aviva.co.uk/wealth/FundChoice/SelfSelectFundsList/FundDetails/B05MF83/SelfSelectFund
3507,Oberon Capital TM Oberon UK Special Situations Fund Class B Income,,https://www.direct.aviva.co.uk/wealth/FundChoice/SelfSelectFundsList/FundDetails/BTNQVF9/SelfSelectFund
3513,Oldfield Partners LLP Overstone Global All Cap Value Class J Accumulation,,https://www.direct.aviva.co.uk/wealth/FundChoice/SelfSelectFundsList/FundDetails/B75M355/SelfSelectFund
3519,Orbis Orbis OEIC Global Cautious Fixed Fee Accumulation,,https://www.direct.aviva.co.uk/wealth/FundChoice/SelfSelectFundsList/FundDetails/BRX95B8/SelfSelectFund
3525,PGIM Investments Broad Market U.S. High Yield Bond Class I H Income,,https://www.direct.aviva.co.uk/wealth/FundChoice/SelfSelectFundsList/FundDetails/BDD48V6/SelfSelectFund
3531,PGIM Investments Global Corporate Bond Class I H Accumulation,,https://www.direct.aviva.co.uk/wealth/FundChoice/SelfSelectFundsList/FundDetails/BFLQZM8/SelfSelectFund
3537,PGIM Investments Jennison Global Equity Opportunities Class I Accumulation,,https://www.direct.aviva.co.uk/wealth/FundChoice/SelfSelectFundsList/FundDetails/BMHG231/SelfSelectFund
3543,PGIM Investments US Corporate Bond Class I H D Income,,https://www.direct.aviva.co.uk/wealth/FundChoice/SelfSelectFundsList/FundDetails/BDDK052/SelfSelectFund
3549,PIMCO GIS Commodity Real Return Institutional Unhedged Income,,https://www.direct.aviva.co.uk/wealth/FundChoice/SelfSelectFundsList/FundDetails/BNDXPR8/SelfSelectFund
3555,PIMCO GIS Global Bond Institutional (Hedged) Income,,https://www.direct.aviva.co.uk/wealth/FundChoice/SelfSelectFundsList/FundDetails/B016J21/SelfSelectFund
3561,PIMCO GIS Global Low Duration Real Return Class I Hedged Income,,https://www.direct.aviva.co.uk/wealth/FundChoice/SelfSelectFundsList/FundDetails/BHZKQD8/SelfSelectFund
3567,PIMCO GIS Income Institutional (Hedged) Income,,https://www.direct.aviva.co.uk/wealth/FundChoice/SelfSelectFundsList/FundDetails/B8RHFL5/SelfSelectFund
3573,PIMCO GIS PIMCO Emerging Markets Opportunities - Income,,https://www.direct.aviva.co.uk/wealth/FundChoice/SelfSelectFundsList/FundDetails/BPW6T03/SelfSelectFund
3579,PIMCO Global Bond ESG Institutional (Hedged) Income,,https://www.direct.aviva.co.uk/wealth/FundChoice/SelfSelectFundsList/FundDetails/BYXVXY2/SelfSelectFund
3585,PIMCO Low Duration Opportunities Institutional (Hedged) Accumulation,,https://www.direct.aviva.co.uk/wealth/FundChoice/SelfSelectFundsList/FundDetails/BYWKH15/SelfSelectFund
3591,Pacific Capital Partners Multi-Asset Accumulator Core Class A Accumulation,,https://www.direct.aviva.co.uk/wealth/FundChoice/SelfSelectFundsList/FundDetails/BD6DGH2/SelfSelectFund
3597,Pacific Capital Partners Pacific North of South Global Emerging Markets Equity Class I Income,,https://www.direct.aviva.co.uk/wealth/FundChoice/SelfSelectFundsList/FundDetails/BSWY588/SelfSelectFund
3603,Pictet China Equities Class I - GBP Accumulation,,https://www.direct.aviva.co.uk/wealth/FundChoice/SelfSelectFundsList/FundDetails/B96TPL9/SelfSelectFund
3609,Pictet Dynamic Asset Allocation Class I GBP Accumulation,,https://www.direct.aviva.co.uk/wealth/FundChoice/SelfSelectFundsList/FundDetails/BS6TDJ6/SelfSelectFund
3615,Pictet Emerging Markets Sustainable Equities Class I Accumulation,,https://www.direct.aviva.co.uk/wealth/FundChoice/SelfSelectFundsList/FundDetails/B8J4BT4/SelfSelectFund
3621,Pictet Global Megatrend Selection Class I dy - GBP Income,,https://www.direct.aviva.co.uk/wealth/FundChoice/SelfSelectFundsList/FundDetails/B54CBH0/SelfSelectFund
3627,Pictet Japan Index Class I - GBP Accumulation,,https://www.direct.aviva.co.uk/wealth/FundChoice/SelfSelectFundsList/FundDetails/BC7GVV2/SelfSelectFund
3633,Pictet Positive Change Class I Accumulation,,https://www.direct.aviva.co.uk/wealth/FundChoice/SelfSelectFundsList/FundDetails/BPXZHK5/SelfSelectFund
3639,Pictet Smart City Class I dy - GBP Income,,https://www.direct.aviva.co.uk/wealth/FundChoice/SelfSelectFundsList/FundDetails/B3ZWZK6/SelfSelectFund
3645,Pictet USA Index Class I - GBP Accumulation,,https://www.direct.aviva.co.uk/wealth/FundChoice/SelfSelectFundsList/FundDetails/BC7GW08/SelfSelectFund
3651,PineBridge Investment India Equity Class R2D Income,,https://www.direct.aviva.co.uk/wealth/FundChoice/SelfSelectFundsList/FundDetails/BWV6B74/SelfSelectFund
3657,Plurimi Wealth LLP Prosper Funds SICAV - Global Macro Fund Class R Accumulation,,https://www.direct.aviva.co.uk/wealth/FundChoice/SelfSelectFundsList/FundDetails/BYN81L6/SelfSelectFund
3663,Polar Capital European (ex UK) Income Class I Accumulation,,https://www.direct.aviva.co.uk/wealth/FundChoice/SelfSelectFundsList/FundDetails/BWX5D39/SelfSelectFund
3669,Polar Capital Global Convertible Class I Accumulation,,https://www.direct.aviva.co.uk/wealth/FundChoice/SelfSelectFundsList/FundDetails/BCDBX71/SelfSelectFund
3675,Polar Capital Global Healthcare Select Class I Income,,https://www.direct.aviva.co.uk/wealth/FundChoice/SelfSelectFundsList/FundDetails/BPRBXT0/SelfSelectFund
3681,Polar Capital Japan Value Class S Hedged Income,,https://www.direct.aviva.co.uk/wealth/FundChoice/SelfSelectFundsList/FundDetails/B8C0M52/SelfSelectFund
3687,Polar Capital UK Value Opportunities Class I Accumulation,,https://www.direct.aviva.co.uk/wealth/FundChoice/SelfSelectFundsList/FundDetails/BD81XX9/SelfSelectFund
3693,Polen Capital Management Polen Capital Focus U.S. Growth GBP Hedged (Institutional) Inc Income,,https://www.direct.aviva.co.uk/wealth/FundChoice/SelfSelectFundsList/FundDetails/BD058W3/SelfSelectFund
3699,Premier Miton Premier Miton Corporate Bond Monthly Income Class B Income,,https://www.direct.aviva.co.uk/wealth/FundChoice/SelfSelectFundsList/FundDetails/0390723/SelfSelectFund
3705,Premier Miton Premier Miton Diversified Balanced Growth Class D Income,,https://www.direct.aviva.co.uk/wealth/FundChoice/SelfSelectFundsList/FundDetails/BHNWGP8/SelfSelectFund
3711,Premier Miton Premier Miton Diversified Growth Class D Income,,https://www.direct.aviva.co.uk/wealth/FundChoice/SelfSelectFundsList/FundDetails/B8BJV42/SelfSelectFund
3717,Premier Miton Premier Miton Global Infrastructure Income Class B Accumulation,,https://www.direct.aviva.co.uk/wealth/FundChoice/SelfSelectFundsList/FundDetails/BD3H9L2/SelfSelectFund
3723,Premier Miton Premier Miton Liberation IV Class C Accumulation,,https://www.direct.aviva.co.uk/wealth/FundChoice/SelfSelectFundsList/FundDetails/B5N42Z2/SelfSelectFund
3729,Premier Miton Premier Miton Liberation VI Class C Accumulation,,https://www.direct.aviva.co.uk/wealth/FundChoice/SelfSelectFundsList/FundDetails/B66WQ69/SelfSelectFund
3735,Premier Miton Premier Miton Multi-Asset Distribution Class C Income,,https://www.direct.aviva.co.uk/wealth/FundChoice/SelfSelectFundsList/FundDetails/B40RNW1/SelfSelectFund
3741,Premier Miton Premier Miton Multi-Asset Monthly Income Class C Income,,https://www.direct.aviva.co.uk/wealth/FundChoice/SelfSelectFundsList/FundDetails/B7GGPC7/SelfSelectFund
3747,Premier Miton Premier Miton Strategic Monthly Income Bond Class C Accumulation,,https://www.direct.aviva.co.uk/wealth/FundChoice/SelfSelectFundsList/FundDetails/BMWVS11/SelfSelectFund
3753,Premier Miton Premier Miton Tellworth UK Smaller Companies Fund Class I Income,,https://www.direct.aviva.co.uk/wealth/FundChoice/SelfSelectFundsList/FundDetails/BNR4KV6/SelfSelectFund
3759,Premier Miton Premier Miton UK Multi Cap Income Class B Income,,https://www.direct.aviva.co.uk/wealth/FundChoice/SelfSelectFundsList/FundDetails/B4M24M1/SelfSelectFund
3765,Premier Miton Premier Miton US Smaller Companies Class B Accumulation,,https://www.direct.aviva.co.uk/wealth/FundChoice/SelfSelectFundsList/FundDetails/BF54H99/SelfSelectFund
3771,Protea Funds TM Navera Global Equity Strategy Class A Acc Accumulation,,https://www.direct.aviva.co.uk/wealth/FundChoice/SelfSelectFundsList/FundDetails/BNV0F82/SelfSelectFund
3777,Pzena Investment Management LLC Global Value Class A Accumulation,,https://www.direct.aviva.co.uk/wealth/FundChoice/SelfSelectFundsList/FundDetails/BHBF0S0/SelfSelectFund
3783,Quilter Cheviot Sustainable Opportunities Growth Fund Class B Accumulation,,https://www.direct.aviva.co.uk/wealth/FundChoice/SelfSelectFundsList/FundDetails/BMHDN95/SelfSelectFund
3789,Quilter Investors Multi Asset (Onshore) Quilter Investors Cirilium Balanced Passive Portfolio Class R Accumulation,,https://www.direct.aviva.co.uk/wealth/FundChoice/SelfSelectFundsList/FundDetails/B7VWLQ6/SelfSelectFund
3795,Quilter Investors Multi Asset (Onshore) Quilter Investors Cirilium Dynamic Passive Portfolio Class R Accumulation,,https://www.direct.aviva.co.uk/wealth/FundChoice/SelfSelectFundsList/FundDetails/B909QP6/SelfSelectFund
3801,Quilter Investors Multi Asset (Onshore) Quilter Investors Creation Balanced Portfolio Class U1 Accumulation,,https://www.direct.aviva.co.uk/wealth/FundChoice/SelfSelectFundsList/FundDetails/B885756/SelfSelectFund
3807,Quilter Investors Multi Asset (Onshore) Quilter Investors Global Unconstrained Equity Class U1 Accumulation,,https://www.direct.aviva.co.uk/wealth/FundChoice/SelfSelectFundsList/FundDetails/BJ4WYJ1/SelfSelectFund
3813,Quilter Investors Multi Asset (Onshore) Quilter Investors Monthly Income Portfolio Class F Income,,https://www.direct.aviva.co.uk/wealth/FundChoice/SelfSelectFundsList/FundDetails/BZ00WM0/SelfSelectFund
3819,Rathbones Asset Management Limited Global Opportunities I Class Accumulation,,https://www.direct.aviva.co.uk/wealth/FundChoice/SelfSelectFundsList/FundDetails/B7FQLN1/SelfSelectFund
3825,Rathbones Asset Management Limited Greenbank Global Sustainability Class S Income,,https://www.direct.aviva.co.uk/wealth/FundChoice/SelfSelectFundsList/FundDetails/BDZVK97/SelfSelectFund
3831,Rathbones Asset Management Limited High Quality Bond Class I Income,,https://www.direct.aviva.co.uk/wealth/FundChoice/SelfSelectFundsList/FundDetails/BD5DN49/SelfSelectFund
3837,Rathbones Asset Management Limited Multi Asset Dynamic Growth Portfolio Class S Income,,https://www.direct.aviva.co.uk/wealth/FundChoice/SelfSelectFundsList/FundDetails/BKKK6W3/SelfSelectFund
3843,Rathbones Asset Management Limited SICAV Asia Equity Fund Class F Accumulation,,https://www.direct.aviva.co.uk/wealth/FundChoice/SelfSelectFundsList/FundDetails/BT8V665/SelfSelectFund
3849,Rathbones Asset Management Limited Strategic Income Portfolio S Class Income,,https://www.direct.aviva.co.uk/wealth/FundChoice/SelfSelectFundsList/FundDetails/BY9BSL8/SelfSelectFund
3855,Redwheel Asia Convertibles Fund Class R GBP HDG Accumulation,,https://www.direct.aviva.co.uk/wealth/FundChoice/SelfSelectFundsList/FundDetails/BJBPXD0/SelfSelectFund
3861,Redwheel Global Emerging Markets Fund Class R GBP DIST Income,,https://www.direct.aviva.co.uk/wealth/FundChoice/SelfSelectFundsList/FundDetails/BYVN3W8/SelfSelectFund
3867,Redwheel Responsible Global Income Fund Class R GBP DIST Income,,https://www.direct.aviva.co.uk/wealth/FundChoice/SelfSelectFundsList/FundDetails/BL69126/SelfSelectFund
3873,Redwheel TM Redwheel UK Equity Income Fund Class R GBP Dist Income,,https://www.direct.aviva.co.uk/wealth/FundChoice/SelfSelectFundsList/FundDetails/BG34293/SelfSelectFund
3879,River Global RGI Global Income and Growth Class B Accumulation,,https://www.direct.aviva.co.uk/wealth/FundChoice/SelfSelectFundsList/FundDetails/BTLMGR6/SelfSelectFund
3885,River Global RGI UK Opportunities Fund Class B Accumulation,,https://www.direct.aviva.co.uk/wealth/FundChoice/SelfSelectFundsList/FundDetails/BW01H38/SelfSelectFund
3891,Robeco BP US Large Cap Equities Class F Accumulation,,https://www.direct.aviva.co.uk/wealth/FundChoice/SelfSelectFundsList/FundDetails/B9C9HN9/SelfSelectFund
3897,Robeco Emerging Stars Equities Class G Income,,https://www.direct.aviva.co.uk/wealth/FundChoice/SelfSelectFundsList/FundDetails/BD46FL0/SelfSelectFund
3903,Robeco Global Credits Class IH Accumulation,,https://www.direct.aviva.co.uk/wealth/FundChoice/SelfSelectFundsList/FundDetails/BD09VK4/SelfSelectFund
3909,Robeco QI Dynamic High Yield Class IH Accumulation,,https://www.direct.aviva.co.uk/wealth/FundChoice/SelfSelectFundsList/FundDetails/BJ9V1W5/SelfSelectFund
3915,Robeco RobecoSAM Circular Economy Equities Class F Accumulation,,https://www.direct.aviva.co.uk/wealth/FundChoice/SelfSelectFundsList/FundDetails/BMHX3J5/SelfSelectFund
3921,Robeco RobecoSAM Smart Materials Equities Class I Accumulation,,https://www.direct.aviva.co.uk/wealth/FundChoice/SelfSelectFundsList/FundDetails/BMF7CK3/SelfSelectFund
3927,Robeco Sustainable Emerging Stars Equities IL Income,,https://www.direct.aviva.co.uk/wealth/FundChoice/SelfSelectFundsList/FundDetails/BKTH885/SelfSelectFund
3933,Royal London Emerging Markets Equity Tilt GB00BQ2NKN13 Accumulation,,https://www.direct.aviva.co.uk/wealth/FundChoice/SelfSelectFundsList/FundDetails/BQ2NKN1/SelfSelectFund
3939,Royal London GMAP Adventurous Class M Accumulation,,https://www.direct.aviva.co.uk/wealth/FundChoice/SelfSelectFundsList/FundDetails/BD8RSG5/SelfSelectFund
3945,Royal London GMAP Defensive Class M Accumulation,,https://www.direct.aviva.co.uk/wealth/FundChoice/SelfSelectFundsList/FundDetails/BD8RSJ8/SelfSelectFund
3951,Royal London GMAP Moderate Growth Fund Class M Accumulation,,https://www.direct.aviva.co.uk/wealth/FundChoice/SelfSelectFundsList/FundDetails/BS45813/SelfSelectFund
3957,Royal London Global Equity Income Class M Accumulation,,https://www.direct.aviva.co.uk/wealth/FundChoice/SelfSelectFundsList/FundDetails/BPJLYH3/SelfSelectFund
3963,Royal London Global Index Linked Class M Income,,https://www.direct.aviva.co.uk/wealth/FundChoice/SelfSelectFundsList/FundDetails/B772RM8/SelfSelectFund
3969,Royal London Investment Grade Short Dated Credit Class Z Income,,https://www.direct.aviva.co.uk/wealth/FundChoice/SelfSelectFundsList/FundDetails/BYQTH29/SelfSelectFund
3975,Royal London Short Duration Global High Yield Bond Class M Income,,https://www.direct.aviva.co.uk/wealth/FundChoice/SelfSelectFundsList/FundDetails/B9BQGL2/SelfSelectFund
3981,Royal London Short-Term Money Market Class Y Accumulation,,https://www.direct.aviva.co.uk/wealth/FundChoice/SelfSelectFundsList/FundDetails/B8XYYQ8/SelfSelectFund
3987,Royal London Sustainable Diversified Trust Class C Accumulation,,https://www.direct.aviva.co.uk/wealth/FundChoice/SelfSelectFundsList/FundDetails/B79LTQ1/SelfSelectFund
3993,Royal London Sustainable Managed Growth Trust Class C Income,,https://www.direct.aviva.co.uk/wealth/FundChoice/SelfSelectFundsList/FundDetails/B8K34M4/SelfSelectFund
3999,Royal London Sustainable World Trust Class C Income,,https://www.direct.aviva.co.uk/wealth/FundChoice/SelfSelectFundsList/FundDetails/B8GG632/SelfSelectFund
4005,Royal London UK Equity Income Class M Accumulation,,https://www.direct.aviva.co.uk/wealth/FundChoice/SelfSelectFundsList/FundDetails/B8Y4ZB9/SelfSelectFund
4011,Royal London UK Mid-Cap Growth Class M Accumulation,,https://www.direct.aviva.co.uk/wealth/FundChoice/SelfSelectFundsList/FundDetails/B5BRW42/SelfSelectFund
4017,SEI (Global Asset) Strategic Portfolios Aggressive Fund Sterling Wealth A Accumulation,,https://www.direct.aviva.co.uk/wealth/FundChoice/SelfSelectFundsList/FundDetails/BYV1RB9/SelfSelectFund
4023,SEI (Global Asset) Strategic Portfolios Core Fund Sterling Wealth A Accumulation,,https://www.direct.aviva.co.uk/wealth/FundChoice/SelfSelectFundsList/FundDetails/BYV1R75/SelfSelectFund
4029,SEI (Global Asset) Strategic Portfolios Moderate Fund Sterling Wealth A Accumulation,,https://www.direct.aviva.co.uk/wealth/FundChoice/SelfSelectFundsList/FundDetails/BYV1R64/SelfSelectFund
4035,SEI Small Cap Select Class A Income,,https://www.direct.aviva.co.uk/wealth/FundChoice/SelfSelectFundsList/FundDetails/B0689P5/SelfSelectFund
4041,SSgA Global Aggregate Bond Index Class I Hedged Accumulation,,https://www.direct.aviva.co.uk/wealth/FundChoice/SelfSelectFundsList/FundDetails/BKT06S0/SelfSelectFund
4047,SSgA Global Treasury Bond Index Class I Hgd Income,,https://www.direct.aviva.co.uk/wealth/FundChoice/SelfSelectFundsList/FundDetails/BFWS7S3/SelfSelectFund
4053,SVS AllianceBernstein Europe (Ex UK) Equity Class I Accumulation,,https://www.direct.aviva.co.uk/wealth/FundChoice/SelfSelectFundsList/FundDetails/BJMHLK8/SelfSelectFund
4059,SVS Aubrey SVS Aubrey Global Conviction Class B Accumulation,,https://www.direct.aviva.co.uk/wealth/FundChoice/SelfSelectFundsList/FundDetails/BJ34P39/SelfSelectFund
4065,SVS Brown Shipley Growth I Accumulation,,https://www.direct.aviva.co.uk/wealth/FundChoice/SelfSelectFundsList/FundDetails/B3NNSP7/SelfSelectFund
4071,SVS Saltus SVS Saltus Wealth Fund Class X Accumulation,,https://www.direct.aviva.co.uk/wealth/FundChoice/SelfSelectFundsList/FundDetails/B6RLZP7/SelfSelectFund
4077,Sanlam Sanlam Global High Quality Fund Class I Accumulation,,https://www.direct.aviva.co.uk/wealth/FundChoice/SelfSelectFundsList/FundDetails/BYV7PR9/SelfSelectFund
4083,Sanlam Sanlam Ninety One Real Assets Fund Class A Accumulation,,https://www.direct.aviva.co.uk/wealth/FundChoice/SelfSelectFundsList/FundDetails/BJ5CB55/SelfSelectFund
4089,Santander Asset Management Atlas Portfolio 5 Class I Accumulation,,https://www.direct.aviva.co.uk/wealth/FundChoice/SelfSelectFundsList/FundDetails/BD3CW30/SelfSelectFund
4095,Santander Asset Management Equity Income Class R Income,,https://www.direct.aviva.co.uk/wealth/FundChoice/SelfSelectFundsList/FundDetails/0490957/SelfSelectFund
4101,Sarasin Global Dividend Class P Accumulation,,https://www.direct.aviva.co.uk/wealth/FundChoice/SelfSelectFundsList/FundDetails/BGDF8F4/SelfSelectFund
4107,Sarasin IE Global Equity Opportunities (GBP) Class P Income,,https://www.direct.aviva.co.uk/wealth/FundChoice/SelfSelectFundsList/FundDetails/B8GM8B2/SelfSelectFund
4113,Sarasin IE Multi Asset Target Return Class P Income,,https://www.direct.aviva.co.uk/wealth/FundChoice/SelfSelectFundsList/FundDetails/B7KM684/SelfSelectFund
4119,Sarasin Responsible Corporate Bond Class P Income,,https://www.direct.aviva.co.uk/wealth/FundChoice/SelfSelectFundsList/FundDetails/BYMB5S1/SelfSelectFund
4125,Sarasin Responsible Multi Asset Class P Income,,https://www.direct.aviva.co.uk/wealth/FundChoice/SelfSelectFundsList/FundDetails/BKPVJ11/SelfSelectFund
4131,Sarasin Thematic Global Equity Class P Income,,https://www.direct.aviva.co.uk/wealth/FundChoice/SelfSelectFundsList/FundDetails/B7MSZ49/SelfSelectFund
4137,Schroder Asian Discovery Class Z Income,,https://www.direct.aviva.co.uk/wealth/FundChoice/SelfSelectFundsList/FundDetails/B4Y8PY6/SelfSelectFund
4143,Schroder Blended Portfolio 4 Class Z Accumulation,,https://www.direct.aviva.co.uk/wealth/FundChoice/SelfSelectFundsList/FundDetails/BF77ZT2/SelfSelectFund
4149,Schroder Blended Portfolio 8 Class Z Accumulation,,https://www.direct.aviva.co.uk/wealth/FundChoice/SelfSelectFundsList/FundDetails/BF77ZY7/SelfSelectFund
4155,Schroder European Fund Class Z Hedged Income,,https://www.direct.aviva.co.uk/wealth/FundChoice/SelfSelectFundsList/FundDetails/B8FGLQ1/SelfSelectFund
4161,Schroder Gilt & Fixed Interest Class Z Accumulation,,https://www.direct.aviva.co.uk/wealth/FundChoice/SelfSelectFundsList/FundDetails/BYTQ7F0/SelfSelectFund
4167,Schroder Global Cities Real Estate Class Z Income,,https://www.direct.aviva.co.uk/wealth/FundChoice/SelfSelectFundsList/FundDetails/B1VPTW5/SelfSelectFund
4173,Schroder Global Equity Income Class Z Income,,https://www.direct.aviva.co.uk/wealth/FundChoice/SelfSelectFundsList/FundDetails/B76V7N7/SelfSelectFund
4179,Schroder Global Multi-Asset Growth Portfolio Class F Accumulation,,https://www.direct.aviva.co.uk/wealth/FundChoice/SelfSelectFundsList/FundDetails/BZCR4G7/SelfSelectFund
4185,Schroder Global Sustainable Growth Class Z Accumulation,,https://www.direct.aviva.co.uk/wealth/FundChoice/SelfSelectFundsList/FundDetails/BF781R5/SelfSelectFund
4191,Schroder ISF Asian Bond Total Return Class Z Hedged Income,,https://www.direct.aviva.co.uk/wealth/FundChoice/SelfSelectFundsList/FundDetails/BYQ2YL6/SelfSelectFund
4197,Schroder ISF Emerging Markets Debt Total Return Class Z Hedged Income,,https://www.direct.aviva.co.uk/wealth/FundChoice/SelfSelectFundsList/FundDetails/BDC7KV0/SelfSelectFund
4203,Schroder ISF Global Convertible Bond Class C Hedged Income,,https://www.direct.aviva.co.uk/wealth/FundChoice/SelfSelectFundsList/FundDetails/B4W6RV3/SelfSelectFund
4209,Schroder ISF Global Gold Class A Hedged Accumulation,,https://www.direct.aviva.co.uk/wealth/FundChoice/SelfSelectFundsList/FundDetails/BP4C329/SelfSelectFund
4215,Schroder ISF Schroder International Selection Fund - Asian Total Return C Distribution GBP Class C Income,,https://www.direct.aviva.co.uk/wealth/FundChoice/SelfSelectFundsList/FundDetails/B3BTVJ2/SelfSelectFund
4221,Schroder ISF Securitised Credit Class C Hedged Accumulation,,https://www.direct.aviva.co.uk/wealth/FundChoice/SelfSelectFundsList/FundDetails/BD822P7/SelfSelectFund
4227,Schroder ISF US Smaller Companies Impact Class C Accumulation,,https://www.direct.aviva.co.uk/wealth/FundChoice/SelfSelectFundsList/FundDetails/BPP4K23/SelfSelectFund
4233,Schroder Income Portfolio Class Z Income,,https://www.direct.aviva.co.uk/wealth/FundChoice/SelfSelectFundsList/FundDetails/B418R65/SelfSelectFund
4239,Schroder MM Diversity Fund Class Z Income,,https://www.direct.aviva.co.uk/wealth/FundChoice/SelfSelectFundsList/FundDetails/B602JM2/SelfSelectFund
4245,Schroder Managed Wealth Portfolio Class Z Income,,https://www.direct.aviva.co.uk/wealth/FundChoice/SelfSelectFundsList/FundDetails/B7134X7/SelfSelectFund
4251,Schroder QEP Global Active Value Class Z Income,,https://www.direct.aviva.co.uk/wealth/FundChoice/SelfSelectFundsList/FundDetails/B76V8H8/SelfSelectFund
4257,Schroder QEP US Core Class I Income,,https://www.direct.aviva.co.uk/wealth/FundChoice/SelfSelectFundsList/FundDetails/0764823/SelfSelectFund
4263,Schroder Sterling Corporate Bond Class Z Income,,https://www.direct.aviva.co.uk/wealth/FundChoice/SelfSelectFundsList/FundDetails/B745850/SelfSelectFund
4269,Schroder Strategic Credit Fund Class Z Income,,https://www.direct.aviva.co.uk/wealth/FundChoice/SelfSelectFundsList/FundDetails/BJZ2ZK8/SelfSelectFund
4275,Schroder Sustainable UK Equity Class Z Income,,https://www.direct.aviva.co.uk/wealth/FundChoice/SelfSelectFundsList/FundDetails/3231261/SelfSelectFund
4281,Schroder UK Alpha Plus Class Z Income,,https://www.direct.aviva.co.uk/wealth/FundChoice/SelfSelectFundsList/FundDetails/B60R7N4/SelfSelectFund
4287,Schroder UK Smaller Companies Class Z Income,,https://www.direct.aviva.co.uk/wealth/FundChoice/SelfSelectFundsList/FundDetails/B76V801/SelfSelectFund
4293,Schroder US Smaller Companies Class Z Accumulation,,https://www.direct.aviva.co.uk/wealth/FundChoice/SelfSelectFundsList/FundDetails/B7LDL92/SelfSelectFund
4299,Slater Investments Slater Recovery Class P Accumulation,,https://www.direct.aviva.co.uk/wealth/FundChoice/SelfSelectFundsList/FundDetails/B90KTC7/SelfSelectFund
4305,Stewart Investors Asia Pacific Leaders Class VI Accumulation,,https://www.direct.aviva.co.uk/wealth/FundChoice/SelfSelectFundsList/FundDetails/BKDRZ79/SelfSelectFund
4311,Stewart Investors Worldwide Class B Accumulation,,https://www.direct.aviva.co.uk/wealth/FundChoice/SelfSelectFundsList/FundDetails/B7W3061/SelfSelectFund
4317,Stonehage Fleming TM Stonehage Fleming International Fund Class B Income,,https://www.direct.aviva.co.uk/wealth/FundChoice/SelfSelectFundsList/FundDetails/3221109/SelfSelectFund
4323,T. Rowe Price Funds OEIC Global Dividend Equity Class C Income,,https://www.direct.aviva.co.uk/wealth/FundChoice/SelfSelectFundsList/FundDetails/BVP9C35/SelfSelectFund
4329,T. Rowe Price Funds OEIC Japanese Equity Class C10 Accumulation,,https://www.direct.aviva.co.uk/wealth/FundChoice/SelfSelectFundsList/FundDetails/BM638Z7/SelfSelectFund
4335,T. Rowe Price SICAV Asian Opportunities Equity Class Q (GBP) Accumulation,,https://www.direct.aviva.co.uk/wealth/FundChoice/SelfSelectFundsList/FundDetails/BMW3NF6/SelfSelectFund
4341,T. Rowe Price SICAV Global Growth Equity Class Q (GBP) Accumulation,,https://www.direct.aviva.co.uk/wealth/FundChoice/SelfSelectFundsList/FundDetails/B8H3X64/SelfSelectFund
4347,T. Rowe Price SICAV US Large Cap Value Equity Class Q (GBP) Accumulation,,https://www.direct.aviva.co.uk/wealth/FundChoice/SelfSelectFundsList/FundDetails/BJT34Y4/SelfSelectFund
4353,Thesis Unit Trusts TM UBS (UK) - Balanced Class F Accumulation,,https://www.direct.aviva.co.uk/wealth/FundChoice/SelfSelectFundsList/FundDetails/BCV7SW1/SelfSelectFund
4359,Thesis Unit Trusts TM UBS (UK) - Global Yield Class F Accumulation,,https://www.direct.aviva.co.uk/wealth/FundChoice/SelfSelectFundsList/FundDetails/BCV7SY3/SelfSelectFund
4365,Time Investments ARC TIME Property Income & Growth PAIF Class A Gross Accumulation,,https://www.direct.aviva.co.uk/wealth/FundChoice/SelfSelectFundsList/FundDetails/BMH7WH8/SelfSelectFund
4371,Time Investments ARC TIME UK Infrastructure Income Fund II Class C Accumulation,,https://www.direct.aviva.co.uk/wealth/FundChoice/SelfSelectFundsList/FundDetails/BP5GQC1/SelfSelectFund
4377,TrinityBridge Conservative Tactical Passive Class X Acc Accumulation,,https://www.direct.aviva.co.uk/wealth/FundChoice/SelfSelectFundsList/FundDetails/B88TGW8/SelfSelectFund
4383,TrinityBridge Managed Balanced Class X Acc Accumulation,,https://www.direct.aviva.co.uk/wealth/FundChoice/SelfSelectFundsList/FundDetails/B8H6TT8/SelfSelectFund
4389,TrinityBridge Select Fixed Income Class X Accumulation,,https://www.direct.aviva.co.uk/wealth/FundChoice/SelfSelectFundsList/FundDetails/BD6DSC1/SelfSelectFund
4395,Triodos IM Triodos Global Equities Impact Fund Class KR Income,,https://www.direct.aviva.co.uk/wealth/FundChoice/SelfSelectFundsList/FundDetails/BYYJD67/SelfSelectFund
4401,Trium UCITS Trium Climate Impact Fund Class F Accumulation,,https://www.direct.aviva.co.uk/wealth/FundChoice/SelfSelectFundsList/FundDetails/BN487Q5/SelfSelectFund
4407,Troy (UK) Trojan Class X Accumulation,,https://www.direct.aviva.co.uk/wealth/FundChoice/SelfSelectFundsList/FundDetails/BZ6CNS3/SelfSelectFund
4413,Troy (UK) Trojan Ethical Global Income Class O Accumulation,,https://www.direct.aviva.co.uk/wealth/FundChoice/SelfSelectFundsList/FundDetails/BNR5HJ6/SelfSelectFund
4419,Troy (UK) Trojan Global Income Class O Income,,https://www.direct.aviva.co.uk/wealth/FundChoice/SelfSelectFundsList/FundDetails/BD82KQ4/SelfSelectFund
4425,TwentyFour Global Investment Funds Corporate Bond GBP Income,,https://www.direct.aviva.co.uk/wealth/FundChoice/SelfSelectFundsList/FundDetails/BSMTGH9/SelfSelectFund
4431,UBP UBAM - Biodiversity Restoration Class KC Accumulation,,https://www.direct.aviva.co.uk/wealth/FundChoice/SelfSelectFundsList/FundDetails/BKP5623/SelfSelectFund
4437,UBS (Lux) Bond Fund - Full Cycle Asian Bond Class Q (GBP hedged) Income,,https://www.direct.aviva.co.uk/wealth/FundChoice/SelfSelectFundsList/FundDetails/BNGFN99/SelfSelectFund
4443,UBS Asset Management UBS Global Enhanced Equity Income Class C Accumulation,,https://www.direct.aviva.co.uk/wealth/FundChoice/SelfSelectFundsList/FundDetails/BL0RSN6/SelfSelectFund
4449,UBS Asset Management UBS Sterling Corporate Bond Indexed Fund Class C (Gross) Accumulation,,https://www.direct.aviva.co.uk/wealth/FundChoice/SelfSelectFundsList/FundDetails/B95J178/SelfSelectFund
4455,UTI International (Singapore) UTI India Dynamic Equity Fund Class RDR Accumulation,,https://www.direct.aviva.co.uk/wealth/FundChoice/SelfSelectFundsList/FundDetails/BDH6RR7/SelfSelectFund
4461,Unicorn UK Income Class B Accumulation,,https://www.direct.aviva.co.uk/wealth/FundChoice/SelfSelectFundsList/FundDetails/B9XQFY6/SelfSelectFund
4467,Valu-Trac VT Aspen Four Seasons I Class Accumulation,,https://www.direct.aviva.co.uk/wealth/FundChoice/SelfSelectFundsList/FundDetails/BN91TN0/SelfSelectFund
4473,Valu-Trac VT Balanced Portfolio Overlay Class C Accumulation,,https://www.direct.aviva.co.uk/wealth/FundChoice/SelfSelectFundsList/FundDetails/BYV0VP8/SelfSelectFund
4479,Valu-Trac VT Cantab Moderate Class A Accumulation,,https://www.direct.aviva.co.uk/wealth/FundChoice/SelfSelectFundsList/FundDetails/BG210G8/SelfSelectFund
4485,Valu-Trac VT Cautious Portfolio Overlay Class C Accumulation,,https://www.direct.aviva.co.uk/wealth/FundChoice/SelfSelectFundsList/FundDetails/BYV0VN6/SelfSelectFund
4491,Valu-Trac VT Defensive Portfolio Overlay Class C Accumulation,,https://www.direct.aviva.co.uk/wealth/FundChoice/SelfSelectFundsList/FundDetails/BYV0VM5/SelfSelectFund
4497,Valu-Trac VT Discovery Managed Growth Class B Sterling Accumulation,,https://www.direct.aviva.co.uk/wealth/FundChoice/SelfSelectFundsList/FundDetails/B92MKL7/SelfSelectFund
4503,Valu-Trac VT EPIC Multi Asset Growth Class R Income,,https://www.direct.aviva.co.uk/wealth/FundChoice/SelfSelectFundsList/FundDetails/BDZTGX7/SelfSelectFund
4509,Valu-Trac VT Garraway Absolute Equity (CLOSED) Class I Accumulation,,https://www.direct.aviva.co.uk/wealth/FundChoice/SelfSelectFundsList/FundDetails/B2PX1C6/SelfSelectFund
4515,Valu-Trac VT Greystone Global Growth Fund Class R Accumulation,,https://www.direct.aviva.co.uk/wealth/FundChoice/SelfSelectFundsList/FundDetails/B79FLP6/SelfSelectFund
4521,Valu-Trac VT Johnston Growth Class A Accumulation,,https://www.direct.aviva.co.uk/wealth/FundChoice/SelfSelectFundsList/FundDetails/BM95292/SelfSelectFund
4527,Valu-Trac VT Munro Smart-Beta UK Class X Accumulation,,https://www.direct.aviva.co.uk/wealth/FundChoice/SelfSelectFundsList/FundDetails/B1Z8LM4/SelfSelectFund
4533,Valu-Trac VT PortfolioMetrix Core Balanced GBP Accumulation Accumulation,,https://www.direct.aviva.co.uk/wealth/FundChoice/SelfSelectFundsList/FundDetails/BM9GNH0/SelfSelectFund
4539,Valu-Trac VT RM Alternative Income Institutional Accumulation,,https://www.direct.aviva.co.uk/wealth/FundChoice/SelfSelectFundsList/FundDetails/BD6SVV6/SelfSelectFund
4545,Valu-Trac VT Sinfonia Income and Growth Portfolio Class A Accumulation,,https://www.direct.aviva.co.uk/wealth/FundChoice/SelfSelectFundsList/FundDetails/B2R2XR0/SelfSelectFund
4551,Valu-Trac VT Tatton Blended Cautious Fund Class A Accumulation,,https://www.direct.aviva.co.uk/wealth/FundChoice/SelfSelectFundsList/FundDetails/BFFXR96/SelfSelectFund
4557,Valu-Trac VT Tatton Passive Cautious Class I Accumulation,,https://www.direct.aviva.co.uk/wealth/FundChoice/SelfSelectFundsList/FundDetails/BLB17M9/SelfSelectFund
4563,Valu-Trac VT Tyndall Global Select Fund Class B Accumulation,,https://www.direct.aviva.co.uk/wealth/FundChoice/SelfSelectFundsList/FundDetails/BGRCF38/SelfSelectFund
4569,Valu-Trac VT Tyndall Unconstrained UK Income Fund Class A Accumulation,,https://www.direct.aviva.co.uk/wealth/FundChoice/SelfSelectFundsList/FundDetails/BYX0D61/SelfSelectFund
4575,Vanguard ActiveLife Climate Aware 40-50% Equity Class A Accumulation,,https://www.direct.aviva.co.uk/wealth/FundChoice/SelfSelectFundsList/FundDetails/BMCQRZ3/SelfSelectFund
4581,Vanguard ESG Developed Europe Index Acc Accumulation,,https://www.direct.aviva.co.uk/wealth/FundChoice/SelfSelectFundsList/FundDetails/B76VTL9/SelfSelectFund
4587,Vanguard ESG Global Corporate Bond Index Hedged Accumulation,,https://www.direct.aviva.co.uk/wealth/FundChoice/SelfSelectFundsList/FundDetails/BNDS119/SelfSelectFund
4593,Vanguard Emerging Markets Stock Index Acc Accumulation,,https://www.direct.aviva.co.uk/wealth/FundChoice/SelfSelectFundsList/FundDetails/B50MZ72/SelfSelectFund
4599,Vanguard FTSE Developed Europe ex-U.K Equity Index GBP Accumulation,,https://www.direct.aviva.co.uk/wealth/FundChoice/SelfSelectFundsList/FundDetails/B5B71H8/SelfSelectFund
4605,Vanguard FTSE U.K Equity Income Index GBP Accumulation,,https://www.direct.aviva.co.uk/wealth/FundChoice/SelfSelectFundsList/FundDetails/B59G4H8/SelfSelectFund
4611,Vanguard Global Capital Stewards Equity Class A Accumulation,,https://www.direct.aviva.co.uk/wealth/FundChoice/SelfSelectFundsList/FundDetails/BMV9B62/SelfSelectFund
4617,Vanguard Global Credit Bond Retail Hedged Accumulation,,https://www.direct.aviva.co.uk/wealth/FundChoice/SelfSelectFundsList/FundDetails/BYV1RG4/SelfSelectFund
4623,Vanguard Global Equity Income Class A Accumulation,,https://www.direct.aviva.co.uk/wealth/FundChoice/SelfSelectFundsList/FundDetails/BZ82ZW9/SelfSelectFund
4629,Vanguard Global Small-Cap Index GBP Income,,https://www.direct.aviva.co.uk/wealth/FundChoice/SelfSelectFundsList/FundDetails/B3X1LS5/SelfSelectFund
4635,Vanguard LifeStrategy Global 100% Equity Class A Accumulation,,https://www.direct.aviva.co.uk/wealth/FundChoice/SelfSelectFundsList/FundDetails/BVPLDL6/SelfSelectFund
4641,Vanguard LifeStrategy Global 60% Equity Class A Accumulation,,https://www.direct.aviva.co.uk/wealth/FundChoice/SelfSelectFundsList/FundDetails/BVPLDQ1/SelfSelectFund
4647,Vanguard Lifestrategy 20% Equity Class A Gross Accumulation,,https://www.direct.aviva.co.uk/wealth/FundChoice/SelfSelectFundsList/FundDetails/B4NXY34/SelfSelectFund
4653,Vanguard Lifestrategy 80% Equity Class A Accumulation,,https://www.direct.aviva.co.uk/wealth/FundChoice/SelfSelectFundsList/FundDetails/B4PQW15/SelfSelectFund
4659,Vanguard Target Retirement 2015 Class A Accumulation,,https://www.direct.aviva.co.uk/wealth/FundChoice/SelfSelectFundsList/FundDetails/BZ6VHV1/SelfSelectFund
4665,Vanguard Target Retirement 2045 Class A Accumulation,,https://www.direct.aviva.co.uk/wealth/FundChoice/SelfSelectFundsList/FundDetails/BZ6VK89/SelfSelectFund
4671,Vanguard U.K Government Bond Index GBP Income,,https://www.direct.aviva.co.uk/wealth/FundChoice/SelfSelectFundsList/FundDetails/B1S7582/SelfSelectFund
4677,Vanguard U.K. Long Duration Gilt Index GBP Income,,https://www.direct.aviva.co.uk/wealth/FundChoice/SelfSelectFundsList/FundDetails/B44DQC6/SelfSelectFund
4683,Vanguard U.S Equity Index GBP Income,,https://www.direct.aviva.co.uk/wealth/FundChoice/SelfSelectFundsList/FundDetails/B5B74S0/SelfSelectFund
4689,Veritas China Class A Income,,https://www.direct.aviva.co.uk/wealth/FundChoice/SelfSelectFundsList/FundDetails/B4QQGK1/SelfSelectFund
4695,Virtus Global Funds Virtus GF SGA Global Growth Class E Income,,https://www.direct.aviva.co.uk/wealth/FundChoice/SelfSelectFundsList/FundDetails/BDR6MM7/SelfSelectFund
4701,Vulcan Vulcan Value Equity Fund GBP Accumulation,,https://www.direct.aviva.co.uk/wealth/FundChoice/SelfSelectFundsList/FundDetails/B8VYS68/SelfSelectFund
4707,WFM EF 8AM Balanced Class A Income,,https://www.direct.aviva.co.uk/wealth/FundChoice/SelfSelectFundsList/FundDetails/B9L57F0/SelfSelectFund
4713,WFM EF FACET Cautious Discretionary Portfolio (CLOSED) Class B Accumulation,,https://www.direct.aviva.co.uk/wealth/FundChoice/SelfSelectFundsList/FundDetails/B3Q4TW1/SelfSelectFund
4719,WFM WAY Flexible Global Growth Portfolio Class E Accumulation,,https://www.direct.aviva.co.uk/wealth/FundChoice/SelfSelectFundsList/FundDetails/B96VT46/SelfSelectFund
4725,WFM WAY Global Growth Portfolio Fund Class E Income,,https://www.direct.aviva.co.uk/wealth/FundChoice/SelfSelectFundsList/FundDetails/B8DRG49/SelfSelectFund
4731,WS Aegon Risk-Managed 2 Fund Class A Accumulation,,https://www.direct.aviva.co.uk/wealth/FundChoice/SelfSelectFundsList/FundDetails/BL38YK5/SelfSelectFund
4737,WS Aegon Risk-Managed 5 Fund Class A Accumulation,,https://www.direct.aviva.co.uk/wealth/FundChoice/SelfSelectFundsList/FundDetails/BL38Z13/SelfSelectFund
4743,WS Doherty WS Calibre Equity Class B Accumulation,,https://www.direct.aviva.co.uk/wealth/FundChoice/SelfSelectFundsList/FundDetails/B92M1L4/SelfSelectFund
4749,WS General Global Investment Funds WS Lancaster Global Equity Class I Accumulation,,https://www.direct.aviva.co.uk/wealth/FundChoice/SelfSelectFundsList/FundDetails/B54RK12/SelfSelectFund
4755,WS Gresham House WS Gresham House UK Smaller Companies Class C Accumulation,,https://www.direct.aviva.co.uk/wealth/FundChoice/SelfSelectFundsList/FundDetails/BH416G5/SelfSelectFund
4761,WS Guinness Investment Funds WS Guinness Global Equity Income Fund Class Y Accumulation,,https://www.direct.aviva.co.uk/wealth/FundChoice/SelfSelectFundsList/FundDetails/BNGFN77/SelfSelectFund
4767,WS Havelock Global Select A Accumulation,,https://www.direct.aviva.co.uk/wealth/FundChoice/SelfSelectFundsList/FundDetails/BFM7DN7/SelfSelectFund
4773,WS Lightman Investment Funds WS Lightman European Fund Class R Income,,https://www.direct.aviva.co.uk/wealth/FundChoice/SelfSelectFundsList/FundDetails/BJCWFZ6/SelfSelectFund
4779,WS Montanaro WS Montanaro UK Income Fund Class A Income,,https://www.direct.aviva.co.uk/wealth/FundChoice/SelfSelectFundsList/FundDetails/BJRCFQ2/SelfSelectFund
4785,WS Prudential Risk Managed Active 2 Class P Income,,https://www.direct.aviva.co.uk/wealth/FundChoice/SelfSelectFundsList/FundDetails/BF23261/SelfSelectFund
4791,WS Prudential Risk Managed Active 5 Class P Income,,https://www.direct.aviva.co.uk/wealth/FundChoice/SelfSelectFundsList/FundDetails/BF232D8/SelfSelectFund
4797,WS Prudential Risk Managed Passive 3 Class P Income,,https://www.direct.aviva.co.uk/wealth/FundChoice/SelfSelectFundsList/FundDetails/BF232J4/SelfSelectFund
4803,WS Sequel WS Sequel Cautious Target Return Strategy Fund Class B Accumulation,,https://www.direct.aviva.co.uk/wealth/FundChoice/SelfSelectFundsList/FundDetails/BBDRQK6/SelfSelectFund
4809,WS T. Bailey Multi-Asset Dynamic A Income,,https://www.direct.aviva.co.uk/wealth/FundChoice/SelfSelectFundsList/FundDetails/B1385S0/SelfSelectFund
4815,Waverton Absolute Return Class P Income,,https://www.direct.aviva.co.uk/wealth/FundChoice/SelfSelectFundsList/FundDetails/BGCYWX8/SelfSelectFund
4821,Waverton Multi-Asset Cautious Class P Acc Accumulation,,https://www.direct.aviva.co.uk/wealth/FundChoice/SelfSelectFundsList/FundDetails/BS82C29/SelfSelectFund
4827,Waverton Real Assets Class P Income,,https://www.direct.aviva.co.uk/wealth/FundChoice/SelfSelectFundsList/FundDetails/BF5KV17/SelfSelectFund
4833,Waystone IE Titan Hybrid Capital Bond Fund Class B Income,,https://www.direct.aviva.co.uk/wealth/FundChoice/SelfSelectFundsList/FundDetails/BZ6VKQ7/SelfSelectFund
4839,Wellington Emerging Markets Research Equity Core Class N Unhedged Accumulation,,https://www.direct.aviva.co.uk/wealth/FundChoice/SelfSelectFundsList/FundDetails/BLD1VQ9/SelfSelectFund
4845,Wellington Global Equity Income Class N Q2 Unhedged Accumulation,,https://www.direct.aviva.co.uk/wealth/FundChoice/SelfSelectFundsList/FundDetails/BP4TM23/SelfSelectFund
4851,Wellington Global Quality Value Class N Unhedged Accumulation,,https://www.direct.aviva.co.uk/wealth/FundChoice/SelfSelectFundsList/FundDetails/BQS8VQ0/SelfSelectFund
4857,Wellington World Bond Class N Hedged Accumulation,,https://www.direct.aviva.co.uk/wealth/FundChoice/SelfSelectFundsList/FundDetails/BF2ZV82/SelfSelectFund
4863,Winton Capital Management Winton Trend Enhanced Global Equity Class I (UnHedged) Accumulation,,https://www.direct.aviva.co.uk/wealth/FundChoice/SelfSelectFundsList/FundDetails/BPJK9Q4/SelfSelectFund
4869,Yealand Fund Services Limited Electric & General Investment Fund Class A Income Income,,https://www.direct.aviva.co.uk/wealth/FundChoice/SelfSelectFundsList/FundDetails/B52CBS3/SelfSelectFund
4875,Yealand Fund Services Limited YFS Argonaut Flexible I Class Income,,https://www.direct.aviva.co.uk/wealth/FundChoice/SelfSelectFundsList/FundDetails/BTCLCS5/SelfSelectFund
4881,Yealand Fund Services Limited YFS Hathaway Fund Income,,https://www.direct.aviva.co.uk/wealth/FundChoice/SelfSelectFundsList/FundDetails/3239533/SelfSelectFund
4887,abrdn OEIC abrdn American Equity Class I Accumulation,,https://www.direct.aviva.co.uk/wealth/FundChoice/SelfSelectFundsList/FundDetails/B0XWN25/SelfSelectFund
4893,abrdn OEIC abrdn Asia Pacific Equity Enhanced Index Class B Accumulation,,https://www.direct.aviva.co.uk/wealth/FundChoice/SelfSelectFundsList/FundDetails/BRJL7V2/SelfSelectFund
4899,abrdn OEIC abrdn Emerging Markets Equity Class I Accumulation,,https://www.direct.aviva.co.uk/wealth/FundChoice/SelfSelectFundsList/FundDetails/3322756/SelfSelectFund
4905,abrdn OEIC abrdn Ethical Corporate Bond Class I Income,,https://www.direct.aviva.co.uk/wealth/FundChoice/SelfSelectFundsList/FundDetails/B0LNNL9/SelfSelectFund
4911,abrdn OEIC abrdn European Real estate Share Class I Accumulation,,https://www.direct.aviva.co.uk/wealth/FundChoice/SelfSelectFundsList/FundDetails/BWK2690/SelfSelectFund
4917,abrdn OEIC abrdn Global Corporate Bond Screened Tracker Fund Class B Income,,https://www.direct.aviva.co.uk/wealth/FundChoice/SelfSelectFundsList/FundDetails/BF47313/SelfSelectFund
4923,abrdn OEIC abrdn Global Inflation-Linked Bond Tracker Class B Accumulation,,https://www.direct.aviva.co.uk/wealth/FundChoice/SelfSelectFundsList/FundDetails/BG08N17/SelfSelectFund
4929,abrdn OEIC abrdn Global Smaller Companies Class I Accumulation,,https://www.direct.aviva.co.uk/wealth/FundChoice/SelfSelectFundsList/FundDetails/B777SP3/SelfSelectFund
4935,abrdn OEIC abrdn Japanese Equity Class I Accumulation,,https://www.direct.aviva.co.uk/wealth/FundChoice/SelfSelectFundsList/FundDetails/0452173/SelfSelectFund
4941,abrdn OEIC abrdn MyFolio Core III Class I Accumulation,,https://www.direct.aviva.co.uk/wealth/FundChoice/SelfSelectFundsList/FundDetails/B53X7B0/SelfSelectFund
4947,abrdn OEIC abrdn MyFolio Enhanced ESG I Institutional Class B Accumulation,,https://www.direct.aviva.co.uk/wealth/FundChoice/SelfSelectFundsList/FundDetails/BN4R5R9/SelfSelectFund
4953,abrdn OEIC abrdn MyFolio Enhanced ESG Index IV Class B Fixed Accumulation,,https://www.direct.aviva.co.uk/wealth/FundChoice/SelfSelectFundsList/FundDetails/BMXNWF8/SelfSelectFund
4959,abrdn OEIC abrdn MyFolio Index IV Class B Fixed Accumulation,,https://www.direct.aviva.co.uk/wealth/FundChoice/SelfSelectFundsList/FundDetails/BHZCQY5/SelfSelectFund
4965,abrdn OEIC abrdn MyFolio Multi-Manager III Inst. Income,,https://www.direct.aviva.co.uk/wealth/FundChoice/SelfSelectFundsList/FundDetails/BPJLRL8/SelfSelectFund
4971,abrdn OEIC abrdn North American Small & Mid-Cap Equity Fund Class I Accumulation,,https://www.direct.aviva.co.uk/wealth/FundChoice/SelfSelectFundsList/FundDetails/0448309/SelfSelectFund
4977,abrdn OEIC abrdn Short Duration Global Inflation-Linked Bond Class I Accumulation,,https://www.direct.aviva.co.uk/wealth/FundChoice/SelfSelectFundsList/FundDetails/BP25R51/SelfSelectFund
4983,abrdn OEIC abrdn Sterling Money Market Class I Income,,https://www.direct.aviva.co.uk/wealth/FundChoice/SelfSelectFundsList/FundDetails/B1C4244/SelfSelectFund
4989,abrdn OEIC abrdn Strategic Bond Gross I Income,,https://www.direct.aviva.co.uk/wealth/FundChoice/SelfSelectFundsList/FundDetails/BWK2827/SelfSelectFund
4995,abrdn OEIC abrdn UK Government Bond Class I Accumulation,,https://www.direct.aviva.co.uk/wealth/FundChoice/SelfSelectFundsList/FundDetails/0433338/SelfSelectFund
5001,abrdn OEIC abrdn UK Real Estate Feeder Fund Class I Accumulation,,https://www.direct.aviva.co.uk/wealth/FundChoice/SelfSelectFundsList/FundDetails/BYPHPB9/SelfSelectFund
5007,abrdn OEIC abrdn UK Sustainable Equity Class I Accumulation,,https://www.direct.aviva.co.uk/wealth/FundChoice/SelfSelectFundsList/FundDetails/B131GD1/SelfSelectFund
5013,abrdn SICAV Asian Smaller Companies Class X Accumulation,,https://www.direct.aviva.co.uk/wealth/FundChoice/SelfSelectFundsList/FundDetails/B8GQ580/SelfSelectFund
5019,abrdn SICAV Emerging Markets SDG Corporate Bond Class X Accumulation,,https://www.direct.aviva.co.uk/wealth/FundChoice/SelfSelectFundsList/FundDetails/BQKVQ40/SelfSelectFund
5025,abrdn SICAV Future Global Equity Class X Accumulation,,https://www.direct.aviva.co.uk/wealth/FundChoice/SelfSelectFundsList/FundDetails/B8HTXL7/SelfSelectFund
5031,abrdn SICAV Japanese Smaller Companies Sustainable Equity Class X Accumulation,,https://www.direct.aviva.co.uk/wealth/FundChoice/SelfSelectFundsList/FundDetails/B7LCDW6/SelfSelectFund
5037,iShares Developed Real Estate Index Class D Accumulating GBP Hedged Accumulation,,https://www.direct.aviva.co.uk/wealth/FundChoice/SelfSelectFundsList/FundDetails/BPLMXV1/SelfSelectFund
