index,name,isin,url
5,7IM AAP Balanced Class C Income,GB00B2PB2V64,https://www.direct.aviva.co.uk/wealth/FundChoice/SelfSelectFundsList/FundDetails/B2PB2V6/SelfSelectFund
6,7IM AAP Cautious Class C Accumulation,,https://www.direct.aviva.co.uk/wealth/FundChoice/SelfSelectFundsList/FundDetails/BMXV854/SelfSelectFund
7,7IM AAP Cautious Class C Income,,https://www.direct.aviva.co.uk/wealth/FundChoice/SelfSelectFundsList/FundDetails/BMXV7D5/SelfSelectFund
8,7IM AAP Moderately Adventurous Class C Accumulation,,https://www.direct.aviva.co.uk/wealth/FundChoice/SelfSelectFundsList/FundDetails/B2PB2M7/SelfSelectFund
9,7IM AAP Moderately Adventurous Class C Income,,https://www.direct.aviva.co.uk/wealth/FundChoice/SelfSelectFundsList/FundDetails/B2PB2K5/SelfSelectFund
10,7IM AAP Moderately Cautious Class C Accumulation,,https://www.direct.aviva.co.uk/wealth/FundChoice/SelfSelectFundsList/FundDetails/B2PB216/SelfSelectFund
11,7IM AAP Moderately Cautious Class C Income,,https://www.direct.aviva.co.uk/wealth/FundChoice/SelfSelectFundsList/FundDetails/B2PB205/SelfSelectFund
13,7IM Adventurous Class C Income,,https://www.direct.aviva.co.uk/wealth/FundChoice/SelfSelectFundsList/FundDetails/3395770/SelfSelectFund
14,7IM Balanced Class C Accumulation,,https://www.direct.aviva.co.uk/wealth/FundChoice/SelfSelectFundsList/FundDetails/3395974/SelfSelectFund
15,7IM Balanced Class C Income,,https://www.direct.aviva.co.uk/wealth/FundChoice/SelfSelectFundsList/FundDetails/3395929/SelfSelectFund
16,7IM Moderately Adventurous Class C Accumulation,,https://www.direct.aviva.co.uk/wealth/FundChoice/SelfSelectFundsList/FundDetails/3395651/SelfSelectFund
17,7IM Moderately Adventurous Class C Income,,https://www.direct.aviva.co.uk/wealth/FundChoice/SelfSelectFundsList/FundDetails/3395639/SelfSelectFund
18,7IM Moderately Cautious Class C Accumulation,,https://www.direct.aviva.co.uk/wealth/FundChoice/SelfSelectFundsList/FundDetails/3395349/SelfSelectFund
19,7IM Moderately Cautious Class C Income,,https://www.direct.aviva.co.uk/wealth/FundChoice/SelfSelectFundsList/FundDetails/3395327/SelfSelectFund
20,7IM Pathbuilder 1 Class 1C Accumulation,,https://www.direct.aviva.co.uk/wealth/FundChoice/SelfSelectFundsList/FundDetails/BMDPBQ8/SelfSelectFund
21,7IM Pathbuilder 1 Class 1C Inc Income,,https://www.direct.aviva.co.uk/wealth/FundChoice/SelfSelectFundsList/FundDetails/BMDPC09/SelfSelectFund
23,7IM Pathbuilder 2 Class 2C Accumulation,,https://www.direct.aviva.co.uk/wealth/FundChoice/SelfSelectFundsList/FundDetails/BMDPC32/SelfSelectFund
24,7IM Pathbuilder 3 Class 3C Accumulation,,https://www.direct.aviva.co.uk/wealth/FundChoice/SelfSelectFundsList/FundDetails/BMDPC76/SelfSelectFund
25,7IM Pathbuilder 3 Class C Inc Income,,https://www.direct.aviva.co.uk/wealth/FundChoice/SelfSelectFundsList/FundDetails/BMDPC87/SelfSelectFund
26,7IM Pathbuilder 4 Class 4 Acc Accumulation,,https://www.direct.aviva.co.uk/wealth/FundChoice/SelfSelectFundsList/FundDetails/BMDPCC1/SelfSelectFund
27,7IM Pathbuilder 4 Class 4 Inc Income,,https://www.direct.aviva.co.uk/wealth/FundChoice/SelfSelectFundsList/FundDetails/BMDPCD2/SelfSelectFund
28,7IM Real Return Class C Accumulation,,https://www.direct.aviva.co.uk/wealth/FundChoice/SelfSelectFundsList/FundDetails/B75MS61/SelfSelectFund
29,7IM Responsible Balanced Class C Accumulation,,https://www.direct.aviva.co.uk/wealth/FundChoice/SelfSelectFundsList/FundDetails/B1LBFZ8/SelfSelectFund
30,7IM Responsible Balanced Class C Income,,https://www.direct.aviva.co.uk/wealth/FundChoice/SelfSelectFundsList/FundDetails/B1LBG00/SelfSelectFund
31,AQR Capital Management AQR Apex UCITS Fund Class C1 Accumulation,,https://www.direct.aviva.co.uk/wealth/FundChoice/SelfSelectFundsList/FundDetails/BYZN302/SelfSelectFund
33,AQR Capital Management AQR Managed Futures UCITS Fund Class C Accumulation,,https://www.direct.aviva.co.uk/wealth/FundChoice/SelfSelectFundsList/FundDetails/BY4JSV7/SelfSelectFund
34,AQR Capital Management AQR Managed Futures UCITS Fund Class IAG1F Accumulation,,https://www.direct.aviva.co.uk/wealth/FundChoice/SelfSelectFundsList/FundDetails/BF4R982/SelfSelectFund
35,AQR Capital Management AQR Sustainable Delphi Long-Short Equity UCITS Fund Class IAG1 Accumulation,,https://www.direct.aviva.co.uk/wealth/FundChoice/SelfSelectFundsList/FundDetails/BD572T9/SelfSelectFund
36,ARGA IM ARGA Emerging Market Equity Class B Accumulation,,https://www.direct.aviva.co.uk/wealth/FundChoice/SelfSelectFundsList/FundDetails/BP41L00/SelfSelectFund
37,ARGA IM ARGA European Equity Class B Accumulation,,https://www.direct.aviva.co.uk/wealth/FundChoice/SelfSelectFundsList/FundDetails/BV0VHJ7/SelfSelectFund
38,ATLAS Infrastructure Partners ATLAS Global Infrastructure UCITS ICAV Series C GBP Hedged Share Class (Acc) Accumulation,,https://www.direct.aviva.co.uk/wealth/FundChoice/SelfSelectFundsList/FundDetails/BMV29Z6/SelfSelectFund
39,ATLAS Infrastructure Partners ATLAS Global Infrastructure UCITS ICAV Series C GBP Hedged Share Class (Inc) Income,,https://www.direct.aviva.co.uk/wealth/FundChoice/SelfSelectFundsList/FundDetails/BMFH485/SelfSelectFund
40,ATLAS Infrastructure Partners ATLAS Global Infrastructure UCITS ICAV Series C GBP Unhedged Share Class (Inc) Income,,https://www.direct.aviva.co.uk/wealth/FundChoice/SelfSelectFundsList/FundDetails/BMFH474/SelfSelectFund
41,AXA World Funds SICAVs ACT Clean Economy class F (Hedged) Accumulation,,https://www.direct.aviva.co.uk/wealth/FundChoice/SelfSelectFundsList/FundDetails/BYWL1T4/SelfSelectFund
43,AXA World Funds SICAVs Robotech Class F Accumulation,,https://www.direct.aviva.co.uk/wealth/FundChoice/SelfSelectFundsList/FundDetails/BDFDVS9/SelfSelectFund
44,Aberforth UK Small Companies ABERFORTH UK SMALL-UNITS-GBP/D Accumulation,,https://www.direct.aviva.co.uk/wealth/FundChoice/SelfSelectFundsList/FundDetails/0007272/SelfSelectFund
45,Aberforth UK Small Companies ABERFORTH UK SMALL-UNITS-GBP/D Income,,https://www.direct.aviva.co.uk/wealth/FundChoice/SelfSelectFundsList/FundDetails/B2N9GS7/SelfSelectFund
46,Aegon AM Absolute Return Bond Class B Accumulation,,https://www.direct.aviva.co.uk/wealth/FundChoice/SelfSelectFundsList/FundDetails/B6SPX87/SelfSelectFund
47,Aegon AM Absolute Return Bond Class B Income,,https://www.direct.aviva.co.uk/wealth/FundChoice/SelfSelectFundsList/FundDetails/B4QJCV3/SelfSelectFund
48,Aegon AM Absolute Return Bond Class C Accumulation,,https://www.direct.aviva.co.uk/wealth/FundChoice/SelfSelectFundsList/FundDetails/B6SLQ64/SelfSelectFund
49,Aegon AM Diversified Growth Fund Class B Accumulation,,https://www.direct.aviva.co.uk/wealth/FundChoice/SelfSelectFundsList/FundDetails/B625LX4/SelfSelectFund
50,Aegon AM Diversified Monthly Income Class B Accumulation,,https://www.direct.aviva.co.uk/wealth/FundChoice/SelfSelectFundsList/FundDetails/BJFLQY6/SelfSelectFund
51,Aegon AM Diversified Monthly Income Class B Income,,https://www.direct.aviva.co.uk/wealth/FundChoice/SelfSelectFundsList/FundDetails/BJFLR10/SelfSelectFund
53,Aegon AM Ethical Cautious Managed Class B Income,,https://www.direct.aviva.co.uk/wealth/FundChoice/SelfSelectFundsList/FundDetails/B7TCPG6/SelfSelectFund
54,Aegon AM Ethical Corporate Bond Class B Accumulation,,https://www.direct.aviva.co.uk/wealth/FundChoice/SelfSelectFundsList/FundDetails/B018K35/SelfSelectFund
55,Aegon AM Ethical Corporate Bond Class B Income,,https://www.direct.aviva.co.uk/wealth/FundChoice/SelfSelectFundsList/FundDetails/B0C4RP3/SelfSelectFund
56,Aegon AM Ethical Equity Class B Accumulation,,https://www.direct.aviva.co.uk/wealth/FundChoice/SelfSelectFundsList/FundDetails/0745088/SelfSelectFund
57,Aegon AM Ethical Equity Class B Income,,https://www.direct.aviva.co.uk/wealth/FundChoice/SelfSelectFundsList/FundDetails/B8FZHY8/SelfSelectFund
58,Aegon AM Global Equity Income Class B Accumulation,,https://www.direct.aviva.co.uk/wealth/FundChoice/SelfSelectFundsList/FundDetails/BF5SVX3/SelfSelectFund
59,Aegon AM Global Short Dated Climate Transition Fund Class S Accumulation,,https://www.direct.aviva.co.uk/wealth/FundChoice/SelfSelectFundsList/FundDetails/BL1GHK2/SelfSelectFund
60,Aegon AM Global Short Dated Climate Transition Fund Class S Income,,https://www.direct.aviva.co.uk/wealth/FundChoice/SelfSelectFundsList/FundDetails/BL1GHL3/SelfSelectFund
61,Aegon AM Global Short Dated High Yield Bond Class B (Hedged) Accumulation,,https://www.direct.aviva.co.uk/wealth/FundChoice/SelfSelectFundsList/FundDetails/BDCVTF9/SelfSelectFund
62,Aegon AM Global Sustainable Equity Class B Accumulation,,https://www.direct.aviva.co.uk/wealth/FundChoice/SelfSelectFundsList/FundDetails/BYZJ344/SelfSelectFund
63,Aegon AM Global Sustainable Equity Class C Accumulation,,https://www.direct.aviva.co.uk/wealth/FundChoice/SelfSelectFundsList/FundDetails/BYZJ377/SelfSelectFund
64,Aegon AM Global Sustainable Sovereign Bond Class I GBP Accumulation,,https://www.direct.aviva.co.uk/wealth/FundChoice/SelfSelectFundsList/FundDetails/BNDYV06/SelfSelectFund
65,Aegon AM High Yield Bond Class B Accumulation,,https://www.direct.aviva.co.uk/wealth/FundChoice/SelfSelectFundsList/FundDetails/3142556/SelfSelectFund
66,Aegon AM High Yield Bond Class B Income,,https://www.direct.aviva.co.uk/wealth/FundChoice/SelfSelectFundsList/FundDetails/B1N9DY5/SelfSelectFund
67,Aegon AM High Yield Global Bond (Ireland) Class B Accumulation,,https://www.direct.aviva.co.uk/wealth/FundChoice/SelfSelectFundsList/FundDetails/B296WS4/SelfSelectFund
68,Aegon AM High Yield Global Bond (Ireland) Class B Income,,https://www.direct.aviva.co.uk/wealth/FundChoice/SelfSelectFundsList/FundDetails/B296WQ2/SelfSelectFund
69,Aegon AM Investment Grade Bond Class B Accumulation,,https://www.direct.aviva.co.uk/wealth/FundChoice/SelfSelectFundsList/FundDetails/B141C76/SelfSelectFund
70,Aegon AM Investment Grade Bond Class B Income,,https://www.direct.aviva.co.uk/wealth/FundChoice/SelfSelectFundsList/FundDetails/B142F70/SelfSelectFund
71,Aegon AM Investment Grade Global Bond Fund Class B Accumulation,,https://www.direct.aviva.co.uk/wealth/FundChoice/SelfSelectFundsList/FundDetails/B296XP8/SelfSelectFund
72,Aegon AM Sterling Corporate Bond Class B Accumulation,,https://www.direct.aviva.co.uk/wealth/FundChoice/SelfSelectFundsList/FundDetails/0745163/SelfSelectFund
73,Aegon AM Sterling Corporate Bond Class B Income,,https://www.direct.aviva.co.uk/wealth/FundChoice/SelfSelectFundsList/FundDetails/3159987/SelfSelectFund
74,Aegon AM Strategic Bond Class B Accumulation,,https://www.direct.aviva.co.uk/wealth/FundChoice/SelfSelectFundsList/FundDetails/B3ZLQW2/SelfSelectFund
75,Aegon AM Strategic Bond Class B Income,,https://www.direct.aviva.co.uk/wealth/FundChoice/SelfSelectFundsList/FundDetails/B00MY36/SelfSelectFund
76,Aegon AM Strategic Global Income Class B Accumulation,,https://www.direct.aviva.co.uk/wealth/FundChoice/SelfSelectFundsList/FundDetails/B296YZ5/SelfSelectFund
77,Aegon AM Strategic Global Income Class B Income,,https://www.direct.aviva.co.uk/wealth/FundChoice/SelfSelectFundsList/FundDetails/B296YW2/SelfSelectFund
78,Aegon AM Sustainable Equity Class B Accumulation,,https://www.direct.aviva.co.uk/wealth/FundChoice/SelfSelectFundsList/FundDetails/0727451/SelfSelectFund
79,Aegon AM UK Equity Class B Accumulation,,https://www.direct.aviva.co.uk/wealth/FundChoice/SelfSelectFundsList/FundDetails/0745141/SelfSelectFund
80,Aegon AM UK Equity Class B Income,,https://www.direct.aviva.co.uk/wealth/FundChoice/SelfSelectFundsList/FundDetails/3052268/SelfSelectFund
81,Aegon AM UK Smaller Companies Class B Accumulation,,https://www.direct.aviva.co.uk/wealth/FundChoice/SelfSelectFundsList/FundDetails/B142FS1/SelfSelectFund
82,Affinity Private Wealth Better World Growth Class I Accumulation,,https://www.direct.aviva.co.uk/wealth/FundChoice/SelfSelectFundsList/FundDetails/FL04431/SelfSelectFund
83,Algebris Investments Algebris Financial Credit Fund Class I GBP Accumulation,,https://www.direct.aviva.co.uk/wealth/FundChoice/SelfSelectFundsList/FundDetails/B85LPZ3/SelfSelectFund
84,Algebris Investments Algebris Financial Credit Fund Class Id GBP Income,,https://www.direct.aviva.co.uk/wealth/FundChoice/SelfSelectFundsList/FundDetails/B8DD4P4/SelfSelectFund
85,Algebris Investments Algebris Financial Equity Fund Class B GBP Accumulation,,https://www.direct.aviva.co.uk/wealth/FundChoice/SelfSelectFundsList/FundDetails/BTLJYN9/SelfSelectFund
86,Algebris Investments Algebris Financial Income Fund Class I GBP Accumulation,,https://www.direct.aviva.co.uk/wealth/FundChoice/SelfSelectFundsList/FundDetails/BCZNWW3/SelfSelectFund
87,Algebris Investments Algebris Financial Income Fund Class Id GBP Income,,https://www.direct.aviva.co.uk/wealth/FundChoice/SelfSelectFundsList/FundDetails/BCZNX08/SelfSelectFund
88,Algebris Investments Algebris Global Credit Opportunities Fund Class I GBP Accumulation,,https://www.direct.aviva.co.uk/wealth/FundChoice/SelfSelectFundsList/FundDetails/BYT35N5/SelfSelectFund
89,Algebris Investments Algebris Global Credit Opportunities Fund Class Id GBP Income,,https://www.direct.aviva.co.uk/wealth/FundChoice/SelfSelectFundsList/FundDetails/BYT35P7/SelfSelectFund
90,Algebris Investments Algebris IG Financial Credit Fund Class I GBP Accumulation,,https://www.direct.aviva.co.uk/wealth/FundChoice/SelfSelectFundsList/FundDetails/BK1KH74/SelfSelectFund
91,Alliance Bernstein AB SICAV I – Global Growth Portfolio Class I Unhedged Accumulation,,https://www.direct.aviva.co.uk/wealth/FundChoice/SelfSelectFundsList/FundDetails/BMWWMF6/SelfSelectFund
92,Alliance Bernstein American Growth Portfolio Class l GBP Accumulation,,https://www.direct.aviva.co.uk/wealth/FundChoice/SelfSelectFundsList/FundDetails/BNM5Q72/SelfSelectFund
93,Alliance Bernstein Concentrated US Equity Portfolio Class I Unhedged Accumulation,,https://www.direct.aviva.co.uk/wealth/FundChoice/SelfSelectFundsList/FundDetails/BMWWMG7/SelfSelectFund
94,Alliance Bernstein Emerging Markets Multi-Asset Portfolio Class I Unhedged Accumulation,,https://www.direct.aviva.co.uk/wealth/FundChoice/SelfSelectFundsList/FundDetails/BMWWMJ0/SelfSelectFund
95,Alliance Bernstein International Healthcare Portfolio Class I Accumulation,,https://www.direct.aviva.co.uk/wealth/FundChoice/SelfSelectFundsList/FundDetails/BKP52N6/SelfSelectFund
96,Alliance Bernstein Low Volatility Equity Portfolio Class PTF I Accumulation,,https://www.direct.aviva.co.uk/wealth/FundChoice/SelfSelectFundsList/FundDetails/BMWWMK1/SelfSelectFund
97,Alliance Bernstein Short Duration High Yield Portfolio Class I2 Accumulation,,https://www.direct.aviva.co.uk/wealth/FundChoice/SelfSelectFundsList/FundDetails/BWNGYX9/SelfSelectFund
98,Alliance Bernstein Sustainable Global Thematic Credit Portfolio Class I2 GBP H Income,,https://www.direct.aviva.co.uk/wealth/FundChoice/SelfSelectFundsList/FundDetails/BL5GMW5/SelfSelectFund
99,Alliance Bernstein Sustainable Global Thematic Portfolio Class I Accumulation,,https://www.direct.aviva.co.uk/wealth/FundChoice/SelfSelectFundsList/FundDetails/BKC9H47/SelfSelectFund
100,Alliance Bernstein Sustainable US Thematic Portfolio Class I (Hedged) Accumulation,,https://www.direct.aviva.co.uk/wealth/FundChoice/SelfSelectFundsList/FundDetails/BP9QZD1/SelfSelectFund
101,Allianz Global Investors (Lux) All China Equity Class PT Accumulation,,https://www.direct.aviva.co.uk/wealth/FundChoice/SelfSelectFundsList/FundDetails/BKV0LP0/SelfSelectFund
102,Allianz Global Investors (Lux) Food Security Class P Income,,https://www.direct.aviva.co.uk/wealth/FundChoice/SelfSelectFundsList/FundDetails/BN6RFL1/SelfSelectFund
103,Allianz Global Investors (Lux) Global Hi-Tech Growth Class PT Income,,https://www.direct.aviva.co.uk/wealth/FundChoice/SelfSelectFundsList/FundDetails/BQLQ655/SelfSelectFund
104,Allianz Global Investors (Lux) Green Bond Class H2 GBP Income,,https://www.direct.aviva.co.uk/wealth/FundChoice/SelfSelectFundsList/FundDetails/BF09XJ1/SelfSelectFund
105,Allianz Global Investors UK Best Styles Global AC Equity Class C Accumulation,,https://www.direct.aviva.co.uk/wealth/FundChoice/SelfSelectFundsList/FundDetails/BYQ91X8/SelfSelectFund
106,Allianz Global Investors UK Best Styles Global AC Equity Class O Accumulation,,https://www.direct.aviva.co.uk/wealth/FundChoice/SelfSelectFundsList/FundDetails/BYZQV96/SelfSelectFund
107,Allianz Global Investors UK Continental European Class C Accumulation,,https://www.direct.aviva.co.uk/wealth/FundChoice/SelfSelectFundsList/FundDetails/B3Q8YX9/SelfSelectFund
108,Allianz Global Investors UK Emerging Markets Equity Class C Accumulation,,https://www.direct.aviva.co.uk/wealth/FundChoice/SelfSelectFundsList/FundDetails/B0WDH83/SelfSelectFund
109,Allianz Global Investors UK Emerging Markets Equity class O Accumulation,,https://www.direct.aviva.co.uk/wealth/FundChoice/SelfSelectFundsList/FundDetails/BYZQV63/SelfSelectFund
110,Allianz Global Investors UK Gilt Yield Class I Income,,https://www.direct.aviva.co.uk/wealth/FundChoice/SelfSelectFundsList/FundDetails/3138339/SelfSelectFund
111,Allianz Global Investors UK Index-Linked Gilt Fund Class E Income,,https://www.direct.aviva.co.uk/wealth/FundChoice/SelfSelectFundsList/FundDetails/BDD4M92/SelfSelectFund
112,Allianz Global Investors UK Index-Linked Gilt Fund Class W Accumulation,,https://www.direct.aviva.co.uk/wealth/FundChoice/SelfSelectFundsList/FundDetails/BDD4M69/SelfSelectFund
113,Allianz Global Investors UK Index-Linked Gilt Fund Class W Income,,https://www.direct.aviva.co.uk/wealth/FundChoice/SelfSelectFundsList/FundDetails/BDD4M70/SelfSelectFund
114,Allianz Global Investors UK RiskMaster Conservative Multi Asset Class Y Accumulation,,https://www.direct.aviva.co.uk/wealth/FundChoice/SelfSelectFundsList/FundDetails/BYMVB72/SelfSelectFund
115,Allianz Global Investors UK RiskMaster Growth Multi Asset Class Y Accumulation,,https://www.direct.aviva.co.uk/wealth/FundChoice/SelfSelectFundsList/FundDetails/BYMVBC7/SelfSelectFund
116,Allianz Global Investors UK RiskMaster Moderate Multi Asset Class Y Accumulation,,https://www.direct.aviva.co.uk/wealth/FundChoice/SelfSelectFundsList/FundDetails/BYMVB94/SelfSelectFund
117,Allianz Global Investors UK Strategic Bond Class C Income,,https://www.direct.aviva.co.uk/wealth/FundChoice/SelfSelectFundsList/FundDetails/B06T936/SelfSelectFund
118,Allianz Global Investors UK Total Return Asian Equity Class C Accumulation,,https://www.direct.aviva.co.uk/wealth/FundChoice/SelfSelectFundsList/FundDetails/BVYJ2G9/SelfSelectFund
119,Allianz Global Investors UK Total Return Asian Equity Class C Income,,https://www.direct.aviva.co.uk/wealth/FundChoice/SelfSelectFundsList/FundDetails/B1FRQV5/SelfSelectFund
120,Allianz Global Investors UK UK Listed Equity Income Class C Accumulation,,https://www.direct.aviva.co.uk/wealth/FundChoice/SelfSelectFundsList/FundDetails/BP5X398/SelfSelectFund
121,Allianz Global Investors UK UK Listed Equity Income Class C Income,,https://www.direct.aviva.co.uk/wealth/FundChoice/SelfSelectFundsList/FundDetails/B82ZGC2/SelfSelectFund
122,Allianz Global Investors UK UK Opportunities Class C Accumulation,,https://www.direct.aviva.co.uk/wealth/FundChoice/SelfSelectFundsList/FundDetails/B8BB944/SelfSelectFund
123,Allianz Global Investors UK UK Opportunities class O Accumulation,,https://www.direct.aviva.co.uk/wealth/FundChoice/SelfSelectFundsList/FundDetails/BYZQQN5/SelfSelectFund
124,Allspring (Lux) Worldwide Fund Climate Transition Global Equity Class Z Accumulation,,https://www.direct.aviva.co.uk/wealth/FundChoice/SelfSelectFundsList/FundDetails/BMDXPM6/SelfSelectFund
125,Allspring (Lux) Worldwide Fund Emerging Markets Equity Advantage Class Z Accumulation,,https://www.direct.aviva.co.uk/wealth/FundChoice/SelfSelectFundsList/FundDetails/B7VDVY7/SelfSelectFund
126,Allspring (Lux) Worldwide Fund Emerging Markets Equity Class I Accumulation,,https://www.direct.aviva.co.uk/wealth/FundChoice/SelfSelectFundsList/FundDetails/B673C52/SelfSelectFund
127,Allspring (Lux) Worldwide Fund Global Equity Enhanced Income Class Z Income,,https://www.direct.aviva.co.uk/wealth/FundChoice/SelfSelectFundsList/FundDetails/BM9CNN4/SelfSelectFund
128,Allspring (Lux) Worldwide Fund U.S. All Cap Growth Class I Accumulation,,https://www.direct.aviva.co.uk/wealth/FundChoice/SelfSelectFundsList/FundDetails/B3P0LJ1/SelfSelectFund
129,Allspring (Lux) Worldwide Fund U.S. All Cap Growth Class Z Accumulation,,https://www.direct.aviva.co.uk/wealth/FundChoice/SelfSelectFundsList/FundDetails/B8FWGL9/SelfSelectFund
130,Allspring (Lux) Worldwide Fund U.S. All Cap Growth Class Z Income,,https://www.direct.aviva.co.uk/wealth/FundChoice/SelfSelectFundsList/FundDetails/BHY3RK2/SelfSelectFund
131,Alquity SICAV Asia Class I Accumulation,,https://www.direct.aviva.co.uk/wealth/FundChoice/SelfSelectFundsList/FundDetails/BK6YNF1/SelfSelectFund
132,Alquity SICAV Asia Class Y Accumulation,,https://www.direct.aviva.co.uk/wealth/FundChoice/SelfSelectFundsList/FundDetails/BTJRGR3/SelfSelectFund
133,Alquity SICAV Future World Class I Accumulation,,https://www.direct.aviva.co.uk/wealth/FundChoice/SelfSelectFundsList/FundDetails/BK6YNG2/SelfSelectFund
134,Alquity SICAV Future World Class Y Accumulation,,https://www.direct.aviva.co.uk/wealth/FundChoice/SelfSelectFundsList/FundDetails/BTJRGT5/SelfSelectFund
135,Alquity SICAV Global Impact Class Y Accumulation,,https://www.direct.aviva.co.uk/wealth/FundChoice/SelfSelectFundsList/FundDetails/BTJRGQ2/SelfSelectFund
136,Alquity SICAV Indian Subcontinent Class I Accumulation,,https://www.direct.aviva.co.uk/wealth/FundChoice/SelfSelectFundsList/FundDetails/BK6YND9/SelfSelectFund
137,Alquity SICAV VAM Balanced Class D Accumulation,,https://www.direct.aviva.co.uk/wealth/FundChoice/SelfSelectFundsList/FundDetails/BD31LY1/SelfSelectFund
138,Alquity SICAV VAM Cautious Class D Accumulation,,https://www.direct.aviva.co.uk/wealth/FundChoice/SelfSelectFundsList/FundDetails/BD31M26/SelfSelectFund
139,Alquity SICAV VAM Growth Class D Accumulation,,https://www.direct.aviva.co.uk/wealth/FundChoice/SelfSelectFundsList/FundDetails/BD31MH1/SelfSelectFund
140,Amati Global Investors WS Amati Global Innovation Fund Class B Accumulation,,https://www.direct.aviva.co.uk/wealth/FundChoice/SelfSelectFundsList/FundDetails/BKVF3N7/SelfSelectFund
141,Amati Global Investors WS Amati Strategic Metals Fund Class B Accumulation,,https://www.direct.aviva.co.uk/wealth/FundChoice/SelfSelectFundsList/FundDetails/BMD8NV6/SelfSelectFund
142,Amati Global Investors WS Amati UK Listed Smaller Companies Fund Class B Accumulation,,https://www.direct.aviva.co.uk/wealth/FundChoice/SelfSelectFundsList/FundDetails/B2NG4R3/SelfSelectFund
143,Amova Asset Management Amova ARK Disruptive Innovation Fund Class D GBP Accumulation,,https://www.direct.aviva.co.uk/wealth/FundChoice/SelfSelectFundsList/FundDetails/BN13PS1/SelfSelectFund
144,Amova Asset Management Amova Asia ex-Japan Fund Class D GBP Accumulation,,https://www.direct.aviva.co.uk/wealth/FundChoice/SelfSelectFundsList/FundDetails/BDD0LP9/SelfSelectFund
145,Amova Asset Management Amova Global Equity Fund Class D GBP Accumulation,,https://www.direct.aviva.co.uk/wealth/FundChoice/SelfSelectFundsList/FundDetails/BDD0LM6/SelfSelectFund
146,Amova Asset Management Amova Japan Value Fund Class A GBP Accumulation,,https://www.direct.aviva.co.uk/wealth/FundChoice/SelfSelectFundsList/FundDetails/BDB4YG5/SelfSelectFund
147,Amova Asset Management Amova Japan Value Fund Class D GBP Accumulation,,https://www.direct.aviva.co.uk/wealth/FundChoice/SelfSelectFundsList/FundDetails/BDD0LS2/SelfSelectFund
148,Amova Asset Management Amova Japan Value Fund Class D GBP Hedged Accumulation,,https://www.direct.aviva.co.uk/wealth/FundChoice/SelfSelectFundsList/FundDetails/BF591P8/SelfSelectFund
149,Amundi AFH - WORLD IMI VALUE ADVANCED Class AG Accumulation,,https://www.direct.aviva.co.uk/wealth/FundChoice/SelfSelectFundsList/FundDetails/BVDH5B0/SelfSelectFund
150,Amundi AFH - WORLD IMI VALUE ADVANCED Class AG YD Income,,https://www.direct.aviva.co.uk/wealth/FundChoice/SelfSelectFundsList/FundDetails/BVDH5C1/SelfSelectFund
151,Amundi AFH - WORLD MINIMUM VOLATILITY ADVANCED Class AG Accumulation,,https://www.direct.aviva.co.uk/wealth/FundChoice/SelfSelectFundsList/FundDetails/BVDH4R9/SelfSelectFund
152,Amundi AFH - WORLD MINIMUM VOLATILITY ADVANCED Class AG YD Income,,https://www.direct.aviva.co.uk/wealth/FundChoice/SelfSelectFundsList/FundDetails/BVDH4S0/SelfSelectFund
153,Amundi AFH - WORLD MOMENTUM ADVANCED Class AG Accumulation,,https://www.direct.aviva.co.uk/wealth/FundChoice/SelfSelectFundsList/FundDetails/BVDH5G5/SelfSelectFund
154,Amundi AFH - WORLD MOMENTUM ADVANCED Class AG YD Income,,https://www.direct.aviva.co.uk/wealth/FundChoice/SelfSelectFundsList/FundDetails/BVDH5H6/SelfSelectFund
155,Amundi AFH - WORLD SMALL CAP ESG BROAD TRANSITION Class AG Accumulation,,https://www.direct.aviva.co.uk/wealth/FundChoice/SelfSelectFundsList/FundDetails/BVDH4W4/SelfSelectFund
156,Amundi AFH - WORLD SMALL CAP ESG BROAD TRANSITION Class AG YD Income,,https://www.direct.aviva.co.uk/wealth/FundChoice/SelfSelectFundsList/FundDetails/BVDH4X5/SelfSelectFund
157,Amundi AFH - ebi Global Factor 60 Class RG Accumulation,,https://www.direct.aviva.co.uk/wealth/FundChoice/SelfSelectFundsList/FundDetails/BT3J9B0/SelfSelectFund
158,Amundi AFH - ebi Global Factor 60 Class RG S Income,,https://www.direct.aviva.co.uk/wealth/FundChoice/SelfSelectFundsList/FundDetails/BT3J9C1/SelfSelectFund
159,Amundi AFH - ebi Global Factor 80 Class RG Accumulation,,https://www.direct.aviva.co.uk/wealth/FundChoice/SelfSelectFundsList/FundDetails/BT3J9D2/SelfSelectFund
160,Amundi AFH - ebi Global Factor 80 Class RG S Income,,https://www.direct.aviva.co.uk/wealth/FundChoice/SelfSelectFundsList/FundDetails/BT3J9F4/SelfSelectFund
161,Amundi Amundi Funds Emerging Markets Green Bond Class L2 Hedged Accumulation,,https://www.direct.aviva.co.uk/wealth/FundChoice/SelfSelectFundsList/FundDetails/BM97MY3/SelfSelectFund
162,Amundi Amundi Funds Global Subordinated Bond Class I2 GBP Hedged Accumulation,,https://www.direct.aviva.co.uk/wealth/FundChoice/SelfSelectFundsList/FundDetails/BLNQ0T0/SelfSelectFund
163,Amundi Amundi Funds Volatility World I2 GBP Accumulation,,https://www.direct.aviva.co.uk/wealth/FundChoice/SelfSelectFundsList/FundDetails/BK77X59/SelfSelectFund
164,Amundi Amundi Global Aggregate Bond 1-5Y ESG Class IHG (D) Accumulation,,https://www.direct.aviva.co.uk/wealth/FundChoice/SelfSelectFundsList/FundDetails/BPXYLY4/SelfSelectFund
165,Amundi Amundi Global Corporate Bond 1-5Y ESG Class IHG Accumulation,,https://www.direct.aviva.co.uk/wealth/FundChoice/SelfSelectFundsList/FundDetails/BR2Q5L0/SelfSelectFund
166,Amundi Amundi Index FTSE EPRA NAREIT Global Class IG Accumulation,,https://www.direct.aviva.co.uk/wealth/FundChoice/SelfSelectFundsList/FundDetails/BZ6FBQ6/SelfSelectFund
167,Amundi Amundi Index MSCI EMU SRI PAB Class IG (C) Accumulation,,https://www.direct.aviva.co.uk/wealth/FundChoice/SelfSelectFundsList/FundDetails/BMZ85Y1/SelfSelectFund
168,Amundi Amundi Index MSCI Emerging Markets SRI PAB Class IG Accumulation,,https://www.direct.aviva.co.uk/wealth/FundChoice/SelfSelectFundsList/FundDetails/BJBYNW6/SelfSelectFund
169,Amundi Amundi Index MSCI Europe SRI PAB Class IG Accumulation,,https://www.direct.aviva.co.uk/wealth/FundChoice/SelfSelectFundsList/FundDetails/BJBYNS2/SelfSelectFund
170,Amundi Amundi Index MSCI Pacific Ex Japan SRI Class IG Accumulation,,https://www.direct.aviva.co.uk/wealth/FundChoice/SelfSelectFundsList/FundDetails/BNM5Q50/SelfSelectFund
171,Amundi Amundi Index MSCI USA SRI PAB Class IG Accumulation,,https://www.direct.aviva.co.uk/wealth/FundChoice/SelfSelectFundsList/FundDetails/BJBYNT3/SelfSelectFund
172,Amundi Amundi Index MSCI World SRI PAB Class IG (C) Accumulation,,https://www.direct.aviva.co.uk/wealth/FundChoice/SelfSelectFundsList/FundDetails/BJBYNV5/SelfSelectFund
173,Amundi Amundi MSCI Japan SRI Climate Paris Aligned Class IG Accumulation,,https://www.direct.aviva.co.uk/wealth/FundChoice/SelfSelectFundsList/FundDetails/BNM5Q61/SelfSelectFund
174,Amundi Amundi MSCI UK IMI SRI Climate Paris Aligned Class IG Accumulation,,https://www.direct.aviva.co.uk/wealth/FundChoice/SelfSelectFundsList/FundDetails/BNM5Q49/SelfSelectFund
175,Amundi Amundi Prime Japan Class IG Accumulation,,https://www.direct.aviva.co.uk/wealth/FundChoice/SelfSelectFundsList/FundDetails/BRJYTS2/SelfSelectFund
176,Amundi Amundi Prime UK Mid & Small Cap Class IG Accumulation,,https://www.direct.aviva.co.uk/wealth/FundChoice/SelfSelectFundsList/FundDetails/BRJYTR1/SelfSelectFund
177,Amundi Euro Aggregate Corporate SRI Class IHG Income,,https://www.direct.aviva.co.uk/wealth/FundChoice/SelfSelectFundsList/FundDetails/BKPV6B0/SelfSelectFund
178,Amundi Index MSCI EMU - RHG Class C Accumulation,,https://www.direct.aviva.co.uk/wealth/FundChoice/SelfSelectFundsList/FundDetails/BFZD9Y5/SelfSelectFund
179,Amundi Index MSCI EMU - RHG Class D Hedged Accumulation,,https://www.direct.aviva.co.uk/wealth/FundChoice/SelfSelectFundsList/FundDetails/BFZD9Z6/SelfSelectFund
180,Amundi Index MSCI North America - RHG Class C Hedged Accumulation,,https://www.direct.aviva.co.uk/wealth/FundChoice/SelfSelectFundsList/FundDetails/BFZDB83/SelfSelectFund
181,Amundi Index MSCI North America - RHG Class D Hedged Accumulation,,https://www.direct.aviva.co.uk/wealth/FundChoice/SelfSelectFundsList/FundDetails/BFZDB94/SelfSelectFund
182,Amundi Tiedemann Arbitrage Strategy Class I Hedged Accumulation,,https://www.direct.aviva.co.uk/wealth/FundChoice/SelfSelectFundsList/FundDetails/B9CB6D8/SelfSelectFund
183,Amundi US Corp SRI Class IHG Income,,https://www.direct.aviva.co.uk/wealth/FundChoice/SelfSelectFundsList/FundDetails/BKPV6D2/SelfSelectFund
184,Arabesque Asset Management Arabesque SICAV - Global ESG Equity Class I Income,,https://www.direct.aviva.co.uk/wealth/FundChoice/SelfSelectFundsList/FundDetails/BNGFNB1/SelfSelectFund
185,Aravis Capital Limited FountainCap Greater China Select UCITS Class I Accumulation,,https://www.direct.aviva.co.uk/wealth/FundChoice/SelfSelectFundsList/FundDetails/FL03388/SelfSelectFund
186,Aravis Capital Limited Spyglass US Growth Fund Class I Accumulation,,https://www.direct.aviva.co.uk/wealth/FundChoice/SelfSelectFundsList/FundDetails/BK6SBJ3/SelfSelectFund
187,Aravis Capital Limited Spyglass US Growth Fund Class I Income,,https://www.direct.aviva.co.uk/wealth/FundChoice/SelfSelectFundsList/FundDetails/BK6SBK4/SelfSelectFund
188,Arbrook Investors Limited Arbrook American Equities B1 Accumulation,,https://www.direct.aviva.co.uk/wealth/FundChoice/SelfSelectFundsList/FundDetails/BF0W1X0/SelfSelectFund
189,Arbrook Investors Limited Arbrook American Equities B2 Income,,https://www.direct.aviva.co.uk/wealth/FundChoice/SelfSelectFundsList/FundDetails/BZ60K31/SelfSelectFund
190,Artemis Corporate Bond Class I Accumulation,,https://www.direct.aviva.co.uk/wealth/FundChoice/SelfSelectFundsList/FundDetails/BFZ91W5/SelfSelectFund
191,Artemis Corporate Bond Class I Income,,https://www.direct.aviva.co.uk/wealth/FundChoice/SelfSelectFundsList/FundDetails/BKPWGV3/SelfSelectFund
192,Artemis Global Income Class I Accumulation,,https://www.direct.aviva.co.uk/wealth/FundChoice/SelfSelectFundsList/FundDetails/B5ZX1M7/SelfSelectFund
193,Artemis Global Income Class I Income,,https://www.direct.aviva.co.uk/wealth/FundChoice/SelfSelectFundsList/FundDetails/B5N9956/SelfSelectFund
194,Artemis High Income Class I Monthly Income,,https://www.direct.aviva.co.uk/wealth/FundChoice/SelfSelectFundsList/FundDetails/BJT0KR0/SelfSelectFund
195,Artemis High Income Class I Quarterly Accumulation,,https://www.direct.aviva.co.uk/wealth/FundChoice/SelfSelectFundsList/FundDetails/BJMD6R8/SelfSelectFund
196,Artemis High Income Class I Quarterly Income,,https://www.direct.aviva.co.uk/wealth/FundChoice/SelfSelectFundsList/FundDetails/B2PLJN7/SelfSelectFund
197,Artemis Income (Exclusions) Class I Accumulation,,https://www.direct.aviva.co.uk/wealth/FundChoice/SelfSelectFundsList/FundDetails/B06J1S5/SelfSelectFund
198,Artemis Income Class I Accumulation,,https://www.direct.aviva.co.uk/wealth/FundChoice/SelfSelectFundsList/FundDetails/B2PLJH1/SelfSelectFund
199,Artemis Income Class I Income,,https://www.direct.aviva.co.uk/wealth/FundChoice/SelfSelectFundsList/FundDetails/B2PLJJ3/SelfSelectFund
200,Artemis Monthly Distribution Class I Accumulation,,https://www.direct.aviva.co.uk/wealth/FundChoice/SelfSelectFundsList/FundDetails/B75F9Z6/SelfSelectFund
201,Artemis Monthly Distribution Class I Income,,https://www.direct.aviva.co.uk/wealth/FundChoice/SelfSelectFundsList/FundDetails/B6TK3R0/SelfSelectFund
202,Artemis Short-Dated Global High Yield Bond Class I Hedged Accumulation,,https://www.direct.aviva.co.uk/wealth/FundChoice/SelfSelectFundsList/FundDetails/BK58WC4/SelfSelectFund
203,Artemis Short-Dated Global High Yield Bond Class I Hedged Income,,https://www.direct.aviva.co.uk/wealth/FundChoice/SelfSelectFundsList/FundDetails/BK58WD5/SelfSelectFund
204,Artemis Short-Duration Strategic Bond Class I Accumulation,,https://www.direct.aviva.co.uk/wealth/FundChoice/SelfSelectFundsList/FundDetails/BJXPPH6/SelfSelectFund
205,Artemis Short-Duration Strategic Bond Class I Income,,https://www.direct.aviva.co.uk/wealth/FundChoice/SelfSelectFundsList/FundDetails/BJXPPJ8/SelfSelectFund
206,Artemis SmartGARP European Equity Class I Accumulation,,https://www.direct.aviva.co.uk/wealth/FundChoice/SelfSelectFundsList/FundDetails/B2PLJD7/SelfSelectFund
207,Artemis SmartGARP European Equity Class I Hedged Accumulation,,https://www.direct.aviva.co.uk/wealth/FundChoice/SelfSelectFundsList/FundDetails/BR4TV19/SelfSelectFund
208,Artemis SmartGARP European Equity Class I Hedged Income,,https://www.direct.aviva.co.uk/wealth/FundChoice/SelfSelectFundsList/FundDetails/BR4TV08/SelfSelectFund
209,Artemis SmartGARP European Equity Class I Income,,https://www.direct.aviva.co.uk/wealth/FundChoice/SelfSelectFundsList/FundDetails/BR4TTQ0/SelfSelectFund
210,Artemis SmartGARP Global Emerging Markets Equity Class I Accumulation,,https://www.direct.aviva.co.uk/wealth/FundChoice/SelfSelectFundsList/FundDetails/BW9HL13/SelfSelectFund
211,Artemis SmartGARP Global Emerging Markets Equity Class I Income,,https://www.direct.aviva.co.uk/wealth/FundChoice/SelfSelectFundsList/FundDetails/BW9HL24/SelfSelectFund
212,Artemis SmartGARP Global Emerging Markets Equity Class I Quarterly Income,,https://www.direct.aviva.co.uk/wealth/FundChoice/SelfSelectFundsList/FundDetails/BMC94C8/SelfSelectFund
213,Artemis SmartGARP Global Emerging Markets Ex China Equity Class I Accumulation,,https://www.direct.aviva.co.uk/wealth/FundChoice/SelfSelectFundsList/FundDetails/BWK9895/SelfSelectFund
214,Artemis SmartGARP Global Equity Class I Accumulation,,https://www.direct.aviva.co.uk/wealth/FundChoice/SelfSelectFundsList/FundDetails/B2PLJP9/SelfSelectFund
215,Artemis SmartGARP Global Smaller Companies Class I Accumulation,,https://www.direct.aviva.co.uk/wealth/FundChoice/SelfSelectFundsList/FundDetails/B568S20/SelfSelectFund
216,Artemis SmartGARP UK Equity Class I Accumulation,,https://www.direct.aviva.co.uk/wealth/FundChoice/SelfSelectFundsList/FundDetails/B2PLJM6/SelfSelectFund
217,Artemis Strategic Assets Class I Accumulation,,https://www.direct.aviva.co.uk/wealth/FundChoice/SelfSelectFundsList/FundDetails/B3VDD43/SelfSelectFund
218,Artemis Strategic Bond Class I Monthly Accumulation,,https://www.direct.aviva.co.uk/wealth/FundChoice/SelfSelectFundsList/FundDetails/BJT0KV4/SelfSelectFund
219,Artemis Strategic Bond Class I Monthly Income,,https://www.direct.aviva.co.uk/wealth/FundChoice/SelfSelectFundsList/FundDetails/B2PLJS2/SelfSelectFund
220,Artemis Strategic Bond Class I Quarterly Accumulation,,https://www.direct.aviva.co.uk/wealth/FundChoice/SelfSelectFundsList/FundDetails/B2PLJR1/SelfSelectFund
221,Artemis Strategic Bond Class I Quarterly Income,,https://www.direct.aviva.co.uk/wealth/FundChoice/SelfSelectFundsList/FundDetails/BJT0KT2/SelfSelectFund
222,Artemis UK Select Class I Accumulation,,https://www.direct.aviva.co.uk/wealth/FundChoice/SelfSelectFundsList/FundDetails/B2PLJG0/SelfSelectFund
223,Artemis UK Select Class I Income,,https://www.direct.aviva.co.uk/wealth/FundChoice/SelfSelectFundsList/FundDetails/BD3GTF3/SelfSelectFund
224,Artemis UK Smaller Companies Class I Accumulation,,https://www.direct.aviva.co.uk/wealth/FundChoice/SelfSelectFundsList/FundDetails/B2PLJL5/SelfSelectFund
225,Artemis UK Smaller Companies Class I Income,,https://www.direct.aviva.co.uk/wealth/FundChoice/SelfSelectFundsList/FundDetails/BD3GTG4/SelfSelectFund
226,Artemis UK Special Situations Class I Accumulation,,https://www.direct.aviva.co.uk/wealth/FundChoice/SelfSelectFundsList/FundDetails/B2PLJQ0/SelfSelectFund
227,Artemis UK Special Situations Class I Income,,https://www.direct.aviva.co.uk/wealth/FundChoice/SelfSelectFundsList/FundDetails/BB36JR1/SelfSelectFund
228,Artemis US Extended Alpha Class I Accumulation,,https://www.direct.aviva.co.uk/wealth/FundChoice/SelfSelectFundsList/FundDetails/BMMV5G5/SelfSelectFund
229,Artemis US Select Class I Accumulation,,https://www.direct.aviva.co.uk/wealth/FundChoice/SelfSelectFundsList/FundDetails/BMMV510/SelfSelectFund
230,Artemis US Select Class I Hedged Accumulation,,https://www.direct.aviva.co.uk/wealth/FundChoice/SelfSelectFundsList/FundDetails/BYSYZX9/SelfSelectFund
231,Artemis US Select Class I Income,,https://www.direct.aviva.co.uk/wealth/FundChoice/SelfSelectFundsList/FundDetails/BWWZ2D3/SelfSelectFund
232,Artemis US Smaller Companies Class I Accumulation,,https://www.direct.aviva.co.uk/wealth/FundChoice/SelfSelectFundsList/FundDetails/BMMV576/SelfSelectFund
233,Artemis US Smaller Companies Class I Hedged Accumulation,,https://www.direct.aviva.co.uk/wealth/FundChoice/SelfSelectFundsList/FundDetails/BK6RLD4/SelfSelectFund
234,Ashmore SICAV Emerging Market Total Return Class Z Income,,https://www.direct.aviva.co.uk/wealth/FundChoice/SelfSelectFundsList/FundDetails/BG6M1H5/SelfSelectFund
235,Ashmore SICAV Emerging Markets Equity Class Z Accumulation,,https://www.direct.aviva.co.uk/wealth/FundChoice/SelfSelectFundsList/FundDetails/BDDJQ73/SelfSelectFund
236,Ashmore SICAV Emerging Markets Short Duration Class Z Accumulation,,https://www.direct.aviva.co.uk/wealth/FundChoice/SelfSelectFundsList/FundDetails/BYW9P18/SelfSelectFund
237,Ashmore SICAV Emerging Markets Short Duration Class Z Income,,https://www.direct.aviva.co.uk/wealth/FundChoice/SelfSelectFundsList/FundDetails/BP4K8V7/SelfSelectFund
238,Atlantic House Defensive Defined Returns Class A Accumulation,,https://www.direct.aviva.co.uk/wealth/FundChoice/SelfSelectFundsList/FundDetails/BDZQTC8/SelfSelectFund
239,Atlantic House Defined Returns Class B Accumulation,,https://www.direct.aviva.co.uk/wealth/FundChoice/SelfSelectFundsList/FundDetails/BFLR220/SelfSelectFund
240,Atlantic House Defined Returns Class I Distribution 4% Shares GBP Income,,https://www.direct.aviva.co.uk/wealth/FundChoice/SelfSelectFundsList/FundDetails/BF2ZW34/SelfSelectFund
241,Atlantic House Dynamic Duration Fund Class A GBP Accumulation,,https://www.direct.aviva.co.uk/wealth/FundChoice/SelfSelectFundsList/FundDetails/BMY8S43/SelfSelectFund
242,Atlantic House Dynamic Duration Fund Class D Income,,https://www.direct.aviva.co.uk/wealth/FundChoice/SelfSelectFundsList/FundDetails/BMY8S54/SelfSelectFund
243,Atlantic House Uncorrelated Strategies Class A Hedged Accumulation,,https://www.direct.aviva.co.uk/wealth/FundChoice/SelfSelectFundsList/FundDetails/BNTJ5Q9/SelfSelectFund
244,Atlantic House Uncorrelated Strategies Class I Hedged Income,,https://www.direct.aviva.co.uk/wealth/FundChoice/SelfSelectFundsList/FundDetails/BNTJ5V4/SelfSelectFund
245,Aubrey Capital Management Ltd Aubrey Global Emerging Markets Opportunities Class RC1 Accumulation,,https://www.direct.aviva.co.uk/wealth/FundChoice/SelfSelectFundsList/FundDetails/BZ059L3/SelfSelectFund
246,Aviva Insured Funds Diversified Assets Fund 1 S14,,https://www.direct.aviva.co.uk/wealth/FundChoice/SelfSelectFundsList/FundDetails/BGGRYT3/SelfSelectFund
247,Aviva Insured Funds Diversified Assets Fund 2 S14,,https://www.direct.aviva.co.uk/wealth/FundChoice/SelfSelectFundsList/FundDetails/BLG3441/SelfSelectFund
248,Aviva Insured Funds Diversified Assets Fund 3 S14,,https://www.direct.aviva.co.uk/wealth/FundChoice/SelfSelectFundsList/FundDetails/BGGRYV5/SelfSelectFund
249,Aviva Insured Funds Diversified Assets Fund 4 S14,,https://www.direct.aviva.co.uk/wealth/FundChoice/SelfSelectFundsList/FundDetails/BLG34H4/SelfSelectFund
250,Aviva Insured Funds Diversified Assets Fund 5 S14,,https://www.direct.aviva.co.uk/wealth/FundChoice/SelfSelectFundsList/FundDetails/BKKZQF1/SelfSelectFund
251,Aviva Insured Funds HSBC Islamic Global Equity Index S14,,https://www.direct.aviva.co.uk/wealth/FundChoice/SelfSelectFundsList/FundDetails/B7SBMX0/SelfSelectFund
252,Aviva Insured Funds Investment Pathway 1 S14,,https://www.direct.aviva.co.uk/wealth/FundChoice/SelfSelectFundsList/FundDetails/BKKZPC1/SelfSelectFund
253,Aviva Insured Funds Investment Pathway 2 S14,,https://www.direct.aviva.co.uk/wealth/FundChoice/SelfSelectFundsList/FundDetails/BKKZPD2/SelfSelectFund
254,Aviva Insured Funds Investment Pathway 3 S14,,https://www.direct.aviva.co.uk/wealth/FundChoice/SelfSelectFundsList/FundDetails/BKKZPF4/SelfSelectFund
255,Aviva Insured Funds Investment Pathway 4 S14,,https://www.direct.aviva.co.uk/wealth/FundChoice/SelfSelectFundsList/FundDetails/BKKZPG5/SelfSelectFund
256,Aviva Insured Funds Mixed Investment (0-35% Shares) S14,,https://www.direct.aviva.co.uk/wealth/FundChoice/SelfSelectFundsList/FundDetails/B882553/SelfSelectFund
257,Aviva Insured Funds Mixed Investment (20-60% Shares) S14,,https://www.direct.aviva.co.uk/wealth/FundChoice/SelfSelectFundsList/FundDetails/B83DKX4/SelfSelectFund
258,Aviva Insured Funds Mixed Investment (40-85% Shares) S14,,https://www.direct.aviva.co.uk/wealth/FundChoice/SelfSelectFundsList/FundDetails/B8BL461/SelfSelectFund
259,Aviva Insured Funds Stewardship Bond S14,,https://www.direct.aviva.co.uk/wealth/FundChoice/SelfSelectFundsList/FundDetails/BGGRZ12/SelfSelectFund
260,Aviva Insured Funds Stewardship International Equity S14,,https://www.direct.aviva.co.uk/wealth/FundChoice/SelfSelectFundsList/FundDetails/BGGRYX7/SelfSelectFund
261,Aviva Insured Funds Stewardship Managed S14,,https://www.direct.aviva.co.uk/wealth/FundChoice/SelfSelectFundsList/FundDetails/BGGRYY8/SelfSelectFund
262,Aviva Insured Funds Stewardship UK Equity Income S14,,https://www.direct.aviva.co.uk/wealth/FundChoice/SelfSelectFundsList/FundDetails/BGGRZ01/SelfSelectFund
263,Aviva Insured Funds Stewardship UK Equity S14,,https://www.direct.aviva.co.uk/wealth/FundChoice/SelfSelectFundsList/FundDetails/BGGRYZ9/SelfSelectFund
264,Aviva Insured Funds Universal 2026 Retirement S14,,https://www.direct.aviva.co.uk/wealth/FundChoice/SelfSelectFundsList/FundDetails/BRDCMM7/SelfSelectFund
265,Aviva Insured Funds Universal 2027 Retirement S14,,https://www.direct.aviva.co.uk/wealth/FundChoice/SelfSelectFundsList/FundDetails/BRDCMN8/SelfSelectFund
266,Aviva Insured Funds Universal 2028 Retirement S14,,https://www.direct.aviva.co.uk/wealth/FundChoice/SelfSelectFundsList/FundDetails/BRDCMP0/SelfSelectFund
267,Aviva Insured Funds Universal 2029 Retirement S14,,https://www.direct.aviva.co.uk/wealth/FundChoice/SelfSelectFundsList/FundDetails/BRDCMQ1/SelfSelectFund
268,Aviva Insured Funds Universal 2030 Retirement S14,,https://www.direct.aviva.co.uk/wealth/FundChoice/SelfSelectFundsList/FundDetails/BRDCMR2/SelfSelectFund
269,Aviva Insured Funds Universal 2031 Retirement S14,,https://www.direct.aviva.co.uk/wealth/FundChoice/SelfSelectFundsList/FundDetails/BRDCMS3/SelfSelectFund
270,Aviva Insured Funds Universal 2032 Retirement S14,,https://www.direct.aviva.co.uk/wealth/FundChoice/SelfSelectFundsList/FundDetails/BRDCMT4/SelfSelectFund
271,Aviva Insured Funds Universal 2033 Retirement S14,,https://www.direct.aviva.co.uk/wealth/FundChoice/SelfSelectFundsList/FundDetails/BRDCMV6/SelfSelectFund
272,Aviva Insured Funds Universal 2034 Retirement S14,,https://www.direct.aviva.co.uk/wealth/FundChoice/SelfSelectFundsList/FundDetails/BRDCMW7/SelfSelectFund
273,Aviva Insured Funds Universal 2035 Retirement S14,,https://www.direct.aviva.co.uk/wealth/FundChoice/SelfSelectFundsList/FundDetails/BRDCMX8/SelfSelectFund
274,Aviva Insured Funds Universal 2036 Retirement S14,,https://www.direct.aviva.co.uk/wealth/FundChoice/SelfSelectFundsList/FundDetails/BRDCMY9/SelfSelectFund
275,Aviva Insured Funds Universal 2037 Retirement S14,,https://www.direct.aviva.co.uk/wealth/FundChoice/SelfSelectFundsList/FundDetails/BRDCMZ0/SelfSelectFund
276,Aviva Insured Funds Universal 2038 Retirement S14,,https://www.direct.aviva.co.uk/wealth/FundChoice/SelfSelectFundsList/FundDetails/BRDCN02/SelfSelectFund
277,Aviva Insured Funds Universal 2039 Retirement S14,,https://www.direct.aviva.co.uk/wealth/FundChoice/SelfSelectFundsList/FundDetails/BRDCN13/SelfSelectFund
278,Aviva Insured Funds Universal 2040 Retirement S14,,https://www.direct.aviva.co.uk/wealth/FundChoice/SelfSelectFundsList/FundDetails/BRDCN24/SelfSelectFund
279,Aviva Insured Funds Universal 2041 Retirement S14,,https://www.direct.aviva.co.uk/wealth/FundChoice/SelfSelectFundsList/FundDetails/BRDCN35/SelfSelectFund
280,Aviva Insured Funds Universal 2042 Retirement S14,,https://www.direct.aviva.co.uk/wealth/FundChoice/SelfSelectFundsList/FundDetails/BRDCN46/SelfSelectFund
281,Aviva Insured Funds Universal 2043 Retirement S14,,https://www.direct.aviva.co.uk/wealth/FundChoice/SelfSelectFundsList/FundDetails/BRDCN57/SelfSelectFund
282,Aviva Insured Funds Universal 2044 Retirement S14,,https://www.direct.aviva.co.uk/wealth/FundChoice/SelfSelectFundsList/FundDetails/BRDCN68/SelfSelectFund
283,Aviva Insured Funds Universal 2045 Retirement S14,,https://www.direct.aviva.co.uk/wealth/FundChoice/SelfSelectFundsList/FundDetails/BRDCN79/SelfSelectFund
284,Aviva Insured Funds Universal 2046 Retirement S14,,https://www.direct.aviva.co.uk/wealth/FundChoice/SelfSelectFundsList/FundDetails/BRDCN80/SelfSelectFund
285,Aviva Insured Funds Universal 2047 Retirement S14,,https://www.direct.aviva.co.uk/wealth/FundChoice/SelfSelectFundsList/FundDetails/BRDCN91/SelfSelectFund
286,Aviva Insured Funds Universal 2048 Retirement S14,,https://www.direct.aviva.co.uk/wealth/FundChoice/SelfSelectFundsList/FundDetails/BRDCNB3/SelfSelectFund
287,Aviva Insured Funds Universal 2049 Retirement S14,,https://www.direct.aviva.co.uk/wealth/FundChoice/SelfSelectFundsList/FundDetails/BRDCNC4/SelfSelectFund
288,Aviva Insured Funds Universal 2050 Retirement S14,,https://www.direct.aviva.co.uk/wealth/FundChoice/SelfSelectFundsList/FundDetails/BRGT678/SelfSelectFund
289,Aviva Insured Funds Universal 2051 Retirement S14,,https://www.direct.aviva.co.uk/wealth/FundChoice/SelfSelectFundsList/FundDetails/BRGT689/SelfSelectFund
290,Aviva Insured Funds Universal 2052 Retirement S14,,https://www.direct.aviva.co.uk/wealth/FundChoice/SelfSelectFundsList/FundDetails/BRGT690/SelfSelectFund
291,Aviva Insured Funds Universal 2053 Retirement S14,,https://www.direct.aviva.co.uk/wealth/FundChoice/SelfSelectFundsList/FundDetails/BRGT6B2/SelfSelectFund
292,Aviva Insured Funds Universal 2054 Retirement S14,,https://www.direct.aviva.co.uk/wealth/FundChoice/SelfSelectFundsList/FundDetails/BRGT6C3/SelfSelectFund
293,Aviva Insured Funds Universal 2055 Retirement S14,,https://www.direct.aviva.co.uk/wealth/FundChoice/SelfSelectFundsList/FundDetails/BRGT6D4/SelfSelectFund
294,Aviva Insured Funds Universal 2056 Retirement S14,,https://www.direct.aviva.co.uk/wealth/FundChoice/SelfSelectFundsList/FundDetails/BRGT6F6/SelfSelectFund
295,Aviva Insured Funds Universal 2057 Retirement S14,,https://www.direct.aviva.co.uk/wealth/FundChoice/SelfSelectFundsList/FundDetails/BRGT6G7/SelfSelectFund
296,Aviva Insured Funds Universal 2058 Retirement S14,,https://www.direct.aviva.co.uk/wealth/FundChoice/SelfSelectFundsList/FundDetails/BRGT6H8/SelfSelectFund
297,Aviva Insured Funds Universal 2059 Retirement S14,,https://www.direct.aviva.co.uk/wealth/FundChoice/SelfSelectFundsList/FundDetails/BRGT6J0/SelfSelectFund
298,Aviva Insured Funds Universal 2060 Retirement S14,,https://www.direct.aviva.co.uk/wealth/FundChoice/SelfSelectFundsList/FundDetails/BRGT6K1/SelfSelectFund
299,Aviva Insured Funds Universal 2061 Retirement S14,,https://www.direct.aviva.co.uk/wealth/FundChoice/SelfSelectFundsList/FundDetails/BRGT6L2/SelfSelectFund
300,Aviva Insured Funds Universal 2062 Retirement S14,,https://www.direct.aviva.co.uk/wealth/FundChoice/SelfSelectFundsList/FundDetails/BRGT6M3/SelfSelectFund
301,Aviva Insured Funds Universal 2063 Retirement S14,,https://www.direct.aviva.co.uk/wealth/FundChoice/SelfSelectFundsList/FundDetails/BRGT6N4/SelfSelectFund
302,Aviva Insured Funds Universal 2064 Retirement S14,,https://www.direct.aviva.co.uk/wealth/FundChoice/SelfSelectFundsList/FundDetails/BRGT6P6/SelfSelectFund
303,Aviva Insured Funds Universal 2065 Retirement S14,,https://www.direct.aviva.co.uk/wealth/FundChoice/SelfSelectFundsList/FundDetails/BRGT6Q7/SelfSelectFund
304,Aviva Insured Funds Universal 2066 Retirement S14,,https://www.direct.aviva.co.uk/wealth/FundChoice/SelfSelectFundsList/FundDetails/BRGT6R8/SelfSelectFund
305,Aviva Insured Funds Universal 2067 Retirement S14,,https://www.direct.aviva.co.uk/wealth/FundChoice/SelfSelectFundsList/FundDetails/BRGT6S9/SelfSelectFund
306,Aviva Insured Funds Universal 2068 Retirement S14,,https://www.direct.aviva.co.uk/wealth/FundChoice/SelfSelectFundsList/FundDetails/BRGT6T0/SelfSelectFund
307,Aviva Insured Funds Universal 2069 Retirement S14,,https://www.direct.aviva.co.uk/wealth/FundChoice/SelfSelectFundsList/FundDetails/BRGT6V2/SelfSelectFund
308,Aviva Insured Funds Universal 2070 Retirement S14,,https://www.direct.aviva.co.uk/wealth/FundChoice/SelfSelectFundsList/FundDetails/BRGT6W3/SelfSelectFund
309,Aviva Insured Funds Universal 2071 Retirement S14,,https://www.direct.aviva.co.uk/wealth/FundChoice/SelfSelectFundsList/FundDetails/BRGT6X4/SelfSelectFund
310,Aviva Insured Funds Universal 2072 Retirement S14,,https://www.direct.aviva.co.uk/wealth/FundChoice/SelfSelectFundsList/FundDetails/BRGT6Y5/SelfSelectFund
311,Aviva Insured Funds Universal 2073 Retirement S14,,https://www.direct.aviva.co.uk/wealth/FundChoice/SelfSelectFundsList/FundDetails/BRGT6Z6/SelfSelectFund
312,Aviva Insured Funds Universal 2074 Retirement S14,,https://www.direct.aviva.co.uk/wealth/FundChoice/SelfSelectFundsList/FundDetails/BRGT708/SelfSelectFund
313,Aviva Insured Funds Universal 2075 Retirement S14,,https://www.direct.aviva.co.uk/wealth/FundChoice/SelfSelectFundsList/FundDetails/BRGT719/SelfSelectFund
314,Aviva Insured Funds Universal 2076 Retirement S14,,https://www.direct.aviva.co.uk/wealth/FundChoice/SelfSelectFundsList/FundDetails/BRGT720/SelfSelectFund
315,Aviva Insured Funds Universal 2077 Retirement S14,,https://www.direct.aviva.co.uk/wealth/FundChoice/SelfSelectFundsList/FundDetails/BRGT731/SelfSelectFund
316,Aviva Insured Funds Universal 2078 Retirement S14,,https://www.direct.aviva.co.uk/wealth/FundChoice/SelfSelectFundsList/FundDetails/BRGT742/SelfSelectFund
317,Aviva Insured Funds Universal 2079 Retirement S14,,https://www.direct.aviva.co.uk/wealth/FundChoice/SelfSelectFundsList/FundDetails/BRGT753/SelfSelectFund
318,Aviva Insured Funds Universal 2080 Retirement S14,,https://www.direct.aviva.co.uk/wealth/FundChoice/SelfSelectFundsList/FundDetails/BRGT764/SelfSelectFund
319,Aviva Insured Funds Universal 2081 Retirement S14,,https://www.direct.aviva.co.uk/wealth/FundChoice/SelfSelectFundsList/FundDetails/BSWDG04/SelfSelectFund
320,Aviva Insured Funds Universal 2082 Retirement S14,,https://www.direct.aviva.co.uk/wealth/FundChoice/SelfSelectFundsList/FundDetails/BT54HZ3/SelfSelectFund
321,Aviva Insured Funds Universal Retirement S14,,https://www.direct.aviva.co.uk/wealth/FundChoice/SelfSelectFundsList/FundDetails/BRDCMJ4/SelfSelectFund
322,Aviva Investors Emerging Markets Bond Fund Class Rmh Income,,https://www.direct.aviva.co.uk/wealth/FundChoice/SelfSelectFundsList/FundDetails/BPDX1K7/SelfSelectFund
323,Aviva Investors Emerging Markets Local Currency Bond Fund R Accumulation,,https://www.direct.aviva.co.uk/wealth/FundChoice/SelfSelectFundsList/FundDetails/BFNRKF7/SelfSelectFund
324,Aviva Investors Global Climate Credit Fund Class Ryh (GBP) Accumulation,,https://www.direct.aviva.co.uk/wealth/FundChoice/SelfSelectFundsList/FundDetails/BMZ3D97/SelfSelectFund
325,Aviva Investors Global Emerging Markets Core Class Ra Income,,https://www.direct.aviva.co.uk/wealth/FundChoice/SelfSelectFundsList/FundDetails/BD4TXN7/SelfSelectFund
326,Aviva Investors Global Equity Endurance Fund Class R Accumulation,,https://www.direct.aviva.co.uk/wealth/FundChoice/SelfSelectFundsList/FundDetails/BDDN471/SelfSelectFund
327,Aviva Investors Global High Yield Bond Fund Class Rmh Income,,https://www.direct.aviva.co.uk/wealth/FundChoice/SelfSelectFundsList/FundDetails/BPDX1H4/SelfSelectFund
328,Aviva Investors Global High Yield Bond Fund Class Rxh Income,,https://www.direct.aviva.co.uk/wealth/FundChoice/SelfSelectFundsList/FundDetails/B8S8346/SelfSelectFund
329,Aviva Investors Global Investment Grade Corporate Bond Fund Class Rmh Income,,https://www.direct.aviva.co.uk/wealth/FundChoice/SelfSelectFundsList/FundDetails/BPDX1L8/SelfSelectFund
330,Aviva Investors Global Sovereign Bond Fund Class Rmh Income,,https://www.direct.aviva.co.uk/wealth/FundChoice/SelfSelectFundsList/FundDetails/BPDX1J6/SelfSelectFund
331,Aviva Investors Natural Capital Global Equity Fund Class Ryh (GBP) Accumulation,,https://www.direct.aviva.co.uk/wealth/FundChoice/SelfSelectFundsList/FundDetails/BNG12D4/SelfSelectFund
332,Aviva Investors ReturnPlus Fund Class Rqh Income,,https://www.direct.aviva.co.uk/wealth/FundChoice/SelfSelectFundsList/FundDetails/BSHQLM5/SelfSelectFund
333,Aviva Investors ReturnPlus Fund Class Ryh Accumulation,,https://www.direct.aviva.co.uk/wealth/FundChoice/SelfSelectFundsList/FundDetails/BSHQLL4/SelfSelectFund
334,Aviva Investors Sterling Liquidity Fund Class W Income,,https://www.direct.aviva.co.uk/wealth/FundChoice/SelfSelectFundsList/FundDetails/BRJ7SG2/SelfSelectFund
335,Aviva Investors Sterling Liquidity Plus Fund Class 1 Accumulation,,https://www.direct.aviva.co.uk/wealth/FundChoice/SelfSelectFundsList/FundDetails/B24F3S3/SelfSelectFund
336,Aviva Investors UK Funds Continental European Equity Class 2 Accumulation,,https://www.direct.aviva.co.uk/wealth/FundChoice/SelfSelectFundsList/FundDetails/0446132/SelfSelectFund
337,Aviva Investors UK Funds Global Climate Aware Equity Class 2 Accumulation,,https://www.direct.aviva.co.uk/wealth/FundChoice/SelfSelectFundsList/FundDetails/BLNQ197/SelfSelectFund
338,Aviva Investors UK Funds Global Equity Endurance Class 2 Accumulation,,https://www.direct.aviva.co.uk/wealth/FundChoice/SelfSelectFundsList/FundDetails/BYXHPJ9/SelfSelectFund
339,Aviva Investors UK Funds Global Equity Income Class 2 Accumulation,,https://www.direct.aviva.co.uk/wealth/FundChoice/SelfSelectFundsList/FundDetails/3044209/SelfSelectFund
340,Aviva Investors UK Funds Global Equity Income Class 2 Income,,https://www.direct.aviva.co.uk/wealth/FundChoice/SelfSelectFundsList/FundDetails/B9LCNW0/SelfSelectFund
341,Aviva Investors UK Funds Higher Income Plus Class 2 Income,,https://www.direct.aviva.co.uk/wealth/FundChoice/SelfSelectFundsList/FundDetails/0853130/SelfSelectFund
342,Aviva Investors UK Funds International Index Tracking Class 2 Accumulation,,https://www.direct.aviva.co.uk/wealth/FundChoice/SelfSelectFundsList/FundDetails/B2NRNX5/SelfSelectFund
343,Aviva Investors UK Funds Managed High Income Class 2 Income,,https://www.direct.aviva.co.uk/wealth/FundChoice/SelfSelectFundsList/FundDetails/0446303/SelfSelectFund
344,Aviva Investors UK Funds Multi-Asset Core I Class 2 Accumulation,,https://www.direct.aviva.co.uk/wealth/FundChoice/SelfSelectFundsList/FundDetails/BMGWGY9/SelfSelectFund
345,Aviva Investors UK Funds Multi-Asset Core II Class 2 Accumulation,,https://www.direct.aviva.co.uk/wealth/FundChoice/SelfSelectFundsList/FundDetails/BMGWH13/SelfSelectFund
346,Aviva Investors UK Funds Multi-Asset Core III Class 2 Accumulation,,https://www.direct.aviva.co.uk/wealth/FundChoice/SelfSelectFundsList/FundDetails/BMGWH46/SelfSelectFund
347,Aviva Investors UK Funds Multi-Asset Core IV Class 2 Accumulation,,https://www.direct.aviva.co.uk/wealth/FundChoice/SelfSelectFundsList/FundDetails/BMGWH79/SelfSelectFund
348,Aviva Investors UK Funds Multi-Asset Core V Class 2 Accumulation,,https://www.direct.aviva.co.uk/wealth/FundChoice/SelfSelectFundsList/FundDetails/BMGWHB3/SelfSelectFund
349,Aviva Investors UK Funds Multi-Asset Income Class 2 Accumulation,,https://www.direct.aviva.co.uk/wealth/FundChoice/SelfSelectFundsList/FundDetails/BYZC2W4/SelfSelectFund
350,Aviva Investors UK Funds Multi-Asset Income Class 2 Income,,https://www.direct.aviva.co.uk/wealth/FundChoice/SelfSelectFundsList/FundDetails/3044232/SelfSelectFund
351,Aviva Investors UK Funds Multi-Manager 20-60% Shares Class 2 Accumulation,,https://www.direct.aviva.co.uk/wealth/FundChoice/SelfSelectFundsList/FundDetails/B1N94W0/SelfSelectFund
352,Aviva Investors UK Funds Multi-Manager 20-60% Shares Class 2 Income,,https://www.direct.aviva.co.uk/wealth/FundChoice/SelfSelectFundsList/FundDetails/B7ZZR41/SelfSelectFund
353,Aviva Investors UK Funds Multi-Manager 40-85% Class 2 Accumulation,,https://www.direct.aviva.co.uk/wealth/FundChoice/SelfSelectFundsList/FundDetails/B1N94Q4/SelfSelectFund
354,Aviva Investors UK Funds Multi-Manager 40-85% Class 2 Income,,https://www.direct.aviva.co.uk/wealth/FundChoice/SelfSelectFundsList/FundDetails/B8FV3N7/SelfSelectFund
355,Aviva Investors UK Funds Multi-Manager Flexible Class 2 Accumulation,,https://www.direct.aviva.co.uk/wealth/FundChoice/SelfSelectFundsList/FundDetails/B1N9527/SelfSelectFund
356,Aviva Investors UK Funds Multi-Strategy Target Return Class 9 Accumulation,,https://www.direct.aviva.co.uk/wealth/FundChoice/SelfSelectFundsList/FundDetails/BP0RT42/SelfSelectFund
357,Aviva Investors UK Funds Multi-asset Plus Fund I Class 9 Accumulation,,https://www.direct.aviva.co.uk/wealth/FundChoice/SelfSelectFundsList/FundDetails/BVRZFZ4/SelfSelectFund
358,Aviva Investors UK Funds Multi-asset Plus Fund II Class 9 Accumulation,,https://www.direct.aviva.co.uk/wealth/FundChoice/SelfSelectFundsList/FundDetails/BVRZG06/SelfSelectFund
359,Aviva Investors UK Funds Multi-asset Plus Fund III Class 9 Accumulation,,https://www.direct.aviva.co.uk/wealth/FundChoice/SelfSelectFundsList/FundDetails/BVRZG17/SelfSelectFund
360,Aviva Investors UK Funds Multi-asset Plus Fund IV Class 9 Accumulation,,https://www.direct.aviva.co.uk/wealth/FundChoice/SelfSelectFundsList/FundDetails/BVRZG28/SelfSelectFund
361,Aviva Investors UK Funds Multi-asset Plus Fund V Class 9 Accumulation,,https://www.direct.aviva.co.uk/wealth/FundChoice/SelfSelectFundsList/FundDetails/BVRZG39/SelfSelectFund
362,Aviva Investors UK Funds Multi-asset Stewardship Fund I Class 9 Accumulation,,https://www.direct.aviva.co.uk/wealth/FundChoice/SelfSelectFundsList/FundDetails/BPG9HM6/SelfSelectFund
363,Aviva Investors UK Funds Multi-asset Stewardship Fund II Class 9 Accumulation,,https://www.direct.aviva.co.uk/wealth/FundChoice/SelfSelectFundsList/FundDetails/BPG9JD1/SelfSelectFund
364,Aviva Investors UK Funds Multi-asset Stewardship Fund III Class 9 Accumulation,,https://www.direct.aviva.co.uk/wealth/FundChoice/SelfSelectFundsList/FundDetails/BPG9JH5/SelfSelectFund
365,Aviva Investors UK Funds Multi-asset Stewardship Fund IV Class 9 Accumulation,,https://www.direct.aviva.co.uk/wealth/FundChoice/SelfSelectFundsList/FundDetails/BPG9JL9/SelfSelectFund
366,Aviva Investors UK Funds Sterling Corporate Bond Class 2 Accumulation,,https://www.direct.aviva.co.uk/wealth/FundChoice/SelfSelectFundsList/FundDetails/B7RBPT8/SelfSelectFund
367,Aviva Investors UK Funds Sterling Corporate Bond Class 2 Income,,https://www.direct.aviva.co.uk/wealth/FundChoice/SelfSelectFundsList/FundDetails/B7RBPR6/SelfSelectFund
368,Aviva Investors UK Funds Strategic Bond Class 2 Income,,https://www.direct.aviva.co.uk/wealth/FundChoice/SelfSelectFundsList/FundDetails/B3CGHN8/SelfSelectFund
369,Aviva Investors UK Funds UK Index Tracking Class 2 Income,,https://www.direct.aviva.co.uk/wealth/FundChoice/SelfSelectFundsList/FundDetails/B8XCGM2/SelfSelectFund
370,Aviva Investors UK Funds UK Listed Equity Income Class 2 Accumulation,,https://www.direct.aviva.co.uk/wealth/FundChoice/SelfSelectFundsList/FundDetails/B6R51K6/SelfSelectFund
371,Aviva Investors UK Funds UK Listed Equity Income Class 2 Income,,https://www.direct.aviva.co.uk/wealth/FundChoice/SelfSelectFundsList/FundDetails/0446080/SelfSelectFund
372,Aviva Investors UK Funds UK Listed Equity Unconstrained Class 2 Accumulation,,https://www.direct.aviva.co.uk/wealth/FundChoice/SelfSelectFundsList/FundDetails/0446035/SelfSelectFund
373,Aviva Investors UK Funds UK Listed Equity Unconstrained Class 2 Income,,https://www.direct.aviva.co.uk/wealth/FundChoice/SelfSelectFundsList/FundDetails/B7RBQX9/SelfSelectFund
374,Aviva Investors UK Funds UK Listed Small and Mid-Cap Class 2 Accumulation,,https://www.direct.aviva.co.uk/wealth/FundChoice/SelfSelectFundsList/FundDetails/0446057/SelfSelectFund
375,BNP Paribas Asset Management AXA Carbon Transition Sterling Buy and Maintain Credit Class Z Gross Accumulation,,https://www.direct.aviva.co.uk/wealth/FundChoice/SelfSelectFundsList/FundDetails/B7VXY26/SelfSelectFund
376,BNP Paribas Asset Management AXA Defensive Distribution Class Z Gross Accumulation,,https://www.direct.aviva.co.uk/wealth/FundChoice/SelfSelectFundsList/FundDetails/B03KM00/SelfSelectFund
377,BNP Paribas Asset Management AXA Defensive Distribution Class Z Gross Income,,https://www.direct.aviva.co.uk/wealth/FundChoice/SelfSelectFundsList/FundDetails/B03KM11/SelfSelectFund
378,BNP Paribas Asset Management AXA Distribution Class Z Accumulation,,https://www.direct.aviva.co.uk/wealth/FundChoice/SelfSelectFundsList/FundDetails/0616010/SelfSelectFund
379,BNP Paribas Asset Management AXA Distribution Class Z Income,,https://www.direct.aviva.co.uk/wealth/FundChoice/SelfSelectFundsList/FundDetails/0616054/SelfSelectFund
380,BNP Paribas Asset Management AXA Ethical Distribution Class Z Accumulation,,https://www.direct.aviva.co.uk/wealth/FundChoice/SelfSelectFundsList/FundDetails/0540926/SelfSelectFund
381,BNP Paribas Asset Management AXA Ethical Distribution Class Z Income,,https://www.direct.aviva.co.uk/wealth/FundChoice/SelfSelectFundsList/FundDetails/B3FKKK5/SelfSelectFund
382,BNP Paribas Asset Management AXA Framlington American Growth Class Z Accumulation,,https://www.direct.aviva.co.uk/wealth/FundChoice/SelfSelectFundsList/FundDetails/B5LXGG0/SelfSelectFund
383,BNP Paribas Asset Management AXA Framlington American Growth Class Z Income,,https://www.direct.aviva.co.uk/wealth/FundChoice/SelfSelectFundsList/FundDetails/B4152K5/SelfSelectFund
384,BNP Paribas Asset Management AXA Framlington Biotech Class Z Accumulation,,https://www.direct.aviva.co.uk/wealth/FundChoice/SelfSelectFundsList/FundDetails/B784NS1/SelfSelectFund
385,BNP Paribas Asset Management AXA Framlington Biotech Class Z Income,,https://www.direct.aviva.co.uk/wealth/FundChoice/SelfSelectFundsList/FundDetails/BRJZVL2/SelfSelectFund
386,BNP Paribas Asset Management AXA Framlington Global Technology Class Z Accumulation,,https://www.direct.aviva.co.uk/wealth/FundChoice/SelfSelectFundsList/FundDetails/B4W52V5/SelfSelectFund
387,BNP Paribas Asset Management AXA Framlington Global Technology Class Z Income,,https://www.direct.aviva.co.uk/wealth/FundChoice/SelfSelectFundsList/FundDetails/B5MQXC3/SelfSelectFund
388,BNP Paribas Asset Management AXA Framlington Global Thematics Class Z Accumulation,,https://www.direct.aviva.co.uk/wealth/FundChoice/SelfSelectFundsList/FundDetails/B7MMKJ1/SelfSelectFund
389,BNP Paribas Asset Management AXA Framlington Global Thematics Class Z Income,,https://www.direct.aviva.co.uk/wealth/FundChoice/SelfSelectFundsList/FundDetails/BRJZVP6/SelfSelectFund
390,BNP Paribas Asset Management AXA Framlington Health Class Z Accumulation,,https://www.direct.aviva.co.uk/wealth/FundChoice/SelfSelectFundsList/FundDetails/B6WZJX0/SelfSelectFund
391,BNP Paribas Asset Management AXA Framlington Health Class Z Income,,https://www.direct.aviva.co.uk/wealth/FundChoice/SelfSelectFundsList/FundDetails/BRJZVQ7/SelfSelectFund
392,BNP Paribas Asset Management AXA Framlington Japan Class Z Accumulation,,https://www.direct.aviva.co.uk/wealth/FundChoice/SelfSelectFundsList/FundDetails/B7FSWP6/SelfSelectFund
393,BNP Paribas Asset Management AXA Framlington Japan Class Z Income,,https://www.direct.aviva.co.uk/wealth/FundChoice/SelfSelectFundsList/FundDetails/BRJZVR8/SelfSelectFund
394,BNP Paribas Asset Management AXA Framlington Managed Income Class Z Gross Accumulation,,https://www.direct.aviva.co.uk/wealth/FundChoice/SelfSelectFundsList/FundDetails/B7H1PG5/SelfSelectFund
395,BNP Paribas Asset Management AXA Framlington Managed Income Class Z Gross Income,,https://www.direct.aviva.co.uk/wealth/FundChoice/SelfSelectFundsList/FundDetails/B71DB36/SelfSelectFund
396,BNP Paribas Asset Management AXA Framlington UK Mid Cap Class Z Accumulation,,https://www.direct.aviva.co.uk/wealth/FundChoice/SelfSelectFundsList/FundDetails/B64W4Q7/SelfSelectFund
397,BNP Paribas Asset Management AXA Framlington UK Mid Cap Class Z Income,,https://www.direct.aviva.co.uk/wealth/FundChoice/SelfSelectFundsList/FundDetails/B3SYV56/SelfSelectFund
398,BNP Paribas Asset Management AXA Framlington UK Select Opportunities Class Z Accumulation,,https://www.direct.aviva.co.uk/wealth/FundChoice/SelfSelectFundsList/FundDetails/B7MKM11/SelfSelectFund
399,BNP Paribas Asset Management AXA Framlington UK Select Opportunities Class Z Income,,https://www.direct.aviva.co.uk/wealth/FundChoice/SelfSelectFundsList/FundDetails/B7MQVP6/SelfSelectFund
400,BNP Paribas Asset Management AXA Framlington UK Select Opportunities Class ZI Accumulation,,https://www.direct.aviva.co.uk/wealth/FundChoice/SelfSelectFundsList/FundDetails/B7FD4C2/SelfSelectFund
401,BNP Paribas Asset Management AXA Framlington UK Select Opportunities Class ZI Income,,https://www.direct.aviva.co.uk/wealth/FundChoice/SelfSelectFundsList/FundDetails/B703ZS0/SelfSelectFund
402,BNP Paribas Asset Management AXA Framlington UK Smaller Companies Class Z Accumulation,,https://www.direct.aviva.co.uk/wealth/FundChoice/SelfSelectFundsList/FundDetails/B7MMLM1/SelfSelectFund
403,BNP Paribas Asset Management AXA Framlington UK Smaller Companies Class Z Income,,https://www.direct.aviva.co.uk/wealth/FundChoice/SelfSelectFundsList/FundDetails/BRJZVS9/SelfSelectFund
404,BNP Paribas Asset Management AXA Framlington UK Sustainable Equity Class Z Accumulation,,https://www.direct.aviva.co.uk/wealth/FundChoice/SelfSelectFundsList/FundDetails/B51R123/SelfSelectFund
405,BNP Paribas Asset Management AXA Framlington UK Sustainable Equity Class Z Income,,https://www.direct.aviva.co.uk/wealth/FundChoice/SelfSelectFundsList/FundDetails/B55S4R8/SelfSelectFund
406,BNP Paribas Asset Management AXA Global Distribution Class Z Accumulation,,https://www.direct.aviva.co.uk/wealth/FundChoice/SelfSelectFundsList/FundDetails/0830906/SelfSelectFund
407,BNP Paribas Asset Management AXA Global Distribution Class Z Income,,https://www.direct.aviva.co.uk/wealth/FundChoice/SelfSelectFundsList/FundDetails/0830898/SelfSelectFund
408,BNP Paribas Asset Management AXA Global High Yield Class Z Gross Accumulation,,https://www.direct.aviva.co.uk/wealth/FundChoice/SelfSelectFundsList/FundDetails/B29NGF0/SelfSelectFund
409,BNP Paribas Asset Management AXA Global High Yield Class Z Gross Income,,https://www.direct.aviva.co.uk/wealth/FundChoice/SelfSelectFundsList/FundDetails/B29NG94/SelfSelectFund
410,BNP Paribas Asset Management AXA Global Short Duration Bond Class Z Accumulation,,https://www.direct.aviva.co.uk/wealth/FundChoice/SelfSelectFundsList/FundDetails/BDFZQV3/SelfSelectFund
411,BNP Paribas Asset Management AXA Global Short Duration Bond Class Z Income,,https://www.direct.aviva.co.uk/wealth/FundChoice/SelfSelectFundsList/FundDetails/BDFZQW4/SelfSelectFund
412,BNP Paribas Asset Management AXA Global Strategic Bond Class Z Acc Accumulation,,https://www.direct.aviva.co.uk/wealth/FundChoice/SelfSelectFundsList/FundDetails/BMZCH47/SelfSelectFund
413,BNP Paribas Asset Management AXA Global Strategic Bond Class Z Inc Income,,https://www.direct.aviva.co.uk/wealth/FundChoice/SelfSelectFundsList/FundDetails/BMZCH36/SelfSelectFund
414,BNP Paribas Asset Management AXA Global Sustainable Managed Class Z Accumulation,,https://www.direct.aviva.co.uk/wealth/FundChoice/SelfSelectFundsList/FundDetails/B7MMHK1/SelfSelectFund
415,BNP Paribas Asset Management AXA Global Sustainable Managed Class Z Income,,https://www.direct.aviva.co.uk/wealth/FundChoice/SelfSelectFundsList/FundDetails/B7MQY79/SelfSelectFund
416,BNP Paribas Asset Management AXA Green Short Duration Class Z Accumulation,,https://www.direct.aviva.co.uk/wealth/FundChoice/SelfSelectFundsList/FundDetails/BNNDLG9/SelfSelectFund
417,BNP Paribas Asset Management AXA Green Short Duration Class Z Income,,https://www.direct.aviva.co.uk/wealth/FundChoice/SelfSelectFundsList/FundDetails/BNNDLH0/SelfSelectFund
418,BNP Paribas Asset Management AXA People & Planet Equity Class Z Accumulation,,https://www.direct.aviva.co.uk/wealth/FundChoice/SelfSelectFundsList/FundDetails/B4490M2/SelfSelectFund
419,BNP Paribas Asset Management AXA People & Planet Equity Class Z Income,,https://www.direct.aviva.co.uk/wealth/FundChoice/SelfSelectFundsList/FundDetails/B403RF0/SelfSelectFund
420,BNP Paribas Asset Management AXA Sterling Corporate Bond Class Z Gross Accumulation,,https://www.direct.aviva.co.uk/wealth/FundChoice/SelfSelectFundsList/FundDetails/B1Z48Z4/SelfSelectFund
421,BNP Paribas Asset Management AXA Sterling Corporate Bond Class Z Gross Income,,https://www.direct.aviva.co.uk/wealth/FundChoice/SelfSelectFundsList/FundDetails/B1Z48X2/SelfSelectFund
422,BNP Paribas Asset Management AXA Sterling Credit Short Duration Bond Class Z Gross Accumulation,,https://www.direct.aviva.co.uk/wealth/FundChoice/SelfSelectFundsList/FundDetails/B5L2N22/SelfSelectFund
423,BNP Paribas Asset Management AXA Sterling Credit Short Duration Bond Class Z Gross Income,,https://www.direct.aviva.co.uk/wealth/FundChoice/SelfSelectFundsList/FundDetails/B5VL0B7/SelfSelectFund
424,BNP Paribas Asset Management AXA UK Equity Income Class Z Accumulation,,https://www.direct.aviva.co.uk/wealth/FundChoice/SelfSelectFundsList/FundDetails/B7KBNV3/SelfSelectFund
425,BNP Paribas Asset Management AXA UK Equity Income Class Z Income,,https://www.direct.aviva.co.uk/wealth/FundChoice/SelfSelectFundsList/FundDetails/B8HHY29/SelfSelectFund
426,BNP Paribas Asset Management AXA UK Equity Income Class Zm Accumulation,,https://www.direct.aviva.co.uk/wealth/FundChoice/SelfSelectFundsList/FundDetails/BRXFYM0/SelfSelectFund
427,BNP Paribas Asset Management AXA UK Equity Income Class Zm Income,,https://www.direct.aviva.co.uk/wealth/FundChoice/SelfSelectFundsList/FundDetails/BRXFYN1/SelfSelectFund
428,BNP Paribas Asset Management AXA US Short Duration High Yield Class Z Gross Accumulation,,https://www.direct.aviva.co.uk/wealth/FundChoice/SelfSelectFundsList/FundDetails/B59VLT4/SelfSelectFund
429,BNP Paribas Asset Management AXA US Short Duration High Yield Class Z Gross Income,,https://www.direct.aviva.co.uk/wealth/FundChoice/SelfSelectFundsList/FundDetails/B5TX5Q5/SelfSelectFund
430,BNP Paribas Flexi I US Mortgage Privilege Class H Accumulation,,https://www.direct.aviva.co.uk/wealth/FundChoice/SelfSelectFundsList/FundDetails/BZ6FCB8/SelfSelectFund
431,BNP Paribas Parvest Equity Russia Priv Class H Income,,https://www.direct.aviva.co.uk/wealth/FundChoice/SelfSelectFundsList/FundDetails/BZ12300/SelfSelectFund
432,BNP Paribas Parvest Equity USA Small Cap Priv Accumulation,,https://www.direct.aviva.co.uk/wealth/FundChoice/SelfSelectFundsList/FundDetails/BF5CKY9/SelfSelectFund
433,BNY Mellon Absolute Return Bond (IE) Class W Hedged Accumulation,,https://www.direct.aviva.co.uk/wealth/FundChoice/SelfSelectFundsList/FundDetails/BP4JQX2/SelfSelectFund
434,BNY Mellon Asian Income (GB) Class W Accumulation,,https://www.direct.aviva.co.uk/wealth/FundChoice/SelfSelectFundsList/FundDetails/B8KT3V4/SelfSelectFund
435,BNY Mellon Asian Income (GB) Class W Income,,https://www.direct.aviva.co.uk/wealth/FundChoice/SelfSelectFundsList/FundDetails/B8KPW26/SelfSelectFund
436,BNY Mellon Asian Opportunities (GB) Class W Accumulation,,https://www.direct.aviva.co.uk/wealth/FundChoice/SelfSelectFundsList/FundDetails/B8GJF67/SelfSelectFund
437,BNY Mellon Asian Opportunities (GB) Class W Income,,https://www.direct.aviva.co.uk/wealth/FundChoice/SelfSelectFundsList/FundDetails/B8GBZY1/SelfSelectFund
438,BNY Mellon Brazil Equity (IE) Class W Accumulation,,https://www.direct.aviva.co.uk/wealth/FundChoice/SelfSelectFundsList/FundDetails/B90P308/SelfSelectFund
439,BNY Mellon Efficient Global High Yield Beta (IE) Sterling W Accumulation,,https://www.direct.aviva.co.uk/wealth/FundChoice/SelfSelectFundsList/FundDetails/BMYM6D0/SelfSelectFund
440,BNY Mellon Efficient Global High Yield Beta (IE) Sterling W Income,,https://www.direct.aviva.co.uk/wealth/FundChoice/SelfSelectFundsList/FundDetails/BMYM6F2/SelfSelectFund
441,BNY Mellon Efficient US High Yield Beta (IE) Class W Accumulation,,https://www.direct.aviva.co.uk/wealth/FundChoice/SelfSelectFundsList/FundDetails/BYZ8Y26/SelfSelectFund
442,BNY Mellon Emerging Income (GB) Class W Accumulation,,https://www.direct.aviva.co.uk/wealth/FundChoice/SelfSelectFundsList/FundDetails/B8GGF46/SelfSelectFund
443,BNY Mellon Emerging Income (GB) Class W Income,,https://www.direct.aviva.co.uk/wealth/FundChoice/SelfSelectFundsList/FundDetails/B8HMC86/SelfSelectFund
444,BNY Mellon Emerging Market Corporate Debt (IE) Class W Accumulation,,https://www.direct.aviva.co.uk/wealth/FundChoice/SelfSelectFundsList/FundDetails/B5MQD78/SelfSelectFund
445,BNY Mellon Emerging Markets Debt Local Currency (IE) Class W Income,,https://www.direct.aviva.co.uk/wealth/FundChoice/SelfSelectFundsList/FundDetails/B91ZP89/SelfSelectFund
446,BNY Mellon Emerging Markets Debt Total Return (IE) Class W Hedged Accumulation,,https://www.direct.aviva.co.uk/wealth/FundChoice/SelfSelectFundsList/FundDetails/BD9PY59/SelfSelectFund
447,BNY Mellon European Opportunities (Responsible) (GB) Class W Accumulation,,https://www.direct.aviva.co.uk/wealth/FundChoice/SelfSelectFundsList/FundDetails/B4Q5KM8/SelfSelectFund
448,BNY Mellon European Opportunities (Responsible) (GB) Class W Income,,https://www.direct.aviva.co.uk/wealth/FundChoice/SelfSelectFundsList/FundDetails/B881HQ5/SelfSelectFund
449,BNY Mellon FutureLegacy 3 (GB) Class W Accumulation,,https://www.direct.aviva.co.uk/wealth/FundChoice/SelfSelectFundsList/FundDetails/BQH8893/SelfSelectFund
450,BNY Mellon FutureLegacy 3 (GB) Class W Income,,https://www.direct.aviva.co.uk/wealth/FundChoice/SelfSelectFundsList/FundDetails/BQH86S8/SelfSelectFund
451,BNY Mellon FutureLegacy 4 (GB) Class W Accumulation,,https://www.direct.aviva.co.uk/wealth/FundChoice/SelfSelectFundsList/FundDetails/BQH88J3/SelfSelectFund
452,BNY Mellon FutureLegacy 4 (GB) Class W Income,,https://www.direct.aviva.co.uk/wealth/FundChoice/SelfSelectFundsList/FundDetails/BQH88K4/SelfSelectFund
453,BNY Mellon FutureLegacy 5 (GB) Class W Accumulation,,https://www.direct.aviva.co.uk/wealth/FundChoice/SelfSelectFundsList/FundDetails/BQH88S2/SelfSelectFund
454,BNY Mellon FutureLegacy 5 (GB) Class W Income,,https://www.direct.aviva.co.uk/wealth/FundChoice/SelfSelectFundsList/FundDetails/BQH88T3/SelfSelectFund
455,BNY Mellon FutureLegacy 6 (GB) Class W Accumulation,,https://www.direct.aviva.co.uk/wealth/FundChoice/SelfSelectFundsList/FundDetails/BQH8912/SelfSelectFund
456,BNY Mellon FutureLegacy 6 (GB) Class W Income,,https://www.direct.aviva.co.uk/wealth/FundChoice/SelfSelectFundsList/FundDetails/BQH8923/SelfSelectFund
457,BNY Mellon FutureLegacy 7 (GB) Class W Accumulation,,https://www.direct.aviva.co.uk/wealth/FundChoice/SelfSelectFundsList/FundDetails/BQH8990/SelfSelectFund
458,BNY Mellon FutureLegacy 7 (GB) Class W Income,,https://www.direct.aviva.co.uk/wealth/FundChoice/SelfSelectFundsList/FundDetails/BQH89B2/SelfSelectFund
459,BNY Mellon Gilt (GB) Institutional Shares W Accumulation,,https://www.direct.aviva.co.uk/wealth/FundChoice/SelfSelectFundsList/FundDetails/BR3YW90/SelfSelectFund
460,BNY Mellon Gilt (GB) Institutional Shares W Income,,https://www.direct.aviva.co.uk/wealth/FundChoice/SelfSelectFundsList/FundDetails/BR3YWW3/SelfSelectFund
461,BNY Mellon Global Absolute Return (GB) Shares W (Net) Accumulation,,https://www.direct.aviva.co.uk/wealth/FundChoice/SelfSelectFundsList/FundDetails/B83VQG3/SelfSelectFund
462,BNY Mellon Global Absolute Return (GB) Shares W (Net) Income,,https://www.direct.aviva.co.uk/wealth/FundChoice/SelfSelectFundsList/FundDetails/B841JM9/SelfSelectFund
463,BNY Mellon Global Credit (IE) Class W Hedged Accumulation,,https://www.direct.aviva.co.uk/wealth/FundChoice/SelfSelectFundsList/FundDetails/BYZW5P8/SelfSelectFund
464,BNY Mellon Global Dynamic Bond (GB) Class W Accumulation,,https://www.direct.aviva.co.uk/wealth/FundChoice/SelfSelectFundsList/FundDetails/B8H50V4/SelfSelectFund
465,BNY Mellon Global Dynamic Bond (GB) Class W Income,,https://www.direct.aviva.co.uk/wealth/FundChoice/SelfSelectFundsList/FundDetails/B801BG1/SelfSelectFund
466,BNY Mellon Global Dynamic Bond Fund (Responsible) (GB) Class W Accumulation,,https://www.direct.aviva.co.uk/wealth/FundChoice/SelfSelectFundsList/FundDetails/BJBKC38/SelfSelectFund
467,BNY Mellon Global Dynamic Bond Fund (Responsible) (GB) Class W Income,,https://www.direct.aviva.co.uk/wealth/FundChoice/SelfSelectFundsList/FundDetails/BJBKC49/SelfSelectFund
468,BNY Mellon Global Emerging Markets Opportunities (GB) Class W (Net) Accumulation,,https://www.direct.aviva.co.uk/wealth/FundChoice/SelfSelectFundsList/FundDetails/BVRZK93/SelfSelectFund
469,BNY Mellon Global Emerging Markets Opportunities (GB) Class W (Net) Income,,https://www.direct.aviva.co.uk/wealth/FundChoice/SelfSelectFundsList/FundDetails/BVYPP91/SelfSelectFund
470,BNY Mellon Global Equity (GB) Class W Accumulation,,https://www.direct.aviva.co.uk/wealth/FundChoice/SelfSelectFundsList/FundDetails/B8376K5/SelfSelectFund
471,BNY Mellon Global Equity (GB) Class W Income,,https://www.direct.aviva.co.uk/wealth/FundChoice/SelfSelectFundsList/FundDetails/B53Q5S2/SelfSelectFund
472,BNY Mellon Global Equity Income Fund (Responsible) (GB) Class W Accumulation,,https://www.direct.aviva.co.uk/wealth/FundChoice/SelfSelectFundsList/FundDetails/BJ066Z7/SelfSelectFund
473,BNY Mellon Global Equity Income Fund (Responsible) (GB) Class W Income,,https://www.direct.aviva.co.uk/wealth/FundChoice/SelfSelectFundsList/FundDetails/BJ06709/SelfSelectFund
474,BNY Mellon Global High Yield Bond (GB) Class W Accumulation,,https://www.direct.aviva.co.uk/wealth/FundChoice/SelfSelectFundsList/FundDetails/B7KWF21/SelfSelectFund
475,BNY Mellon Global High Yield Bond (GB) Class W Income,,https://www.direct.aviva.co.uk/wealth/FundChoice/SelfSelectFundsList/FundDetails/B8BX3V5/SelfSelectFund
476,BNY Mellon Global Income (GB) Class W Accumulation,,https://www.direct.aviva.co.uk/wealth/FundChoice/SelfSelectFundsList/FundDetails/B7S9KM9/SelfSelectFund
477,BNY Mellon Global Income (GB) Class W Income,,https://www.direct.aviva.co.uk/wealth/FundChoice/SelfSelectFundsList/FundDetails/B8BQG48/SelfSelectFund
478,BNY Mellon Global Infrastructure Income (GB) Class W Accumulation,,https://www.direct.aviva.co.uk/wealth/FundChoice/SelfSelectFundsList/FundDetails/BDR8GH6/SelfSelectFund
479,BNY Mellon Global Infrastructure Income (GB) Class W Income,,https://www.direct.aviva.co.uk/wealth/FundChoice/SelfSelectFundsList/FundDetails/BDR8GG5/SelfSelectFund
480,BNY Mellon Global Leaders (IE) Class W Accumulation,,https://www.direct.aviva.co.uk/wealth/FundChoice/SelfSelectFundsList/FundDetails/BYQQK10/SelfSelectFund
481,BNY Mellon Global Multi-Strategy (GB) Shares W (Net) Accumulation,,https://www.direct.aviva.co.uk/wealth/FundChoice/SelfSelectFundsList/FundDetails/B84QL39/SelfSelectFund
482,BNY Mellon Global Multi-Strategy (GB) Shares W (Net) Income,,https://www.direct.aviva.co.uk/wealth/FundChoice/SelfSelectFundsList/FundDetails/B8BSRR4/SelfSelectFund
483,BNY Mellon Global Real Return (GBP) (IE) Class W Accumulation,,https://www.direct.aviva.co.uk/wealth/FundChoice/SelfSelectFundsList/FundDetails/B8YWCK1/SelfSelectFund
484,BNY Mellon Global Short-Dated High Yield Bond (IE) Class W Hedged Accumulation,,https://www.direct.aviva.co.uk/wealth/FundChoice/SelfSelectFundsList/FundDetails/BD5CVF3/SelfSelectFund
485,BNY Mellon Global Short-Dated High Yield Bond (IE) Class W Hedged Income,,https://www.direct.aviva.co.uk/wealth/FundChoice/SelfSelectFundsList/FundDetails/BD5CVG4/SelfSelectFund
486,BNY Mellon Index Linked Gilt (GB) Class W Institutional Shares Accumulation,,https://www.direct.aviva.co.uk/wealth/FundChoice/SelfSelectFundsList/FundDetails/BNNMCV8/SelfSelectFund
487,BNY Mellon Inflation Linked Corporate Bond (GB) Shares W Accumulation,,https://www.direct.aviva.co.uk/wealth/FundChoice/SelfSelectFundsList/FundDetails/B8HY505/SelfSelectFund
488,BNY Mellon Inflation Linked Corporate Bond (GB) Shares W Income,,https://www.direct.aviva.co.uk/wealth/FundChoice/SelfSelectFundsList/FundDetails/B7HYGP0/SelfSelectFund
489,BNY Mellon International Bond (GB) Class W Accumulation,,https://www.direct.aviva.co.uk/wealth/FundChoice/SelfSelectFundsList/FundDetails/B8BYHS3/SelfSelectFund
490,BNY Mellon International Bond (GB) Class W Income,,https://www.direct.aviva.co.uk/wealth/FundChoice/SelfSelectFundsList/FundDetails/B88K438/SelfSelectFund
491,BNY Mellon Long-Term Global Equity (GB) Class W Accumulation,,https://www.direct.aviva.co.uk/wealth/FundChoice/SelfSelectFundsList/FundDetails/B8K6W52/SelfSelectFund
492,BNY Mellon Long-Term Global Equity (GB) Class W Income,,https://www.direct.aviva.co.uk/wealth/FundChoice/SelfSelectFundsList/FundDetails/B7V9479/SelfSelectFund
493,BNY Mellon Multi-Asset Balanced (GB) Class B Income,,https://www.direct.aviva.co.uk/wealth/FundChoice/SelfSelectFundsList/FundDetails/B8K7QM0/SelfSelectFund
494,BNY Mellon Multi-Asset Balanced (GB) Class W Accumulation,,https://www.direct.aviva.co.uk/wealth/FundChoice/SelfSelectFundsList/FundDetails/B86LX25/SelfSelectFund
495,BNY Mellon Multi-Asset Balanced (GB) Class W Income,,https://www.direct.aviva.co.uk/wealth/FundChoice/SelfSelectFundsList/FundDetails/B7LB0P5/SelfSelectFund
496,BNY Mellon Multi-Asset Diversified Return (GB) Class W Accumulation,,https://www.direct.aviva.co.uk/wealth/FundChoice/SelfSelectFundsList/FundDetails/B81C839/SelfSelectFund
497,BNY Mellon Multi-Asset Diversified Return (GB) Class W Income,,https://www.direct.aviva.co.uk/wealth/FundChoice/SelfSelectFundsList/FundDetails/B8HJ577/SelfSelectFund
498,BNY Mellon Multi-Asset Global Balanced (GB) Class W Accumulation,,https://www.direct.aviva.co.uk/wealth/FundChoice/SelfSelectFundsList/FundDetails/BD8YW20/SelfSelectFund
499,BNY Mellon Multi-Asset Global Balanced (GB) Class W Income,,https://www.direct.aviva.co.uk/wealth/FundChoice/SelfSelectFundsList/FundDetails/BD8YW19/SelfSelectFund
500,BNY Mellon Multi-Asset Growth (GB) Class W Accumulation,,https://www.direct.aviva.co.uk/wealth/FundChoice/SelfSelectFundsList/FundDetails/B8454P9/SelfSelectFund
501,BNY Mellon Multi-Asset Growth (GB) Class W Income,,https://www.direct.aviva.co.uk/wealth/FundChoice/SelfSelectFundsList/FundDetails/B87BSD0/SelfSelectFund
502,BNY Mellon Multi-Asset Income (GB) Class W Accumulation,,https://www.direct.aviva.co.uk/wealth/FundChoice/SelfSelectFundsList/FundDetails/BP851Q4/SelfSelectFund
503,BNY Mellon Multi-Asset Income (GB) Class W Income,,https://www.direct.aviva.co.uk/wealth/FundChoice/SelfSelectFundsList/FundDetails/BP851R5/SelfSelectFund
504,BNY Mellon Multi-Asset Moderate (GB) Class W Accumulation,,https://www.direct.aviva.co.uk/wealth/FundChoice/SelfSelectFundsList/FundDetails/BRJTS68/SelfSelectFund
505,BNY Mellon Multi-Asset Moderate (GB) Class W Income,,https://www.direct.aviva.co.uk/wealth/FundChoice/SelfSelectFundsList/FundDetails/BRJTWL1/SelfSelectFund
506,BNY Mellon Real Return (GB) Class W Accumulation,,https://www.direct.aviva.co.uk/wealth/FundChoice/SelfSelectFundsList/FundDetails/B8GG4B6/SelfSelectFund
507,BNY Mellon Real Return (GB) Class W Income,,https://www.direct.aviva.co.uk/wealth/FundChoice/SelfSelectFundsList/FundDetails/B7W3652/SelfSelectFund
508,BNY Mellon Real Return Fund (Responsible) (GB) Class W Accumulation,,https://www.direct.aviva.co.uk/wealth/FundChoice/SelfSelectFundsList/FundDetails/BD6DRD5/SelfSelectFund
509,BNY Mellon Real Return Fund (Responsible) (GB) Class W Income,,https://www.direct.aviva.co.uk/wealth/FundChoice/SelfSelectFundsList/FundDetails/BD6DRF7/SelfSelectFund
510,BNY Mellon Responsible Horizons UK Corporate Bond (GB) Class W Accumulation,,https://www.direct.aviva.co.uk/wealth/FundChoice/SelfSelectFundsList/FundDetails/B8KDLX4/SelfSelectFund
511,BNY Mellon Responsible Horizons UK Corporate Bond (GB) Class W Income,,https://www.direct.aviva.co.uk/wealth/FundChoice/SelfSelectFundsList/FundDetails/B8KCZN9/SelfSelectFund
512,BNY Mellon Strategic Bond Fund (GB) Class W Accumulation,,https://www.direct.aviva.co.uk/wealth/FundChoice/SelfSelectFundsList/FundDetails/BMD5328/SelfSelectFund
513,BNY Mellon Strategic Bond Fund (GB) Class W Income,,https://www.direct.aviva.co.uk/wealth/FundChoice/SelfSelectFundsList/FundDetails/BMD5339/SelfSelectFund
514,BNY Mellon UK Equity (GB) Class W Accumulation,,https://www.direct.aviva.co.uk/wealth/FundChoice/SelfSelectFundsList/FundDetails/B6X4W59/SelfSelectFund
515,BNY Mellon UK Equity (GB) Class W Income,,https://www.direct.aviva.co.uk/wealth/FundChoice/SelfSelectFundsList/FundDetails/B8GHL29/SelfSelectFund
516,BNY Mellon UK Income (GB) Class W Accumulation,,https://www.direct.aviva.co.uk/wealth/FundChoice/SelfSelectFundsList/FundDetails/B7M90R0/SelfSelectFund
517,BNY Mellon UK Income (GB) Class W Income,,https://www.direct.aviva.co.uk/wealth/FundChoice/SelfSelectFundsList/FundDetails/B7W2G37/SelfSelectFund
518,BNY Mellon UK Opportunities (Responsible) (GB) Class W Accumulation,,https://www.direct.aviva.co.uk/wealth/FundChoice/SelfSelectFundsList/FundDetails/B8HQWK0/SelfSelectFund
519,BNY Mellon UK Opportunities (Responsible) (GB) Class W Income,,https://www.direct.aviva.co.uk/wealth/FundChoice/SelfSelectFundsList/FundDetails/B7RLX83/SelfSelectFund
520,BNY Mellon US Equity Income (GB) Class W Accumulation,,https://www.direct.aviva.co.uk/wealth/FundChoice/SelfSelectFundsList/FundDetails/BGV53H3/SelfSelectFund
521,BNY Mellon US Equity Income (GB) Class W Income,,https://www.direct.aviva.co.uk/wealth/FundChoice/SelfSelectFundsList/FundDetails/BGV53J5/SelfSelectFund
522,BNY Mellon US Equity Income (IE) Class W Hedged Accumulation,,https://www.direct.aviva.co.uk/wealth/FundChoice/SelfSelectFundsList/FundDetails/BD7Y0G1/SelfSelectFund
523,BNY Mellon US Equity Income (IE) Class W Income,,https://www.direct.aviva.co.uk/wealth/FundChoice/SelfSelectFundsList/FundDetails/BD5M755/SelfSelectFund
524,Baillie Gifford American Class B Accumulation,,https://www.direct.aviva.co.uk/wealth/FundChoice/SelfSelectFundsList/FundDetails/0606196/SelfSelectFund
525,Baillie Gifford American Class B Income,,https://www.direct.aviva.co.uk/wealth/FundChoice/SelfSelectFundsList/FundDetails/0606185/SelfSelectFund
526,Baillie Gifford China Class B Accumulation,,https://www.direct.aviva.co.uk/wealth/FundChoice/SelfSelectFundsList/FundDetails/B39RMM8/SelfSelectFund
527,Baillie Gifford China Class B Income,,https://www.direct.aviva.co.uk/wealth/FundChoice/SelfSelectFundsList/FundDetails/B3K73F7/SelfSelectFund
528,Baillie Gifford Developed Asia Pacific Class B Accumulation,,https://www.direct.aviva.co.uk/wealth/FundChoice/SelfSelectFundsList/FundDetails/3049204/SelfSelectFund
529,Baillie Gifford Developed Asia Pacific Class B Income,,https://www.direct.aviva.co.uk/wealth/FundChoice/SelfSelectFundsList/FundDetails/3049163/SelfSelectFund
530,Baillie Gifford Emerging Markets Growth Class B Accumulation,,https://www.direct.aviva.co.uk/wealth/FundChoice/SelfSelectFundsList/FundDetails/0602064/SelfSelectFund
531,Baillie Gifford Emerging Markets Growth Class B Income,,https://www.direct.aviva.co.uk/wealth/FundChoice/SelfSelectFundsList/FundDetails/0602053/SelfSelectFund
532,Baillie Gifford Emerging Markets Leading Companies Class B Accumulation,,https://www.direct.aviva.co.uk/wealth/FundChoice/SelfSelectFundsList/FundDetails/B06HZN2/SelfSelectFund
533,Baillie Gifford Emerging Markets Leading Companies Class B Income,,https://www.direct.aviva.co.uk/wealth/FundChoice/SelfSelectFundsList/FundDetails/B06HZP4/SelfSelectFund
534,Baillie Gifford Emerging Markets Leading Companies Class W6 Accumulation,,https://www.direct.aviva.co.uk/wealth/FundChoice/SelfSelectFundsList/FundDetails/BS52L92/SelfSelectFund
535,Baillie Gifford Emerging Markets Leading Companies Class W6 Income,,https://www.direct.aviva.co.uk/wealth/FundChoice/SelfSelectFundsList/FundDetails/BS52LB4/SelfSelectFund
536,Baillie Gifford European Class B Accumulation,,https://www.direct.aviva.co.uk/wealth/FundChoice/SelfSelectFundsList/FundDetails/0605825/SelfSelectFund
537,Baillie Gifford European Class B Income,,https://www.direct.aviva.co.uk/wealth/FundChoice/SelfSelectFundsList/FundDetails/0605739/SelfSelectFund
538,Baillie Gifford Global Alpha Growth Class B Accumulation,,https://www.direct.aviva.co.uk/wealth/FundChoice/SelfSelectFundsList/FundDetails/B61DJ02/SelfSelectFund
539,Baillie Gifford Global Alpha Growth Class B Income,,https://www.direct.aviva.co.uk/wealth/FundChoice/SelfSelectFundsList/FundDetails/B3PPZ72/SelfSelectFund
540,Baillie Gifford Global Discovery Fund Class B Accumulation,,https://www.direct.aviva.co.uk/wealth/FundChoice/SelfSelectFundsList/FundDetails/0605933/SelfSelectFund
541,Baillie Gifford Global Discovery Fund Class B Income,,https://www.direct.aviva.co.uk/wealth/FundChoice/SelfSelectFundsList/FundDetails/0605922/SelfSelectFund
542,Baillie Gifford Global Income Growth Class B Accumulation,,https://www.direct.aviva.co.uk/wealth/FundChoice/SelfSelectFundsList/FundDetails/0577247/SelfSelectFund
543,Baillie Gifford Global Income Growth Class B Income,,https://www.direct.aviva.co.uk/wealth/FundChoice/SelfSelectFundsList/FundDetails/0577258/SelfSelectFund
544,Baillie Gifford High Yield Bond Class B Accumulation,,https://www.direct.aviva.co.uk/wealth/FundChoice/SelfSelectFundsList/FundDetails/B1W0GF1/SelfSelectFund
545,Baillie Gifford High Yield Bond Class B Income,,https://www.direct.aviva.co.uk/wealth/FundChoice/SelfSelectFundsList/FundDetails/3081671/SelfSelectFund
546,Baillie Gifford International Class B Accumulation,,https://www.direct.aviva.co.uk/wealth/FundChoice/SelfSelectFundsList/FundDetails/0594127/SelfSelectFund
547,Baillie Gifford International Class B Income,,https://www.direct.aviva.co.uk/wealth/FundChoice/SelfSelectFundsList/FundDetails/0594031/SelfSelectFund
548,Baillie Gifford Investment Grade Bond Class B Income,,https://www.direct.aviva.co.uk/wealth/FundChoice/SelfSelectFundsList/FundDetails/3081648/SelfSelectFund
549,Baillie Gifford Japanese Class B Accumulation,,https://www.direct.aviva.co.uk/wealth/FundChoice/SelfSelectFundsList/FundDetails/0601113/SelfSelectFund
550,Baillie Gifford Japanese Class B Income,,https://www.direct.aviva.co.uk/wealth/FundChoice/SelfSelectFundsList/FundDetails/0601094/SelfSelectFund
551,Baillie Gifford Japanese Income Growth Class B Accumulation,,https://www.direct.aviva.co.uk/wealth/FundChoice/SelfSelectFundsList/FundDetails/BYZJQH8/SelfSelectFund
552,Baillie Gifford Japanese Income Growth Class B Income,,https://www.direct.aviva.co.uk/wealth/FundChoice/SelfSelectFundsList/FundDetails/BYZJQG7/SelfSelectFund
553,Baillie Gifford Japanese Smaller Companies Class B Accumulation,,https://www.direct.aviva.co.uk/wealth/FundChoice/SelfSelectFundsList/FundDetails/0601492/SelfSelectFund
554,Baillie Gifford Japanese Smaller Companies Class B Income,,https://www.direct.aviva.co.uk/wealth/FundChoice/SelfSelectFundsList/FundDetails/0601458/SelfSelectFund
555,Baillie Gifford Long Term Global Growth Investment Class B Accumulation,,https://www.direct.aviva.co.uk/wealth/FundChoice/SelfSelectFundsList/FundDetails/BD5Z0Z5/SelfSelectFund
556,Baillie Gifford Managed Class B Accumulation,,https://www.direct.aviva.co.uk/wealth/FundChoice/SelfSelectFundsList/FundDetails/0601016/SelfSelectFund
557,Baillie Gifford Managed Class B Income,,https://www.direct.aviva.co.uk/wealth/FundChoice/SelfSelectFundsList/FundDetails/0600790/SelfSelectFund
558,Baillie Gifford Monthly Income Class B Accumulation,,https://www.direct.aviva.co.uk/wealth/FundChoice/SelfSelectFundsList/FundDetails/BFXY296/SelfSelectFund
559,Baillie Gifford Monthly Income Class B Income,,https://www.direct.aviva.co.uk/wealth/FundChoice/SelfSelectFundsList/FundDetails/BFXY285/SelfSelectFund
560,Baillie Gifford Pacific Class B Accumulation,,https://www.direct.aviva.co.uk/wealth/FundChoice/SelfSelectFundsList/FundDetails/0606323/SelfSelectFund
561,Baillie Gifford Pacific Class B Income,,https://www.direct.aviva.co.uk/wealth/FundChoice/SelfSelectFundsList/FundDetails/0606334/SelfSelectFund
562,Baillie Gifford Positive Change Class B Accumulation,,https://www.direct.aviva.co.uk/wealth/FundChoice/SelfSelectFundsList/FundDetails/BYVGKV5/SelfSelectFund
563,Baillie Gifford Positive Change Class B Income,,https://www.direct.aviva.co.uk/wealth/FundChoice/SelfSelectFundsList/FundDetails/BYVGKX7/SelfSelectFund
564,Baillie Gifford Responsible Global Equity Income Class B Accumulation,,https://www.direct.aviva.co.uk/wealth/FundChoice/SelfSelectFundsList/FundDetails/BFM4CT7/SelfSelectFund
565,Baillie Gifford Responsible Global Equity Income Class B Income,,https://www.direct.aviva.co.uk/wealth/FundChoice/SelfSelectFundsList/FundDetails/BFM4N49/SelfSelectFund
566,Baillie Gifford Strategic Bond Class B Accumulation,,https://www.direct.aviva.co.uk/wealth/FundChoice/SelfSelectFundsList/FundDetails/0594785/SelfSelectFund
567,Baillie Gifford Strategic Bond Class B Income,,https://www.direct.aviva.co.uk/wealth/FundChoice/SelfSelectFundsList/FundDetails/0594774/SelfSelectFund
568,Baillie Gifford Sustainable Growth Class B Accumulation,,https://www.direct.aviva.co.uk/wealth/FundChoice/SelfSelectFundsList/FundDetails/BYNK7G9/SelfSelectFund
569,Baillie Gifford Sustainable Growth Class B Income,,https://www.direct.aviva.co.uk/wealth/FundChoice/SelfSelectFundsList/FundDetails/BDDY6H8/SelfSelectFund
570,Baillie Gifford UK Equity Alpha Class B Accumulation,,https://www.direct.aviva.co.uk/wealth/FundChoice/SelfSelectFundsList/FundDetails/0585819/SelfSelectFund
571,Baillie Gifford UK Equity Alpha Class B Income,,https://www.direct.aviva.co.uk/wealth/FundChoice/SelfSelectFundsList/FundDetails/0585790/SelfSelectFund
572,Barings Fund Managers Limited Eastern Trust Class I Accumulation,,https://www.direct.aviva.co.uk/wealth/FundChoice/SelfSelectFundsList/FundDetails/B9M3QP6/SelfSelectFund
573,Barings Fund Managers Limited Eastern Trust Class I Income,,https://www.direct.aviva.co.uk/wealth/FundChoice/SelfSelectFundsList/FundDetails/B85JKH4/SelfSelectFund
574,Barings Fund Managers Limited Europe Select Trust Class I Accumulation,,https://www.direct.aviva.co.uk/wealth/FundChoice/SelfSelectFundsList/FundDetails/BKXBBL7/SelfSelectFund
575,Barings Fund Managers Limited Europe Select Trust Class I Income,,https://www.direct.aviva.co.uk/wealth/FundChoice/SelfSelectFundsList/FundDetails/B7NB1W7/SelfSelectFund
576,Barings Fund Managers Limited European Growth Trust Class I Income,,https://www.direct.aviva.co.uk/wealth/FundChoice/SelfSelectFundsList/FundDetails/B8DDXV3/SelfSelectFund
577,Barings Fund Managers Limited German Growth Trust Class I Accumulation,,https://www.direct.aviva.co.uk/wealth/FundChoice/SelfSelectFundsList/FundDetails/B9M3QX4/SelfSelectFund
578,Barings Fund Managers Limited German Growth Trust Class I Hedged Accumulation,,https://www.direct.aviva.co.uk/wealth/FundChoice/SelfSelectFundsList/FundDetails/BX8ZV60/SelfSelectFund
579,Barings Fund Managers Limited German Growth Trust Class I Income,,https://www.direct.aviva.co.uk/wealth/FundChoice/SelfSelectFundsList/FundDetails/B8DDY87/SelfSelectFund
580,Barings Fund Managers Limited Global Agriculture Class I Accumulation,,https://www.direct.aviva.co.uk/wealth/FundChoice/SelfSelectFundsList/FundDetails/B3B9VD6/SelfSelectFund
581,Barings Fund Managers Limited Korea Trust Class I Accumulation,,https://www.direct.aviva.co.uk/wealth/FundChoice/SelfSelectFundsList/FundDetails/B9M3RQ4/SelfSelectFund
582,Barings Fund Managers Limited Korea Trust Class I Income,,https://www.direct.aviva.co.uk/wealth/FundChoice/SelfSelectFundsList/FundDetails/B8DD3Y6/SelfSelectFund
583,Barings International Ireland Ltd ASEAN Frontiers Class I Accumulation,,https://www.direct.aviva.co.uk/wealth/FundChoice/SelfSelectFundsList/FundDetails/B3BC5W2/SelfSelectFund
584,Barings International Ireland Ltd Asia Growth Class I Accumulation,,https://www.direct.aviva.co.uk/wealth/FundChoice/SelfSelectFundsList/FundDetails/B3BC9W0/SelfSelectFund
585,Barings International Ireland Ltd Australia Class I Accumulation,,https://www.direct.aviva.co.uk/wealth/FundChoice/SelfSelectFundsList/FundDetails/B3YQ8T9/SelfSelectFund
586,Barings International Ireland Ltd Eastern Europe (SP) Class I Accumulation,,https://www.direct.aviva.co.uk/wealth/FundChoice/SelfSelectFundsList/FundDetails/BPK6518/SelfSelectFund
587,Barings International Ireland Ltd Eastern Europe Class I Accumulation,,https://www.direct.aviva.co.uk/wealth/FundChoice/SelfSelectFundsList/FundDetails/B4V4RZ2/SelfSelectFund
588,Barings International Ireland Ltd Emerging Markets Debt Blended Total Return Tranche C Accumulation,,https://www.direct.aviva.co.uk/wealth/FundChoice/SelfSelectFundsList/FundDetails/BSL73W8/SelfSelectFund
589,Barings International Ireland Ltd Emerging Markets Debt Blended Total Return Tranche C Income,,https://www.direct.aviva.co.uk/wealth/FundChoice/SelfSelectFundsList/FundDetails/BSL73X9/SelfSelectFund
590,Barings International Ireland Ltd Emerging Markets Local Debt Class C Unhedged Accumulation,,https://www.direct.aviva.co.uk/wealth/FundChoice/SelfSelectFundsList/FundDetails/BG36V36/SelfSelectFund
591,Barings International Ireland Ltd Emerging Markets Local Debt Tranche C Accumulation,,https://www.direct.aviva.co.uk/wealth/FundChoice/SelfSelectFundsList/FundDetails/BKZGL43/SelfSelectFund
592,Barings International Ireland Ltd Emerging Markets Local Debt Tranche C Income,,https://www.direct.aviva.co.uk/wealth/FundChoice/SelfSelectFundsList/FundDetails/BKZGL54/SelfSelectFund
593,Barings International Ireland Ltd Emerging Markets Sovereign Debt Tranche C Accumulation,,https://www.direct.aviva.co.uk/wealth/FundChoice/SelfSelectFundsList/FundDetails/BYXX2J6/SelfSelectFund
594,Barings International Ireland Ltd European High Yield Bond Class B Income,,https://www.direct.aviva.co.uk/wealth/FundChoice/SelfSelectFundsList/FundDetails/B3QLQL0/SelfSelectFund
595,Barings International Ireland Ltd Global Bond Class I Income,,https://www.direct.aviva.co.uk/wealth/FundChoice/SelfSelectFundsList/FundDetails/B7JYQM5/SelfSelectFund
596,Barings International Ireland Ltd Global Emerging Markets Class I Accumulation,,https://www.direct.aviva.co.uk/wealth/FundChoice/SelfSelectFundsList/FundDetails/B67GCC8/SelfSelectFund
597,Barings International Ireland Ltd Global High Yield Bond Class I Accumulation,,https://www.direct.aviva.co.uk/wealth/FundChoice/SelfSelectFundsList/FundDetails/B7M65Z4/SelfSelectFund
598,Barings International Ireland Ltd Global High Yield Bond Class I Income,,https://www.direct.aviva.co.uk/wealth/FundChoice/SelfSelectFundsList/FundDetails/B7F8GW1/SelfSelectFund
599,Barings International Ireland Ltd Global Investment Grade Credit Tranche I Income,,https://www.direct.aviva.co.uk/wealth/FundChoice/SelfSelectFundsList/FundDetails/BQYL0H7/SelfSelectFund
600,Barings International Ireland Ltd Global Resources Class I Accumulation,,https://www.direct.aviva.co.uk/wealth/FundChoice/SelfSelectFundsList/FundDetails/B4V6GM8/SelfSelectFund
601,Barings International Ireland Ltd Hong Kong China Class I Accumulation,,https://www.direct.aviva.co.uk/wealth/FundChoice/SelfSelectFundsList/FundDetails/B3YV5X7/SelfSelectFund
602,Barings International Ireland Ltd Latin America Class I Accumulation,,https://www.direct.aviva.co.uk/wealth/FundChoice/SelfSelectFundsList/FundDetails/B64MCJ6/SelfSelectFund
603,Barwon Investment Partners PTY Ltd Pareturn Barwon Listed Private Equity Founder G - B Accumulation,,https://www.direct.aviva.co.uk/wealth/FundChoice/SelfSelectFundsList/FundDetails/0889740/SelfSelectFund
604,BlackRock (Dublin) Advantage World Equity Class D Accumulation,,https://www.direct.aviva.co.uk/wealth/FundChoice/SelfSelectFundsList/FundDetails/BSLNFL9/SelfSelectFund
605,BlackRock (Dublin) Tactical Opportunities Class D Accumulating GBP Hedged Accumulation,,https://www.direct.aviva.co.uk/wealth/FundChoice/SelfSelectFundsList/FundDetails/BK4PZT4/SelfSelectFund
606,BlackRock (Dublin) iShares China CNY Bond Index Class D Accumulation,,https://www.direct.aviva.co.uk/wealth/FundChoice/SelfSelectFundsList/FundDetails/BMYX8V5/SelfSelectFund
607,BlackRock (Dublin) iShares Developed Real Estate Index Class D Accumulating GBP Accumulation,,https://www.direct.aviva.co.uk/wealth/FundChoice/SelfSelectFundsList/FundDetails/BNDXYD7/SelfSelectFund
608,BlackRock (Dublin) iShares Developed Real Estate Index Class D Hedged Income,,https://www.direct.aviva.co.uk/wealth/FundChoice/SelfSelectFundsList/FundDetails/BKPWSS4/SelfSelectFund
609,BlackRock (Dublin) iShares Developed Real Estate Index Class D Income,,https://www.direct.aviva.co.uk/wealth/FundChoice/SelfSelectFundsList/FundDetails/BFWVNS4/SelfSelectFund
610,BlackRock (Dublin) iShares Developed World ESG Screened Index Class D Income,,https://www.direct.aviva.co.uk/wealth/FundChoice/SelfSelectFundsList/FundDetails/BYZ8K06/SelfSelectFund
611,BlackRock (Dublin) iShares Developed World Index Class D Accumulation,,https://www.direct.aviva.co.uk/wealth/FundChoice/SelfSelectFundsList/FundDetails/BD0NCL4/SelfSelectFund
612,BlackRock (Dublin) iShares Developed World Index Class D Hedged Income,,https://www.direct.aviva.co.uk/wealth/FundChoice/SelfSelectFundsList/FundDetails/BGL8877/SelfSelectFund
613,BlackRock (Dublin) iShares Emerging Markets Government Bond Index Class D Hedged Income,,https://www.direct.aviva.co.uk/wealth/FundChoice/SelfSelectFundsList/FundDetails/BKFVZB3/SelfSelectFund
614,BlackRock (Dublin) iShares Emerging Markets Index Inst Accumulation,,https://www.direct.aviva.co.uk/wealth/FundChoice/SelfSelectFundsList/FundDetails/B3D07H3/SelfSelectFund
615,BlackRock (Dublin) iShares Emerging Markets Index Inst Income,,https://www.direct.aviva.co.uk/wealth/FundChoice/SelfSelectFundsList/FundDetails/B3D07L7/SelfSelectFund
616,BlackRock (Dublin) iShares GiltTrak Index Class D Accumulation,,https://www.direct.aviva.co.uk/wealth/FundChoice/SelfSelectFundsList/FundDetails/BD0NC25/SelfSelectFund
617,BlackRock (Dublin) iShares Global Aggregate 1-5 Year Bond Index Class D Hedged Income,,https://www.direct.aviva.co.uk/wealth/FundChoice/SelfSelectFundsList/FundDetails/BF2MW57/SelfSelectFund
618,BlackRock (Dublin) iShares Global Inflation-Linked Bond Index Class D Hedged Accumulation,,https://www.direct.aviva.co.uk/wealth/FundChoice/SelfSelectFundsList/FundDetails/BN6RDL7/SelfSelectFund
619,BlackRock (Dublin) iShares Green Bond Index Class D Hedged Accumulation,,https://www.direct.aviva.co.uk/wealth/FundChoice/SelfSelectFundsList/FundDetails/BD5GZQ4/SelfSelectFund
620,BlackRock (Dublin) iShares Green Bond Index Class D Hedged Income,,https://www.direct.aviva.co.uk/wealth/FundChoice/SelfSelectFundsList/FundDetails/BMTMD89/SelfSelectFund
621,BlackRock (Dublin) iShares Screened Global Corporate Bond Index Class D Hedged Income,,https://www.direct.aviva.co.uk/wealth/FundChoice/SelfSelectFundsList/FundDetails/BJN4RF5/SelfSelectFund
622,BlackRock (Dublin) iShares UK Credit Bond Index Class D Accumulation,,https://www.direct.aviva.co.uk/wealth/FundChoice/SelfSelectFundsList/FundDetails/BD0NC47/SelfSelectFund
623,BlackRock (Dublin) iShares UK Credit Bond Index Class D Income,,https://www.direct.aviva.co.uk/wealth/FundChoice/SelfSelectFundsList/FundDetails/BGWKS38/SelfSelectFund
624,BlackRock (Dublin) iShares UK Index Class D Accumulation,,https://www.direct.aviva.co.uk/wealth/FundChoice/SelfSelectFundsList/FundDetails/BD0NCQ9/SelfSelectFund
625,BlackRock (Lux) BGF AI Innovation Class D2 Accumulation,,https://www.direct.aviva.co.uk/wealth/FundChoice/SelfSelectFundsList/FundDetails/BMY3H41/SelfSelectFund
626,BlackRock (Lux) BGF Asian Dragon Class D4 Income,,https://www.direct.aviva.co.uk/wealth/FundChoice/SelfSelectFundsList/FundDetails/B72VKS7/SelfSelectFund
627,BlackRock (Lux) BGF Asian Growth Leaders Class D2 Accumulation,,https://www.direct.aviva.co.uk/wealth/FundChoice/SelfSelectFundsList/FundDetails/BP25SS1/SelfSelectFund
628,BlackRock (Lux) BGF Asian High Yield Bond Class D3 Hedged Income,,https://www.direct.aviva.co.uk/wealth/FundChoice/SelfSelectFundsList/FundDetails/BMDHV97/SelfSelectFund
629,BlackRock (Lux) BGF China Class D2 Hedged Accumulation,,https://www.direct.aviva.co.uk/wealth/FundChoice/SelfSelectFundsList/FundDetails/B8DV3C8/SelfSelectFund
630,BlackRock (Lux) BGF Circular Economy Class D2 Hedged Accumulation,,https://www.direct.aviva.co.uk/wealth/FundChoice/SelfSelectFundsList/FundDetails/BJBCHY0/SelfSelectFund
631,BlackRock (Lux) BGF Continental European Flexible Class D2 Hedged Accumulation,,https://www.direct.aviva.co.uk/wealth/FundChoice/SelfSelectFundsList/FundDetails/B7FT6W4/SelfSelectFund
632,BlackRock (Lux) BGF Continental European Flexible Class D4 Income,,https://www.direct.aviva.co.uk/wealth/FundChoice/SelfSelectFundsList/FundDetails/B8DWQ22/SelfSelectFund
633,BlackRock (Lux) BGF Emerging Europe Class D2 Hedged Accumulation,,https://www.direct.aviva.co.uk/wealth/FundChoice/SelfSelectFundsList/FundDetails/B76QGY6/SelfSelectFund
634,BlackRock (Lux) BGF Emerging Europe Class D4 Income,,https://www.direct.aviva.co.uk/wealth/FundChoice/SelfSelectFundsList/FundDetails/B7Z25Q0/SelfSelectFund
635,BlackRock (Lux) BGF Emerging Markets Corporate Bond Class D3 Hedged Income,,https://www.direct.aviva.co.uk/wealth/FundChoice/SelfSelectFundsList/FundDetails/BH0WJ74/SelfSelectFund
636,BlackRock (Lux) BGF Emerging Markets Equity Income Class D5 Income,,https://www.direct.aviva.co.uk/wealth/FundChoice/SelfSelectFundsList/FundDetails/BKWCY01/SelfSelectFund
637,BlackRock (Lux) BGF Emerging Markets Ex-China Class D2 Income,,https://www.direct.aviva.co.uk/wealth/FundChoice/SelfSelectFundsList/FundDetails/BP0VK29/SelfSelectFund
638,BlackRock (Lux) BGF Emerging Markets Ex-China Class D4 Income,,https://www.direct.aviva.co.uk/wealth/FundChoice/SelfSelectFundsList/FundDetails/BP0VKY1/SelfSelectFund
639,BlackRock (Lux) BGF Emerging Markets Local Currency Bond Class D2 Hedged Accumulation,,https://www.direct.aviva.co.uk/wealth/FundChoice/SelfSelectFundsList/FundDetails/B3W47C1/SelfSelectFund
640,BlackRock (Lux) BGF Euro Bond Class D4 Income,,https://www.direct.aviva.co.uk/wealth/FundChoice/SelfSelectFundsList/FundDetails/B8J3JZ3/SelfSelectFund
641,BlackRock (Lux) BGF Euro Short Duration Bond Class D3 Hedged Accumulation,,https://www.direct.aviva.co.uk/wealth/FundChoice/SelfSelectFundsList/FundDetails/B7W0QJ7/SelfSelectFund
642,BlackRock (Lux) BGF Euro-Markets Class D4 Income,,https://www.direct.aviva.co.uk/wealth/FundChoice/SelfSelectFundsList/FundDetails/B8209Y0/SelfSelectFund
643,BlackRock (Lux) BGF European Class D4 Income,,https://www.direct.aviva.co.uk/wealth/FundChoice/SelfSelectFundsList/FundDetails/B89V0M1/SelfSelectFund
644,BlackRock (Lux) BGF European Equity Income Class D5G Hedged Income,,https://www.direct.aviva.co.uk/wealth/FundChoice/SelfSelectFundsList/FundDetails/BBVHRJ4/SelfSelectFund
645,BlackRock (Lux) BGF European Value Class D4 Income,,https://www.direct.aviva.co.uk/wealth/FundChoice/SelfSelectFundsList/FundDetails/B7T4QJ2/SelfSelectFund
646,BlackRock (Lux) BGF Fixed Income Global Opportunities Class D2 Hedged Accumulation,,https://www.direct.aviva.co.uk/wealth/FundChoice/SelfSelectFundsList/FundDetails/B1PF5P6/SelfSelectFund
647,BlackRock (Lux) BGF Global Allocation Class D2 Hedged Accumulation,,https://www.direct.aviva.co.uk/wealth/FundChoice/SelfSelectFundsList/FundDetails/B8DRW63/SelfSelectFund
648,BlackRock (Lux) BGF Global Corporate Bond Class D2 Hedged Accumulation,,https://www.direct.aviva.co.uk/wealth/FundChoice/SelfSelectFundsList/FundDetails/BWXT999/SelfSelectFund
649,BlackRock (Lux) BGF Global Equity Income Class D5G Hedged Income,,https://www.direct.aviva.co.uk/wealth/FundChoice/SelfSelectFundsList/FundDetails/B8NXKM3/SelfSelectFund
650,BlackRock (Lux) BGF Global Equity Income Class D5G Income,,https://www.direct.aviva.co.uk/wealth/FundChoice/SelfSelectFundsList/FundDetails/B88HFG9/SelfSelectFund
651,BlackRock (Lux) BGF Global High Yield Bond Class D2 Hedged Accumulation,,https://www.direct.aviva.co.uk/wealth/FundChoice/SelfSelectFundsList/FundDetails/B3BDFC5/SelfSelectFund
652,BlackRock (Lux) BGF Global Long-Horizon Equity Class D4 Income,,https://www.direct.aviva.co.uk/wealth/FundChoice/SelfSelectFundsList/FundDetails/BTN1VQ5/SelfSelectFund
653,BlackRock (Lux) BGF India Class D4 Income,,https://www.direct.aviva.co.uk/wealth/FundChoice/SelfSelectFundsList/FundDetails/B8HK019/SelfSelectFund
654,BlackRock (Lux) BGF Japan Flexible Equity Class D4 Income,,https://www.direct.aviva.co.uk/wealth/FundChoice/SelfSelectFundsList/FundDetails/B89STB4/SelfSelectFund
655,BlackRock (Lux) BGF Japan Small & MidCap Opportunities Class D4 Income,,https://www.direct.aviva.co.uk/wealth/FundChoice/SelfSelectFundsList/FundDetails/B8KTH89/SelfSelectFund
656,BlackRock (Lux) BGF Latin American Class D2 Hedged Accumulation,,https://www.direct.aviva.co.uk/wealth/FundChoice/SelfSelectFundsList/FundDetails/B8MY997/SelfSelectFund
657,BlackRock (Lux) BGF Latin American Class D4 Income,,https://www.direct.aviva.co.uk/wealth/FundChoice/SelfSelectFundsList/FundDetails/B7L9RK3/SelfSelectFund
658,BlackRock (Lux) BGF Next Generation Technology Class D2 Hedged Accumulation,,https://www.direct.aviva.co.uk/wealth/FundChoice/SelfSelectFundsList/FundDetails/BG094W8/SelfSelectFund
659,BlackRock (Lux) BGF Sustainable Energy Class D4 Income,,https://www.direct.aviva.co.uk/wealth/FundChoice/SelfSelectFundsList/FundDetails/B62H2K4/SelfSelectFund
660,BlackRock (Lux) BGF US Basic Value Class D4 Income,,https://www.direct.aviva.co.uk/wealth/FundChoice/SelfSelectFundsList/FundDetails/B83Z8X6/SelfSelectFund
661,BlackRock (Lux) BGF US Dollar High Yield Bond Class D4 Hedged Income,,https://www.direct.aviva.co.uk/wealth/FundChoice/SelfSelectFundsList/FundDetails/B743CR4/SelfSelectFund
662,BlackRock (Lux) BGF US Dollar Reserve Class D2 Hedged Accumulation,,https://www.direct.aviva.co.uk/wealth/FundChoice/SelfSelectFundsList/FundDetails/B8362M6/SelfSelectFund
663,BlackRock (Lux) BGF US Flexible Equity Class D4 Income,,https://www.direct.aviva.co.uk/wealth/FundChoice/SelfSelectFundsList/FundDetails/B8HJC87/SelfSelectFund
664,BlackRock (Lux) BGF United Kingdom Class D2 Accumulation,,https://www.direct.aviva.co.uk/wealth/FundChoice/SelfSelectFundsList/FundDetails/B43C7C1/SelfSelectFund
665,BlackRock (Lux) BGF World Bond Class D2 Hedged Accumulation,,https://www.direct.aviva.co.uk/wealth/FundChoice/SelfSelectFundsList/FundDetails/B8FRCM7/SelfSelectFund
666,BlackRock (Lux) BGF World Energy Class D4 Income,,https://www.direct.aviva.co.uk/wealth/FundChoice/SelfSelectFundsList/FundDetails/B3Y9G49/SelfSelectFund
667,BlackRock (Lux) BGF World Gold Class D2 Hedged Accumulation,,https://www.direct.aviva.co.uk/wealth/FundChoice/SelfSelectFundsList/FundDetails/B83WK08/SelfSelectFund
668,BlackRock (Lux) BGF World Healthscience Class D5 Accumulation,,https://www.direct.aviva.co.uk/wealth/FundChoice/SelfSelectFundsList/FundDetails/BK6KTX9/SelfSelectFund
669,BlackRock (Lux) BGF World Mining Class D2 Hedged Accumulation,,https://www.direct.aviva.co.uk/wealth/FundChoice/SelfSelectFundsList/FundDetails/B82XP07/SelfSelectFund
670,BlackRock (Lux) BGF World Mining Class D4 Income,,https://www.direct.aviva.co.uk/wealth/FundChoice/SelfSelectFundsList/FundDetails/B8QWF11/SelfSelectFund
671,BlackRock (Lux) BGF World Technology Class D2 Accumulation,,https://www.direct.aviva.co.uk/wealth/FundChoice/SelfSelectFundsList/FundDetails/B8KMZ39/SelfSelectFund
672,BlackRock (Lux) BSF BlackRock Systematic Global Equity Absolute Return Class D2 Hedged Accumulation,,https://www.direct.aviva.co.uk/wealth/FundChoice/SelfSelectFundsList/FundDetails/BQ717R3/SelfSelectFund
673,BlackRock (Lux) BSF BlackRock Systematic US Equity Absolute Return Class D2 Hedged Accumulation,,https://www.direct.aviva.co.uk/wealth/FundChoice/SelfSelectFundsList/FundDetails/BZ0P8C7/SelfSelectFund
674,BlackRock (Lux) BSF Emerging Markets Equity Strategies Class D2 Accumulation,,https://www.direct.aviva.co.uk/wealth/FundChoice/SelfSelectFundsList/FundDetails/BGY7PK3/SelfSelectFund
675,BlackRock (Lux) BSF Emerging Markets Flexi Dynamic Bond Class D4 Hedged Income,,https://www.direct.aviva.co.uk/wealth/FundChoice/SelfSelectFundsList/FundDetails/BP84020/SelfSelectFund
676,BlackRock (Lux) BSF Emerging Markets Flexi Dynamic Bond Class D4 Income,,https://www.direct.aviva.co.uk/wealth/FundChoice/SelfSelectFundsList/FundDetails/BGQYPV3/SelfSelectFund
677,BlackRock (Lux) BSF Global Event Driven Class D2 Hedged Accumulation,,https://www.direct.aviva.co.uk/wealth/FundChoice/SelfSelectFundsList/FundDetails/BDCNS92/SelfSelectFund
678,BlackRock (Lux) BSF Global Event Driven Class D4 Hedged Income,,https://www.direct.aviva.co.uk/wealth/FundChoice/SelfSelectFundsList/FundDetails/BMBX8M9/SelfSelectFund
679,BlackRock (Lux) BSF Managed Index Portfolio Defensive Class D2 Hedged Accumulation,,https://www.direct.aviva.co.uk/wealth/FundChoice/SelfSelectFundsList/FundDetails/BWGC6H2/SelfSelectFund
680,BlackRock (Lux) BSF Managed Index Portfolio Defensive Class D5 Hedged Income,,https://www.direct.aviva.co.uk/wealth/FundChoice/SelfSelectFundsList/FundDetails/BWGC6G1/SelfSelectFund
681,BlackRock (Lux) BSF Managed Index Portfolio Growth Class D2 Hedged Accumulation,,https://www.direct.aviva.co.uk/wealth/FundChoice/SelfSelectFundsList/FundDetails/BWGC6T4/SelfSelectFund
682,BlackRock (Lux) BSF Managed Index Portfolio Growth Class D5 Hedged Income,,https://www.direct.aviva.co.uk/wealth/FundChoice/SelfSelectFundsList/FundDetails/BWGC6S3/SelfSelectFund
683,BlackRock (Lux) BSF Managed Index Portfolio Moderate Class D2 Hedged Accumulation,,https://www.direct.aviva.co.uk/wealth/FundChoice/SelfSelectFundsList/FundDetails/BWGC6N8/SelfSelectFund
684,BlackRock (Lux) BSF Managed Index Portfolio Moderate Class D5 Hedged Income,,https://www.direct.aviva.co.uk/wealth/FundChoice/SelfSelectFundsList/FundDetails/BWGC6M7/SelfSelectFund
685,BlackRock (Lux) BSF Sustainable Fixed Income Strategies Class D5 Hedged Accumulation,,https://www.direct.aviva.co.uk/wealth/FundChoice/SelfSelectFundsList/FundDetails/BRCJFC0/SelfSelectFund
686,BlackRock Absolute Return Bond Class D Accumulation,,https://www.direct.aviva.co.uk/wealth/FundChoice/SelfSelectFundsList/FundDetails/B618DS3/SelfSelectFund
687,BlackRock Asia Class D Accumulation,,https://www.direct.aviva.co.uk/wealth/FundChoice/SelfSelectFundsList/FundDetails/B7VS8S5/SelfSelectFund
688,BlackRock BackRock iShares Up to 10 Years Gilts Index D Acc Accumulation,,https://www.direct.aviva.co.uk/wealth/FundChoice/SelfSelectFundsList/FundDetails/BN091B5/SelfSelectFund
689,BlackRock Balanced Growth Portfolio Class D Accumulation,,https://www.direct.aviva.co.uk/wealth/FundChoice/SelfSelectFundsList/FundDetails/B7XQBS8/SelfSelectFund
690,BlackRock Balanced Growth Portfolio Class D Income,,https://www.direct.aviva.co.uk/wealth/FundChoice/SelfSelectFundsList/FundDetails/B7FKHX5/SelfSelectFund
691,BlackRock Balanced Managed Class A Accumulation,,https://www.direct.aviva.co.uk/wealth/FundChoice/SelfSelectFundsList/FundDetails/B08HD14/SelfSelectFund
692,BlackRock BlackRock Global Unconstrained Equity Fund (UK) Class D Income,,https://www.direct.aviva.co.uk/wealth/FundChoice/SelfSelectFundsList/FundDetails/BRTCQ63/SelfSelectFund
693,BlackRock BlackRock iShares Up to 10 Years Index Linked Gilt Index D Acc Income,,https://www.direct.aviva.co.uk/wealth/FundChoice/SelfSelectFundsList/FundDetails/BN091H1/SelfSelectFund
694,BlackRock Cash Class D Accumulation,,https://www.direct.aviva.co.uk/wealth/FundChoice/SelfSelectFundsList/FundDetails/B4V7NX1/SelfSelectFund
695,BlackRock Cash Class D Income,,https://www.direct.aviva.co.uk/wealth/FundChoice/SelfSelectFundsList/FundDetails/B42XLZ6/SelfSelectFund
696,BlackRock Consensus 100 Class D Acc Accumulation,,https://www.direct.aviva.co.uk/wealth/FundChoice/SelfSelectFundsList/FundDetails/B7KPX15/SelfSelectFund
697,BlackRock Consensus 35 Class D Acc Accumulation,,https://www.direct.aviva.co.uk/wealth/FundChoice/SelfSelectFundsList/FundDetails/B7W6H25/SelfSelectFund
698,BlackRock Consensus 60 Class D Acc Accumulation,,https://www.direct.aviva.co.uk/wealth/FundChoice/SelfSelectFundsList/FundDetails/B86VJL6/SelfSelectFund
699,BlackRock Consensus 70 Class D Acc Accumulation,,https://www.direct.aviva.co.uk/wealth/FundChoice/SelfSelectFundsList/FundDetails/B86MM21/SelfSelectFund
700,BlackRock Consensus 85 Class D Acc Accumulation,,https://www.direct.aviva.co.uk/wealth/FundChoice/SelfSelectFundsList/FundDetails/B8D0SR5/SelfSelectFund
701,BlackRock Continental European Class D Accumulation,,https://www.direct.aviva.co.uk/wealth/FundChoice/SelfSelectFundsList/FundDetails/B4VY989/SelfSelectFund
702,BlackRock Continental European Class D Income,,https://www.direct.aviva.co.uk/wealth/FundChoice/SelfSelectFundsList/FundDetails/B6YTYJ1/SelfSelectFund
703,BlackRock Continental European Income Class D Accumulation,,https://www.direct.aviva.co.uk/wealth/FundChoice/SelfSelectFundsList/FundDetails/B3S9LG2/SelfSelectFund
704,BlackRock Continental European Income Class D Hedged Accumulation,,https://www.direct.aviva.co.uk/wealth/FundChoice/SelfSelectFundsList/FundDetails/BWG0717/SelfSelectFund
705,BlackRock Continental European Income Class D Hedged Income,,https://www.direct.aviva.co.uk/wealth/FundChoice/SelfSelectFundsList/FundDetails/BWG07G2/SelfSelectFund
706,BlackRock Continental European Income Class D Income,,https://www.direct.aviva.co.uk/wealth/FundChoice/SelfSelectFundsList/FundDetails/B3Y7MQ7/SelfSelectFund
707,BlackRock Corporate Bond 1 - 10 Year Class D Accumulation,,https://www.direct.aviva.co.uk/wealth/FundChoice/SelfSelectFundsList/FundDetails/B84DT14/SelfSelectFund
708,BlackRock Corporate Bond Class D Accumulation,,https://www.direct.aviva.co.uk/wealth/FundChoice/SelfSelectFundsList/FundDetails/B4QC331/SelfSelectFund
709,BlackRock Corporate Bond Class D Income,,https://www.direct.aviva.co.uk/wealth/FundChoice/SelfSelectFundsList/FundDetails/B4T5JV7/SelfSelectFund
710,BlackRock Developed Markets Sustainable Equity Class D Accumulation,,https://www.direct.aviva.co.uk/wealth/FundChoice/SelfSelectFundsList/FundDetails/B4XLYS3/SelfSelectFund
711,BlackRock Developed Markets Sustainable Equity Class D Income,,https://www.direct.aviva.co.uk/wealth/FundChoice/SelfSelectFundsList/FundDetails/B8DDP95/SelfSelectFund
712,BlackRock Dynamic Allocation Class D Accumulation,,https://www.direct.aviva.co.uk/wealth/FundChoice/SelfSelectFundsList/FundDetails/BVYJ3Y4/SelfSelectFund
713,BlackRock Dynamic Diversified Growth Class D Accumulation,,https://www.direct.aviva.co.uk/wealth/FundChoice/SelfSelectFundsList/FundDetails/B823TT4/SelfSelectFund
714,BlackRock Dynamic Diversified Growth Class D Income,,https://www.direct.aviva.co.uk/wealth/FundChoice/SelfSelectFundsList/FundDetails/B883P12/SelfSelectFund
715,BlackRock ESG Strategic Growth Class D Accumulation,,https://www.direct.aviva.co.uk/wealth/FundChoice/SelfSelectFundsList/FundDetails/BFBFWY6/SelfSelectFund
716,BlackRock Emerging Markets Class D Accumulation,,https://www.direct.aviva.co.uk/wealth/FundChoice/SelfSelectFundsList/FundDetails/B4R9F68/SelfSelectFund
717,BlackRock Emerging Markets Class D Income,,https://www.direct.aviva.co.uk/wealth/FundChoice/SelfSelectFundsList/FundDetails/B88T662/SelfSelectFund
718,BlackRock European Absolute Alpha Class D Accumulation,,https://www.direct.aviva.co.uk/wealth/FundChoice/SelfSelectFundsList/FundDetails/B4Y62W7/SelfSelectFund
719,BlackRock European Dynamic Class FD Accumulation,,https://www.direct.aviva.co.uk/wealth/FundChoice/SelfSelectFundsList/FundDetails/BCZRNN3/SelfSelectFund
720,BlackRock European Dynamic Class FD Hedged Accumulation,,https://www.direct.aviva.co.uk/wealth/FundChoice/SelfSelectFundsList/FundDetails/BWG05X5/SelfSelectFund
721,BlackRock European Dynamic Class FD Hedged Income,,https://www.direct.aviva.co.uk/wealth/FundChoice/SelfSelectFundsList/FundDetails/BWG05Z7/SelfSelectFund
722,BlackRock European Dynamic Class FD Income,,https://www.direct.aviva.co.uk/wealth/FundChoice/SelfSelectFundsList/FundDetails/BCZRNM2/SelfSelectFund
723,BlackRock Global Equity NURS II Class D Accumulation,,https://www.direct.aviva.co.uk/wealth/FundChoice/SelfSelectFundsList/FundDetails/B8BTNJ1/SelfSelectFund
724,BlackRock Global Income Class D Accumulation,,https://www.direct.aviva.co.uk/wealth/FundChoice/SelfSelectFundsList/FundDetails/B3L7Q24/SelfSelectFund
725,BlackRock Global Income Class D Income,,https://www.direct.aviva.co.uk/wealth/FundChoice/SelfSelectFundsList/FundDetails/B3VXK75/SelfSelectFund
726,BlackRock Global Unconstrained Equity Class D Accumulation,,https://www.direct.aviva.co.uk/wealth/FundChoice/SelfSelectFundsList/FundDetails/BFK3ML8/SelfSelectFund
727,BlackRock Gold and General Class D Accumulation,,https://www.direct.aviva.co.uk/wealth/FundChoice/SelfSelectFundsList/FundDetails/B5ZNJ89/SelfSelectFund
728,BlackRock Gold and General Class D Income,,https://www.direct.aviva.co.uk/wealth/FundChoice/SelfSelectFundsList/FundDetails/B5ZNJ90/SelfSelectFund
729,BlackRock Institutional Cash Series ICS Sterling Government Liquidity Premier Accumulation,,https://www.direct.aviva.co.uk/wealth/FundChoice/SelfSelectFundsList/FundDetails/B43PVC8/SelfSelectFund
730,BlackRock Institutional Cash Series ICS Sterling Liquid Environmentally Aware Premier Accumulation,,https://www.direct.aviva.co.uk/wealth/FundChoice/SelfSelectFundsList/FundDetails/BKC9GJ5/SelfSelectFund
731,BlackRock Institutional Cash Series ICS Sterling Liquidity Premier Accumulation,,https://www.direct.aviva.co.uk/wealth/FundChoice/SelfSelectFundsList/FundDetails/B43FT80/SelfSelectFund
732,BlackRock Institutional Cash Series ICS Sterling Liquidity Premier T1 Inc Income,,https://www.direct.aviva.co.uk/wealth/FundChoice/SelfSelectFundsList/FundDetails/BRJSTS4/SelfSelectFund
733,BlackRock Institutional Cash Series ICS Sterling Ultra Short Bond Premier GBP Income,,https://www.direct.aviva.co.uk/wealth/FundChoice/SelfSelectFundsList/FundDetails/BFZD235/SelfSelectFund
734,BlackRock Market Advantage Class D Accumulation,,https://www.direct.aviva.co.uk/wealth/FundChoice/SelfSelectFundsList/FundDetails/BS7K666/SelfSelectFund
735,BlackRock MyMap 3 Class D Accumulation,,https://www.direct.aviva.co.uk/wealth/FundChoice/SelfSelectFundsList/FundDetails/BFBFYB7/SelfSelectFund
736,BlackRock MyMap 3 Class D Income,,https://www.direct.aviva.co.uk/wealth/FundChoice/SelfSelectFundsList/FundDetails/BFBFYC8/SelfSelectFund
737,BlackRock MyMap 3 Select ESG Class D Accumulation,,https://www.direct.aviva.co.uk/wealth/FundChoice/SelfSelectFundsList/FundDetails/BN090Q3/SelfSelectFund
738,BlackRock MyMap 4 Class D Accumulation,,https://www.direct.aviva.co.uk/wealth/FundChoice/SelfSelectFundsList/FundDetails/BFBFYJ5/SelfSelectFund
739,BlackRock MyMap 4 Class D Income,,https://www.direct.aviva.co.uk/wealth/FundChoice/SelfSelectFundsList/FundDetails/BFBFYK6/SelfSelectFund
740,BlackRock MyMap 5 Class D Accumulation,,https://www.direct.aviva.co.uk/wealth/FundChoice/SelfSelectFundsList/FundDetails/BFBFYQ2/SelfSelectFund
741,BlackRock MyMap 5 Class D Income,,https://www.direct.aviva.co.uk/wealth/FundChoice/SelfSelectFundsList/FundDetails/BFBFYR3/SelfSelectFund
742,BlackRock MyMap 5 Select ESG Class D Accumulation,,https://www.direct.aviva.co.uk/wealth/FundChoice/SelfSelectFundsList/FundDetails/BFBFYX9/SelfSelectFund
743,BlackRock MyMap 6 Class D Accumulation,,https://www.direct.aviva.co.uk/wealth/FundChoice/SelfSelectFundsList/FundDetails/BFBFZ14/SelfSelectFund
744,BlackRock MyMap 6 Class D Income,,https://www.direct.aviva.co.uk/wealth/FundChoice/SelfSelectFundsList/FundDetails/BFBFZ25/SelfSelectFund
745,BlackRock MyMap 7 Class D Accumulation,,https://www.direct.aviva.co.uk/wealth/FundChoice/SelfSelectFundsList/FundDetails/BV49YS5/SelfSelectFund
746,BlackRock MyMap 8 Select ESG Class D Accumulation,,https://www.direct.aviva.co.uk/wealth/FundChoice/SelfSelectFundsList/FundDetails/BN090M9/SelfSelectFund
747,BlackRock Natural Resources Class D Accumulation,,https://www.direct.aviva.co.uk/wealth/FundChoice/SelfSelectFundsList/FundDetails/B6865B7/SelfSelectFund
748,BlackRock Natural Resources Class D Income,,https://www.direct.aviva.co.uk/wealth/FundChoice/SelfSelectFundsList/FundDetails/B46KYQ5/SelfSelectFund
749,BlackRock Sustainable Sterling Strategic Bond Class D Accumulation,,https://www.direct.aviva.co.uk/wealth/FundChoice/SelfSelectFundsList/FundDetails/BZ6DDJ7/SelfSelectFund
750,BlackRock Sustainable Sterling Strategic Bond Class D Income,,https://www.direct.aviva.co.uk/wealth/FundChoice/SelfSelectFundsList/FundDetails/BZ6DDM0/SelfSelectFund
751,BlackRock UK Absolute Alpha Class D Accumulation,,https://www.direct.aviva.co.uk/wealth/FundChoice/SelfSelectFundsList/FundDetails/B5ZNQ99/SelfSelectFund
752,BlackRock UK Class D Accumulation,,https://www.direct.aviva.co.uk/wealth/FundChoice/SelfSelectFundsList/FundDetails/B5YKQK2/SelfSelectFund
753,BlackRock UK Class D Income,,https://www.direct.aviva.co.uk/wealth/FundChoice/SelfSelectFundsList/FundDetails/B586CB9/SelfSelectFund
754,BlackRock UK Equity Class D Accumulation,,https://www.direct.aviva.co.uk/wealth/FundChoice/SelfSelectFundsList/FundDetails/B410CR7/SelfSelectFund
755,BlackRock UK Equity Class D Income,,https://www.direct.aviva.co.uk/wealth/FundChoice/SelfSelectFundsList/FundDetails/B669PN0/SelfSelectFund
756,BlackRock UK Income Class D Accumulation,,https://www.direct.aviva.co.uk/wealth/FundChoice/SelfSelectFundsList/FundDetails/B67DWT6/SelfSelectFund
757,BlackRock UK Income Class D Income,,https://www.direct.aviva.co.uk/wealth/FundChoice/SelfSelectFundsList/FundDetails/B67DWR4/SelfSelectFund
758,BlackRock UK Smaller Companies Class D Accumulation,,https://www.direct.aviva.co.uk/wealth/FundChoice/SelfSelectFundsList/FundDetails/B4LHDZ3/SelfSelectFund
759,BlackRock UK Smaller Companies Class D Income,,https://www.direct.aviva.co.uk/wealth/FundChoice/SelfSelectFundsList/FundDetails/B8BS332/SelfSelectFund
760,BlackRock UK Special Situations Class D Accumulation,,https://www.direct.aviva.co.uk/wealth/FundChoice/SelfSelectFundsList/FundDetails/B3V1C06/SelfSelectFund
761,BlackRock UK Special Situations Class D Income,,https://www.direct.aviva.co.uk/wealth/FundChoice/SelfSelectFundsList/FundDetails/B3R25W6/SelfSelectFund
762,BlackRock US Dynamic Class D Accumulation,,https://www.direct.aviva.co.uk/wealth/FundChoice/SelfSelectFundsList/FundDetails/B87XJQ6/SelfSelectFund
763,BlackRock US Dynamic Class D Income,,https://www.direct.aviva.co.uk/wealth/FundChoice/SelfSelectFundsList/FundDetails/B8GKJQ8/SelfSelectFund
764,BlackRock US Mid-Cap Value Class D Accumulation,,https://www.direct.aviva.co.uk/wealth/FundChoice/SelfSelectFundsList/FundDetails/B8GMZS8/SelfSelectFund
765,BlackRock US Mid-Cap Value Class D Income,,https://www.direct.aviva.co.uk/wealth/FundChoice/SelfSelectFundsList/FundDetails/B80S7M0/SelfSelectFund
766,BlackRock iShares 100 UK Equity Index Class D Accumulation,,https://www.direct.aviva.co.uk/wealth/FundChoice/SelfSelectFundsList/FundDetails/B7W4GQ6/SelfSelectFund
767,BlackRock iShares 100 UK Equity Index iShares Up to 10 Years Index Linked Gilt Index Income,,https://www.direct.aviva.co.uk/wealth/FundChoice/SelfSelectFundsList/FundDetails/BN091J3/SelfSelectFund
768,BlackRock iShares 350 UK Equity Index Class D Accumulation,,https://www.direct.aviva.co.uk/wealth/FundChoice/SelfSelectFundsList/FundDetails/BCDPB35/SelfSelectFund
769,BlackRock iShares Continental European Equity ESG Screened and Optimised Index Class D Accumulation,,https://www.direct.aviva.co.uk/wealth/FundChoice/SelfSelectFundsList/FundDetails/BN08ZZ4/SelfSelectFund
770,BlackRock iShares Continental European Equity ESG Screened and Optimised Index Class D Income,,https://www.direct.aviva.co.uk/wealth/FundChoice/SelfSelectFundsList/FundDetails/BN09007/SelfSelectFund
771,BlackRock iShares Continental European Equity Index Class D Accumulation,,https://www.direct.aviva.co.uk/wealth/FundChoice/SelfSelectFundsList/FundDetails/B83MH18/SelfSelectFund
772,BlackRock iShares Continental European Equity Index Class D Income,,https://www.direct.aviva.co.uk/wealth/FundChoice/SelfSelectFundsList/FundDetails/BV49ZM6/SelfSelectFund
773,BlackRock iShares Continental European Equity Index Class H Accumulation,,https://www.direct.aviva.co.uk/wealth/FundChoice/SelfSelectFundsList/FundDetails/BJL5BS1/SelfSelectFund
774,BlackRock iShares Continental European Equity Index Class H Income,,https://www.direct.aviva.co.uk/wealth/FundChoice/SelfSelectFundsList/FundDetails/BYTHMZ8/SelfSelectFund
775,BlackRock iShares Corporate Bond Index Class D Accumulation,,https://www.direct.aviva.co.uk/wealth/FundChoice/SelfSelectFundsList/FundDetails/B84DSW8/SelfSelectFund
776,BlackRock iShares Corporate Bond Index Class D Income,,https://www.direct.aviva.co.uk/wealth/FundChoice/SelfSelectFundsList/FundDetails/B7J60R4/SelfSelectFund
777,BlackRock iShares Corporate Bond Index Class H Accumulation,,https://www.direct.aviva.co.uk/wealth/FundChoice/SelfSelectFundsList/FundDetails/BJL5BV4/SelfSelectFund
778,BlackRock iShares Corporate Bond Index Class H Income,,https://www.direct.aviva.co.uk/wealth/FundChoice/SelfSelectFundsList/FundDetails/BKF2KH7/SelfSelectFund
779,BlackRock iShares Developed World Fossil Fuel Screened Equity Index Class D Accumulation,,https://www.direct.aviva.co.uk/wealth/FundChoice/SelfSelectFundsList/FundDetails/BFK3MT6/SelfSelectFund
780,BlackRock iShares Developed World Fossil Fuel Screened Equity Index Class D Income,,https://www.direct.aviva.co.uk/wealth/FundChoice/SelfSelectFundsList/FundDetails/BFK3MV8/SelfSelectFund
781,BlackRock iShares ESG Overseas Corporate Bond Index Class D Accumulation,,https://www.direct.aviva.co.uk/wealth/FundChoice/SelfSelectFundsList/FundDetails/BN08YZ7/SelfSelectFund
782,BlackRock iShares ESG Overseas Corporate Bond Index Class D Accumulation,,https://www.direct.aviva.co.uk/wealth/FundChoice/SelfSelectFundsList/FundDetails/B58YKH5/SelfSelectFund
783,BlackRock iShares ESG Overseas Corporate Bond Index Class D Hedged Accumulation,,https://www.direct.aviva.co.uk/wealth/FundChoice/SelfSelectFundsList/FundDetails/BN091N7/SelfSelectFund
784,BlackRock iShares ESG Overseas Corporate Bond Index Class D Income,,https://www.direct.aviva.co.uk/wealth/FundChoice/SelfSelectFundsList/FundDetails/BN08Z09/SelfSelectFund
785,BlackRock iShares ESG Overseas Corporate Bond Index Class D Income,,https://www.direct.aviva.co.uk/wealth/FundChoice/SelfSelectFundsList/FundDetails/BNB74B9/SelfSelectFund
786,BlackRock iShares ESG Overseas Corporate Bond Index Class H Accumulation,,https://www.direct.aviva.co.uk/wealth/FundChoice/SelfSelectFundsList/FundDetails/BPFJD52/SelfSelectFund
787,BlackRock iShares ESG Overseas Corporate Bond Index Class H Income,,https://www.direct.aviva.co.uk/wealth/FundChoice/SelfSelectFundsList/FundDetails/BPFJD74/SelfSelectFund
788,BlackRock iShares Emerging Markets Equity ESG Screened and Optimised Index Class D Accumulation,,https://www.direct.aviva.co.uk/wealth/FundChoice/SelfSelectFundsList/FundDetails/BN09030/SelfSelectFund
789,BlackRock iShares Emerging Markets Equity ESG Screened and Optimised Index Class D Income,,https://www.direct.aviva.co.uk/wealth/FundChoice/SelfSelectFundsList/FundDetails/BN09041/SelfSelectFund
790,BlackRock iShares Emerging Markets Equity Index Class D Accumulation,,https://www.direct.aviva.co.uk/wealth/FundChoice/SelfSelectFundsList/FundDetails/B84DY64/SelfSelectFund
791,BlackRock iShares Emerging Markets Equity Index Class D Income,,https://www.direct.aviva.co.uk/wealth/FundChoice/SelfSelectFundsList/FundDetails/BFK3MD0/SelfSelectFund
792,BlackRock iShares Emerging Markets Equity Index Class H Accumulation,,https://www.direct.aviva.co.uk/wealth/FundChoice/SelfSelectFundsList/FundDetails/BJL5BW5/SelfSelectFund
793,BlackRock iShares Emerging Markets Equity Index Class H Income,,https://www.direct.aviva.co.uk/wealth/FundChoice/SelfSelectFundsList/FundDetails/BYTHMT2/SelfSelectFund
794,BlackRock iShares Environment and Low Carbon Tilt Real Estate Index Fund (UK) Class D Accumulation,,https://www.direct.aviva.co.uk/wealth/FundChoice/SelfSelectFundsList/FundDetails/B5BFJG7/SelfSelectFund
795,BlackRock iShares Environment and Low Carbon Tilt Real Estate Index Fund (UK) Class D Income,,https://www.direct.aviva.co.uk/wealth/FundChoice/SelfSelectFundsList/FundDetails/B848DD9/SelfSelectFund
796,BlackRock iShares Environment and Low Carbon Tilt Real Estate Index Fund (UK) Class H Accumulation,,https://www.direct.aviva.co.uk/wealth/FundChoice/SelfSelectFundsList/FundDetails/BPFJCF5/SelfSelectFund
797,BlackRock iShares Environment and Low Carbon Tilt Real Estate Index Fund (UK) Class H Income,,https://www.direct.aviva.co.uk/wealth/FundChoice/SelfSelectFundsList/FundDetails/BPFJCN3/SelfSelectFund
798,BlackRock iShares Index Linked Gilt Index Class D Accumulation,,https://www.direct.aviva.co.uk/wealth/FundChoice/SelfSelectFundsList/FundDetails/B83RVT9/SelfSelectFund
799,BlackRock iShares Index Linked Gilt Index Class H Accumulation,,https://www.direct.aviva.co.uk/wealth/FundChoice/SelfSelectFundsList/FundDetails/BPFJDG3/SelfSelectFund
800,BlackRock iShares Japan Equity ESG Screened and Optimised Index Class D Accumulation,,https://www.direct.aviva.co.uk/wealth/FundChoice/SelfSelectFundsList/FundDetails/BN09074/SelfSelectFund
801,BlackRock iShares Japan Equity ESG Screened and Optimised Index Class D Income,,https://www.direct.aviva.co.uk/wealth/FundChoice/SelfSelectFundsList/FundDetails/BN09085/SelfSelectFund
802,BlackRock iShares Japan Equity Index Class D Accumulation,,https://www.direct.aviva.co.uk/wealth/FundChoice/SelfSelectFundsList/FundDetails/B6QQ9X9/SelfSelectFund
803,BlackRock iShares Japan Equity Index Class D Income,,https://www.direct.aviva.co.uk/wealth/FundChoice/SelfSelectFundsList/FundDetails/BN08Z76/SelfSelectFund
804,BlackRock iShares Japan Equity Index Class H Accumulation,,https://www.direct.aviva.co.uk/wealth/FundChoice/SelfSelectFundsList/FundDetails/BJL5BZ8/SelfSelectFund
805,BlackRock iShares Mid Cap UK Equity Index Class D Accumulation,,https://www.direct.aviva.co.uk/wealth/FundChoice/SelfSelectFundsList/FundDetails/B7VT093/SelfSelectFund
806,BlackRock iShares Mid Cap UK Equity Index Class D Income,,https://www.direct.aviva.co.uk/wealth/FundChoice/SelfSelectFundsList/FundDetails/BNB74C0/SelfSelectFund
807,BlackRock iShares North American Equity Index Class D Accumulation,,https://www.direct.aviva.co.uk/wealth/FundChoice/SelfSelectFundsList/FundDetails/B7QK1Y3/SelfSelectFund
808,BlackRock iShares North American Equity Index Class D Income,,https://www.direct.aviva.co.uk/wealth/FundChoice/SelfSelectFundsList/FundDetails/BN08ZT8/SelfSelectFund
809,BlackRock iShares North American Equity Index Class H Accumulation,,https://www.direct.aviva.co.uk/wealth/FundChoice/SelfSelectFundsList/FundDetails/BPFJD41/SelfSelectFund
810,BlackRock iShares Over 15 Years Corporate Index Class D Accumulation,,https://www.direct.aviva.co.uk/wealth/FundChoice/SelfSelectFundsList/FundDetails/BFBFX32/SelfSelectFund
811,BlackRock iShares Over 15 Years Gilts Index Class D Accumulation,,https://www.direct.aviva.co.uk/wealth/FundChoice/SelfSelectFundsList/FundDetails/BF338G2/SelfSelectFund
812,BlackRock iShares Overseas Government Bond Index Class D Accumulation,,https://www.direct.aviva.co.uk/wealth/FundChoice/SelfSelectFundsList/FundDetails/B849C80/SelfSelectFund
813,BlackRock iShares Overseas Government Bond Index Class D Accumulation,,https://www.direct.aviva.co.uk/wealth/FundChoice/SelfSelectFundsList/FundDetails/BN091P9/SelfSelectFund
814,BlackRock iShares Overseas Government Bond Index Class D Income,,https://www.direct.aviva.co.uk/wealth/FundChoice/SelfSelectFundsList/FundDetails/BN091Q0/SelfSelectFund
815,BlackRock iShares Overseas Government Bond Index Class H Accumulation,,https://www.direct.aviva.co.uk/wealth/FundChoice/SelfSelectFundsList/FundDetails/BPFJD85/SelfSelectFund
816,BlackRock iShares Pacific Ex Japan Equity ESG Index Class D Accumulation,,https://www.direct.aviva.co.uk/wealth/FundChoice/SelfSelectFundsList/FundDetails/BN090H4/SelfSelectFund
817,BlackRock iShares Pacific Ex Japan Equity ESG Index Class D Income,,https://www.direct.aviva.co.uk/wealth/FundChoice/SelfSelectFundsList/FundDetails/BN090J6/SelfSelectFund
818,BlackRock iShares Pacific ex Japan Equity Index Class D Accumulation,,https://www.direct.aviva.co.uk/wealth/FundChoice/SelfSelectFundsList/FundDetails/B849FB4/SelfSelectFund
819,BlackRock iShares Pacific ex Japan Equity Index Class D Income,,https://www.direct.aviva.co.uk/wealth/FundChoice/SelfSelectFundsList/FundDetails/BV49YW9/SelfSelectFund
820,BlackRock iShares Pacific ex Japan Equity Index Class H Accumulation,,https://www.direct.aviva.co.uk/wealth/FundChoice/SelfSelectFundsList/FundDetails/BJL5C00/SelfSelectFund
821,BlackRock iShares S&P 500 Equal Weight Index Class D Accumulation,,https://www.direct.aviva.co.uk/wealth/FundChoice/SelfSelectFundsList/FundDetails/BRTCS34/SelfSelectFund
822,BlackRock iShares UK Equity ESG Screened and Optimised Index Class D Accumulation,,https://www.direct.aviva.co.uk/wealth/FundChoice/SelfSelectFundsList/FundDetails/BN08ZV0/SelfSelectFund
823,BlackRock iShares UK Equity ESG Screened and Optimised Index Class D Income,,https://www.direct.aviva.co.uk/wealth/FundChoice/SelfSelectFundsList/FundDetails/BN08ZW1/SelfSelectFund
824,BlackRock iShares UK Equity Index Class D Accumulation,,https://www.direct.aviva.co.uk/wealth/FundChoice/SelfSelectFundsList/FundDetails/B7C44X9/SelfSelectFund
825,BlackRock iShares UK Equity Index Class D Income,,https://www.direct.aviva.co.uk/wealth/FundChoice/SelfSelectFundsList/FundDetails/BFBFVX8/SelfSelectFund
826,BlackRock iShares UK Equity Index Class H Accumulation,,https://www.direct.aviva.co.uk/wealth/FundChoice/SelfSelectFundsList/FundDetails/BPFJDB8/SelfSelectFund
827,BlackRock iShares UK Gilts All Stocks Index Class D Accumulation,,https://www.direct.aviva.co.uk/wealth/FundChoice/SelfSelectFundsList/FundDetails/B83HGR2/SelfSelectFund
828,BlackRock iShares UK Gilts All Stocks Index Class D Income,,https://www.direct.aviva.co.uk/wealth/FundChoice/SelfSelectFundsList/FundDetails/B89VCR0/SelfSelectFund
829,BlackRock iShares UK Gilts All Stocks Index Class H Accumulation,,https://www.direct.aviva.co.uk/wealth/FundChoice/SelfSelectFundsList/FundDetails/BPFJDD0/SelfSelectFund
830,BlackRock iShares UK Gilts All Stocks Index Class H Income,,https://www.direct.aviva.co.uk/wealth/FundChoice/SelfSelectFundsList/FundDetails/BPFJDF2/SelfSelectFund
831,BlackRock iShares US Equity ESG Screened and Optimised Index Class D Accumulation,,https://www.direct.aviva.co.uk/wealth/FundChoice/SelfSelectFundsList/FundDetails/BN090C9/SelfSelectFund
832,BlackRock iShares US Equity ESG Screened and Optimised Index Class D Income,,https://www.direct.aviva.co.uk/wealth/FundChoice/SelfSelectFundsList/FundDetails/BN090D0/SelfSelectFund
833,BlackRock iShares US Equity Index Class D Accumulation,,https://www.direct.aviva.co.uk/wealth/FundChoice/SelfSelectFundsList/FundDetails/B5VRGY0/SelfSelectFund
834,BlackRock iShares US Equity Index Class H Income,,https://www.direct.aviva.co.uk/wealth/FundChoice/SelfSelectFundsList/FundDetails/BYTHN33/SelfSelectFund
835,BlackRock iShares Up to 10 Years Gilts Index Fund Class D Income,,https://www.direct.aviva.co.uk/wealth/FundChoice/SelfSelectFundsList/FundDetails/BN091C6/SelfSelectFund
836,Blue Whale WS Blue Whale Growth Class R Accumulation,,https://www.direct.aviva.co.uk/wealth/FundChoice/SelfSelectFundsList/FundDetails/BD6PG78/SelfSelectFund
837,Blue Whale WS Blue Whale Growth Class R Income,,https://www.direct.aviva.co.uk/wealth/FundChoice/SelfSelectFundsList/FundDetails/BD6PG89/SelfSelectFund
838,BlueBay Global High Yield ESG Bond Class C Accumulation,,https://www.direct.aviva.co.uk/wealth/FundChoice/SelfSelectFundsList/FundDetails/BP6HHF3/SelfSelectFund
839,BlueBay Global High Yield ESG Bond Class C Income,,https://www.direct.aviva.co.uk/wealth/FundChoice/SelfSelectFundsList/FundDetails/BP2C280/SelfSelectFund
840,BlueBay Impact Aligned Bond Class C Accumulation,,https://www.direct.aviva.co.uk/wealth/FundChoice/SelfSelectFundsList/FundDetails/BMB54V6/SelfSelectFund
841,BlueBay Impact Aligned Bond Class G Accumulation,,https://www.direct.aviva.co.uk/wealth/FundChoice/SelfSelectFundsList/FundDetails/BNG2HY3/SelfSelectFund
842,BlueBay Impact Aligned Bond Class G Q Income,,https://www.direct.aviva.co.uk/wealth/FundChoice/SelfSelectFundsList/FundDetails/BNG2LG3/SelfSelectFund
843,Brandes Brandes European Value Fund Class I Accumulation,,https://www.direct.aviva.co.uk/wealth/FundChoice/SelfSelectFundsList/FundDetails/3157505/SelfSelectFund
844,Brandes Brandes European Value Fund Class I1 Income,,https://www.direct.aviva.co.uk/wealth/FundChoice/SelfSelectFundsList/FundDetails/BYXWTN6/SelfSelectFund
845,Brandes Brandes Global Value Fund Class I Accumulation,,https://www.direct.aviva.co.uk/wealth/FundChoice/SelfSelectFundsList/FundDetails/3237827/SelfSelectFund
846,Brandes Brandes Global Value Fund Class I1 Income,,https://www.direct.aviva.co.uk/wealth/FundChoice/SelfSelectFundsList/FundDetails/B1SHJJ1/SelfSelectFund
847,Brandes Brandes U.S. Value Fund Class I Accumulation,,https://www.direct.aviva.co.uk/wealth/FundChoice/SelfSelectFundsList/FundDetails/3157561/SelfSelectFund
848,Brickwood TM Brickwood Global Value Class R Accumulation,,https://www.direct.aviva.co.uk/wealth/FundChoice/SelfSelectFundsList/FundDetails/BTKVZL1/SelfSelectFund
849,Brickwood TM Brickwood Global Value Class R Income,,https://www.direct.aviva.co.uk/wealth/FundChoice/SelfSelectFundsList/FundDetails/BTKVYW5/SelfSelectFund
850,Brickwood TM Brickwood UK Value Class R Accumulation,,https://www.direct.aviva.co.uk/wealth/FundChoice/SelfSelectFundsList/FundDetails/BRCCMP1/SelfSelectFund
851,Brickwood TM Brickwood UK Value Class R Income,,https://www.direct.aviva.co.uk/wealth/FundChoice/SelfSelectFundsList/FundDetails/BRCCML7/SelfSelectFund
852,Brookfield Public Securities Group LLC Global Listed Core Infrastructure Class O Accumulation,,https://www.direct.aviva.co.uk/wealth/FundChoice/SelfSelectFundsList/FundDetails/BNM8ZR4/SelfSelectFund
853,Brookfield Public Securities Group LLC Next Generation Infrastructure Class O Accumulation,,https://www.direct.aviva.co.uk/wealth/FundChoice/SelfSelectFundsList/FundDetails/BNM9DZ1/SelfSelectFund
854,Brown Advisory BA Beutel Goodman US Value Fund Sterling Class SI Accumulation,,https://www.direct.aviva.co.uk/wealth/FundChoice/SelfSelectFundsList/FundDetails/BN940L4/SelfSelectFund
855,Brown Advisory BA Beutel Goodman US Value Fund Sterling Class SI Income,,https://www.direct.aviva.co.uk/wealth/FundChoice/SelfSelectFundsList/FundDetails/BN940M5/SelfSelectFund
856,Brown Advisory Global Leaders Fund Sterling Class B Accumulation,,https://www.direct.aviva.co.uk/wealth/FundChoice/SelfSelectFundsList/FundDetails/BD9MKL8/SelfSelectFund
857,Brown Advisory Global Leaders Fund Sterling Class B H Accumulation,,https://www.direct.aviva.co.uk/wealth/FundChoice/SelfSelectFundsList/FundDetails/BVVHP90/SelfSelectFund
858,Brown Advisory Global Leaders Fund Sterling Class B Income,,https://www.direct.aviva.co.uk/wealth/FundChoice/SelfSelectFundsList/FundDetails/BYPJ0V0/SelfSelectFund
859,Brown Advisory Global Leaders Sustainable Fund Euro Class B Accumulation,,https://www.direct.aviva.co.uk/wealth/FundChoice/SelfSelectFundsList/FundDetails/BJXBP85/SelfSelectFund
860,Brown Advisory Global Sustainable Total Return Bond Fund (GBP) Sterling Class B Accumulation,,https://www.direct.aviva.co.uk/wealth/FundChoice/SelfSelectFundsList/FundDetails/BNR5DD2/SelfSelectFund
861,Brown Advisory Global Sustainable Total Return Bond Fund (GBP) Sterling Class B Income,,https://www.direct.aviva.co.uk/wealth/FundChoice/SelfSelectFundsList/FundDetails/BNR5DF4/SelfSelectFund
862,Brown Advisory US Equity Growth Fund Sterling Class B H Income,,https://www.direct.aviva.co.uk/wealth/FundChoice/SelfSelectFundsList/FundDetails/B4MHR72/SelfSelectFund
863,Brown Advisory US Flexible Equity Fund Sterling Class B Accumulation,,https://www.direct.aviva.co.uk/wealth/FundChoice/SelfSelectFundsList/FundDetails/BQPFBQ4/SelfSelectFund
864,Brown Advisory US Flexible Equity Fund Sterling Class B H Accumulation,,https://www.direct.aviva.co.uk/wealth/FundChoice/SelfSelectFundsList/FundDetails/BJ357W5/SelfSelectFund
865,Brown Advisory US Flexible Equity Fund Sterling Class B H Income,,https://www.direct.aviva.co.uk/wealth/FundChoice/SelfSelectFundsList/FundDetails/BYPJ0M1/SelfSelectFund
866,Brown Advisory US Flexible Equity Fund Sterling Class B Income,,https://www.direct.aviva.co.uk/wealth/FundChoice/SelfSelectFundsList/FundDetails/BYPJ0K9/SelfSelectFund
867,Brown Advisory US Mid-Cap Growth Fund Sterling Class B Accumulation,,https://www.direct.aviva.co.uk/wealth/FundChoice/SelfSelectFundsList/FundDetails/BYW8R75/SelfSelectFund
868,Brown Advisory US Smaller Companies Fund Sterling Class B H Accumulation,,https://www.direct.aviva.co.uk/wealth/FundChoice/SelfSelectFundsList/FundDetails/BYQFS91/SelfSelectFund
869,Brown Advisory US Smaller Companies Fund Sterling Class B Income,,https://www.direct.aviva.co.uk/wealth/FundChoice/SelfSelectFundsList/FundDetails/B0PVDH5/SelfSelectFund
870,Brown Advisory US Sustainable Growth Fund Sterling Class B Accumulation,,https://www.direct.aviva.co.uk/wealth/FundChoice/SelfSelectFundsList/FundDetails/BF1T6V3/SelfSelectFund
871,Brown Advisory US Sustainable Growth Fund Sterling Class B H Accumulation,,https://www.direct.aviva.co.uk/wealth/FundChoice/SelfSelectFundsList/FundDetails/BF1T6W4/SelfSelectFund
872,Brown Advisory US Sustainable Growth Fund Sterling Class B Income,,https://www.direct.aviva.co.uk/wealth/FundChoice/SelfSelectFundsList/FundDetails/BF1T6X5/SelfSelectFund
873,Brown Advisory US Sustainable Value Fund Sterling Class B Shares Accumulation,,https://www.direct.aviva.co.uk/wealth/FundChoice/SelfSelectFundsList/FundDetails/BRBYJK2/SelfSelectFund
874,CCLA Fund Managers Limited CCLA Better World Global Equity Fund Class C Accumulation,,https://www.direct.aviva.co.uk/wealth/FundChoice/SelfSelectFundsList/FundDetails/BPP39M3/SelfSelectFund
875,CCLA Fund Managers Limited CCLA Better World Global Equity Fund Class C Income,,https://www.direct.aviva.co.uk/wealth/FundChoice/SelfSelectFundsList/FundDetails/BPP3BY9/SelfSelectFund
876,CCLA Fund Managers Limited CCLA Cautious Multi Asset Fund Class C Accumulation,,https://www.direct.aviva.co.uk/wealth/FundChoice/SelfSelectFundsList/FundDetails/BRSDDN3/SelfSelectFund
877,CCLA Fund Managers Limited CCLA Cautious Multi Asset Fund Class C Income,,https://www.direct.aviva.co.uk/wealth/FundChoice/SelfSelectFundsList/FundDetails/BRSDDP5/SelfSelectFund
878,CG Asset Management Absolute Return Class M Income,,https://www.direct.aviva.co.uk/wealth/FundChoice/SelfSelectFundsList/FundDetails/BYQ69B3/SelfSelectFund
879,CG Asset Management Dollar Class D Income,,https://www.direct.aviva.co.uk/wealth/FundChoice/SelfSelectFundsList/FundDetails/B41GP76/SelfSelectFund
880,CG Asset Management Dollar Class H Income,,https://www.direct.aviva.co.uk/wealth/FundChoice/SelfSelectFundsList/FundDetails/BY7QHV8/SelfSelectFund
881,CG Asset Management Real Return Class A Income,,https://www.direct.aviva.co.uk/wealth/FundChoice/SelfSelectFundsList/FundDetails/3430411/SelfSelectFund
882,CPR Asset Management Invest - Artificial Intelligence Class I Accumulation,,https://www.direct.aviva.co.uk/wealth/FundChoice/SelfSelectFundsList/FundDetails/BSY1S33/SelfSelectFund
883,CQS Dynamic Credit Multi Asset Class F Accumulation,,https://www.direct.aviva.co.uk/wealth/FundChoice/SelfSelectFundsList/FundDetails/BN15XR2/SelfSelectFund
884,CT (LUX) Responsible Global Emerging Markets Equity R Accumulation,,https://www.direct.aviva.co.uk/wealth/FundChoice/SelfSelectFundsList/FundDetails/BZ006B7/SelfSelectFund
885,CT (LUX) SDG Engagement Global Equity R Income,,https://www.direct.aviva.co.uk/wealth/FundChoice/SelfSelectFundsList/FundDetails/BJLWDY2/SelfSelectFund
886,CT (Lux) Credit Opportunities Class 8GH Accumulation,,https://www.direct.aviva.co.uk/wealth/FundChoice/SelfSelectFundsList/FundDetails/BF50YW9/SelfSelectFund
887,CT (Lux) Enhanced Commodities Class ZGH Accumulation,,https://www.direct.aviva.co.uk/wealth/FundChoice/SelfSelectFundsList/FundDetails/B8K1DQ5/SelfSelectFund
888,CT (Lux) European Corporate Bond Class 3G Accumulation,,https://www.direct.aviva.co.uk/wealth/FundChoice/SelfSelectFundsList/FundDetails/BF50X44/SelfSelectFund
889,CT (Lux) European High Yield Bond Class 3G Accumulation,,https://www.direct.aviva.co.uk/wealth/FundChoice/SelfSelectFundsList/FundDetails/BF50YH4/SelfSelectFund
890,CT (Lux) European Social Bond Class ZGH Accumulation,,https://www.direct.aviva.co.uk/wealth/FundChoice/SelfSelectFundsList/FundDetails/BYQH6B5/SelfSelectFund
891,CT (Lux) Global Corporate Bond Class NGC Accumulation,,https://www.direct.aviva.co.uk/wealth/FundChoice/SelfSelectFundsList/FundDetails/BDFBMM4/SelfSelectFund
892,CT (Lux) Global Corporate Bond Class ZGH Accumulation,,https://www.direct.aviva.co.uk/wealth/FundChoice/SelfSelectFundsList/FundDetails/BLWDX71/SelfSelectFund
893,CT (Lux) Pan European ESG Equities Class 3G Accumulation,,https://www.direct.aviva.co.uk/wealth/FundChoice/SelfSelectFundsList/FundDetails/BDFKZ11/SelfSelectFund
894,CT (Lux) Pan European Equity Dividend Class 3GP Income,,https://www.direct.aviva.co.uk/wealth/FundChoice/SelfSelectFundsList/FundDetails/BF50ZM6/SelfSelectFund
895,CT (Lux) Pan European Smaller Companies Class 3G Accumulation,,https://www.direct.aviva.co.uk/wealth/FundChoice/SelfSelectFundsList/FundDetails/BF50XP5/SelfSelectFund
896,CT (Lux) UK Equity Income Class IGP Income,,https://www.direct.aviva.co.uk/wealth/FundChoice/SelfSelectFundsList/FundDetails/BZ4CRW7/SelfSelectFund
897,CT (Lux) US Disciplined Core Equities Class NG Accumulation,,https://www.direct.aviva.co.uk/wealth/FundChoice/SelfSelectFundsList/FundDetails/BL5MKH4/SelfSelectFund
898,CT American Class Z Accumulation,,https://www.direct.aviva.co.uk/wealth/FundChoice/SelfSelectFundsList/FundDetails/B7T2FK0/SelfSelectFund
899,CT American Class Z Income,,https://www.direct.aviva.co.uk/wealth/FundChoice/SelfSelectFundsList/FundDetails/B6WD1G1/SelfSelectFund
900,CT American Select Class Z Accumulation,,https://www.direct.aviva.co.uk/wealth/FundChoice/SelfSelectFundsList/FundDetails/B7HJLD8/SelfSelectFund
901,CT American Select Class Z Income,,https://www.direct.aviva.co.uk/wealth/FundChoice/SelfSelectFundsList/FundDetails/B8BC196/SelfSelectFund
902,CT American Smaller Companies Class Z Accumulation,,https://www.direct.aviva.co.uk/wealth/FundChoice/SelfSelectFundsList/FundDetails/B8358Z8/SelfSelectFund
903,CT American Smaller Companies Class Z Income,,https://www.direct.aviva.co.uk/wealth/FundChoice/SelfSelectFundsList/FundDetails/B88YT35/SelfSelectFund
904,CT Asia Class Z Accumulation,,https://www.direct.aviva.co.uk/wealth/FundChoice/SelfSelectFundsList/FundDetails/B83BWC1/SelfSelectFund
905,CT CT Multi-Manager Universal Adventurous B Accumulation,,https://www.direct.aviva.co.uk/wealth/FundChoice/SelfSelectFundsList/FundDetails/B898743/SelfSelectFund
906,CT CT Multi-Manager Universal Adventurous B Income,,https://www.direct.aviva.co.uk/wealth/FundChoice/SelfSelectFundsList/FundDetails/B4YRDJ4/SelfSelectFund
907,CT CT Multi-Manager Universal Cautious B Accumulation,,https://www.direct.aviva.co.uk/wealth/FundChoice/SelfSelectFundsList/FundDetails/B83XVS6/SelfSelectFund
908,CT CT Multi-Manager Universal Cautious B Income,,https://www.direct.aviva.co.uk/wealth/FundChoice/SelfSelectFundsList/FundDetails/B4YQGY7/SelfSelectFund
909,CT CT Multi-Manager Universal Defensive B Accumulation,,https://www.direct.aviva.co.uk/wealth/FundChoice/SelfSelectFundsList/FundDetails/BG5GMB9/SelfSelectFund
910,CT CT Multi-Manager Universal Defensive B Income,,https://www.direct.aviva.co.uk/wealth/FundChoice/SelfSelectFundsList/FundDetails/BG5GM97/SelfSelectFund
911,CT CT Multi-Manager Universal Growth B Accumulation,,https://www.direct.aviva.co.uk/wealth/FundChoice/SelfSelectFundsList/FundDetails/B7S6RS5/SelfSelectFund
912,CT CT Multi-Manager Universal Growth B Income,,https://www.direct.aviva.co.uk/wealth/FundChoice/SelfSelectFundsList/FundDetails/B503GT4/SelfSelectFund
913,CT Dollar Bond Class Z Accumulation,,https://www.direct.aviva.co.uk/wealth/FundChoice/SelfSelectFundsList/FundDetails/B87D999/SelfSelectFund
914,CT Dollar Bond Class Z Income,,https://www.direct.aviva.co.uk/wealth/FundChoice/SelfSelectFundsList/FundDetails/B9BRCL7/SelfSelectFund
915,CT Dynamic Real Return Class S Accumulation,,https://www.direct.aviva.co.uk/wealth/FundChoice/SelfSelectFundsList/FundDetails/BWWC6P4/SelfSelectFund
916,CT Dynamic Real Return Class Z Accumulation,,https://www.direct.aviva.co.uk/wealth/FundChoice/SelfSelectFundsList/FundDetails/B93TQ86/SelfSelectFund
917,CT Dynamic Real Return Class Z Income,,https://www.direct.aviva.co.uk/wealth/FundChoice/SelfSelectFundsList/FundDetails/B93MKD8/SelfSelectFund
918,CT Emerging Market Bond Class Z Gross Income,,https://www.direct.aviva.co.uk/wealth/FundChoice/SelfSelectFundsList/FundDetails/B82D756/SelfSelectFund
919,CT Emerging Market Bond Class Z Income,,https://www.direct.aviva.co.uk/wealth/FundChoice/SelfSelectFundsList/FundDetails/B817DW8/SelfSelectFund
920,CT European Bond Class Z Income,,https://www.direct.aviva.co.uk/wealth/FundChoice/SelfSelectFundsList/FundDetails/B990YR8/SelfSelectFund
921,CT European Class Z Accumulation,,https://www.direct.aviva.co.uk/wealth/FundChoice/SelfSelectFundsList/FundDetails/B8C2LS4/SelfSelectFund
922,CT European Select Class Z Accumulation,,https://www.direct.aviva.co.uk/wealth/FundChoice/SelfSelectFundsList/FundDetails/B8BC5H2/SelfSelectFund
923,CT European Select Class Z Income,,https://www.direct.aviva.co.uk/wealth/FundChoice/SelfSelectFundsList/FundDetails/B98WQ46/SelfSelectFund
924,CT European Smaller Companies Class Z Accumulation,,https://www.direct.aviva.co.uk/wealth/FundChoice/SelfSelectFundsList/FundDetails/B84CYY9/SelfSelectFund
925,CT European Smaller Companies Class Z Income,,https://www.direct.aviva.co.uk/wealth/FundChoice/SelfSelectFundsList/FundDetails/B978SQ1/SelfSelectFund
926,CT FTSE All-Share Tracker 2 Accumulation,,https://www.direct.aviva.co.uk/wealth/FundChoice/SelfSelectFundsList/FundDetails/3313813/SelfSelectFund
927,CT FTSE All-Share Tracker 2 Income,,https://www.direct.aviva.co.uk/wealth/FundChoice/SelfSelectFundsList/FundDetails/0846464/SelfSelectFund
928,CT Global Bond Class Z (Gross) Income,,https://www.direct.aviva.co.uk/wealth/FundChoice/SelfSelectFundsList/FundDetails/B8844J6/SelfSelectFund
929,CT Global Bond Class Z Income,,https://www.direct.aviva.co.uk/wealth/FundChoice/SelfSelectFundsList/FundDetails/B8C2M70/SelfSelectFund
930,CT Global Emerging Markets Equity Class Z Accumulation,,https://www.direct.aviva.co.uk/wealth/FundChoice/SelfSelectFundsList/FundDetails/B8BYHK5/SelfSelectFund
931,CT Global Equity Income Class Z Accumulation,,https://www.direct.aviva.co.uk/wealth/FundChoice/SelfSelectFundsList/FundDetails/B99MQF6/SelfSelectFund
932,CT Global Equity Income Class Z Income,,https://www.direct.aviva.co.uk/wealth/FundChoice/SelfSelectFundsList/FundDetails/B7S8N05/SelfSelectFund
933,CT Global Equity-Linked UK Inflation 3 Accumulation,,https://www.direct.aviva.co.uk/wealth/FundChoice/SelfSelectFundsList/FundDetails/B4NVY38/SelfSelectFund
934,CT Global Extended Alpha Class I Accumulation,,https://www.direct.aviva.co.uk/wealth/FundChoice/SelfSelectFundsList/FundDetails/B3B0F60/SelfSelectFund
935,CT Global Focus ZA Accumulation,,https://www.direct.aviva.co.uk/wealth/FundChoice/SelfSelectFundsList/FundDetails/BF0Q8K8/SelfSelectFund
936,CT Global Multi Asset Income Class Z Accumulation,,https://www.direct.aviva.co.uk/wealth/FundChoice/SelfSelectFundsList/FundDetails/BNG6455/SelfSelectFund
937,CT Global Multi Asset Income Class Z Income,,https://www.direct.aviva.co.uk/wealth/FundChoice/SelfSelectFundsList/FundDetails/BNG6466/SelfSelectFund
938,CT Global Real Estate Securities 2 Accumulation,,https://www.direct.aviva.co.uk/wealth/FundChoice/SelfSelectFundsList/FundDetails/BJ05NG4/SelfSelectFund
939,CT Global Select Class Z Accumulation,,https://www.direct.aviva.co.uk/wealth/FundChoice/SelfSelectFundsList/FundDetails/B8C2TM4/SelfSelectFund
940,CT Global Social Bond Class Z Accumulation,,https://www.direct.aviva.co.uk/wealth/FundChoice/SelfSelectFundsList/FundDetails/BKSBMM0/SelfSelectFund
941,CT Global Social Bond Class Z Income,,https://www.direct.aviva.co.uk/wealth/FundChoice/SelfSelectFundsList/FundDetails/BKSBMN1/SelfSelectFund
942,CT Global Total Return Bond (GBP Hedged) C Accumulation,,https://www.direct.aviva.co.uk/wealth/FundChoice/SelfSelectFundsList/FundDetails/B80KFS8/SelfSelectFund
943,CT Global Total Return Bond (GBP Hedged) C Income,,https://www.direct.aviva.co.uk/wealth/FundChoice/SelfSelectFundsList/FundDetails/B80KHR1/SelfSelectFund
944,CT High Yield Bond Class Z (Gross) Accumulation,,https://www.direct.aviva.co.uk/wealth/FundChoice/SelfSelectFundsList/FundDetails/B82VC22/SelfSelectFund
945,CT High Yield Bond Class Z (Gross) Income,,https://www.direct.aviva.co.uk/wealth/FundChoice/SelfSelectFundsList/FundDetails/B99MVQ2/SelfSelectFund
946,CT High Yield Bond Class Z Accumulation,,https://www.direct.aviva.co.uk/wealth/FundChoice/SelfSelectFundsList/FundDetails/BPZ55D2/SelfSelectFund
947,CT High Yield Bond Class Z Income,,https://www.direct.aviva.co.uk/wealth/FundChoice/SelfSelectFundsList/FundDetails/B7SGDT8/SelfSelectFund
948,CT Japan Class Z Accumulation,,https://www.direct.aviva.co.uk/wealth/FundChoice/SelfSelectFundsList/FundDetails/B7TRT70/SelfSelectFund
949,CT Latin America Class Z Accumulation,,https://www.direct.aviva.co.uk/wealth/FundChoice/SelfSelectFundsList/FundDetails/B8BQ6V5/SelfSelectFund
950,CT MM Navigator Distribution C Accumulation,,https://www.direct.aviva.co.uk/wealth/FundChoice/SelfSelectFundsList/FundDetails/B80KXN9/SelfSelectFund
951,CT MM Navigator Distribution C Income,,https://www.direct.aviva.co.uk/wealth/FundChoice/SelfSelectFundsList/FundDetails/B80KZH7/SelfSelectFund
952,CT MM Navigator Distribution M Income,,https://www.direct.aviva.co.uk/wealth/FundChoice/SelfSelectFundsList/FundDetails/BZCTP04/SelfSelectFund
953,CT Managed Bond Class 2 Accumulation,,https://www.direct.aviva.co.uk/wealth/FundChoice/SelfSelectFundsList/FundDetails/BMGRVS3/SelfSelectFund
954,CT Managed Bond Class Z Accumulation,,https://www.direct.aviva.co.uk/wealth/FundChoice/SelfSelectFundsList/FundDetails/BMGRVV6/SelfSelectFund
955,CT Managed Bond Focused Class 2 Accumulation,,https://www.direct.aviva.co.uk/wealth/FundChoice/SelfSelectFundsList/FundDetails/BMGRVN8/SelfSelectFund
956,CT Managed Bond Focused Class Z Accumulation,,https://www.direct.aviva.co.uk/wealth/FundChoice/SelfSelectFundsList/FundDetails/BMGRVP0/SelfSelectFund
957,CT Managed Equity & Bond Class 2 Accumulation,,https://www.direct.aviva.co.uk/wealth/FundChoice/SelfSelectFundsList/FundDetails/BMGRVX8/SelfSelectFund
958,CT Managed Equity & Bond Class T Income,,https://www.direct.aviva.co.uk/wealth/FundChoice/SelfSelectFundsList/FundDetails/BMGRVY9/SelfSelectFund
959,CT Managed Equity & Bond Class Z Accumulation,,https://www.direct.aviva.co.uk/wealth/FundChoice/SelfSelectFundsList/FundDetails/BMGRVZ0/SelfSelectFund
960,CT Managed Equity Class 2 Accumulation,,https://www.direct.aviva.co.uk/wealth/FundChoice/SelfSelectFundsList/FundDetails/BMGRW46/SelfSelectFund
961,CT Managed Equity Class T Income,,https://www.direct.aviva.co.uk/wealth/FundChoice/SelfSelectFundsList/FundDetails/BMGRW57/SelfSelectFund
962,CT Managed Equity Class Z Accumulation,,https://www.direct.aviva.co.uk/wealth/FundChoice/SelfSelectFundsList/FundDetails/BMGRW68/SelfSelectFund
963,CT Managed Equity Focused Class 2 Accumulation,,https://www.direct.aviva.co.uk/wealth/FundChoice/SelfSelectFundsList/FundDetails/BMGRW13/SelfSelectFund
964,CT Managed Equity Focused Class Z Accumulation,,https://www.direct.aviva.co.uk/wealth/FundChoice/SelfSelectFundsList/FundDetails/BMGRW24/SelfSelectFund
965,CT Managed Equity Income Class 2 Income,,https://www.direct.aviva.co.uk/wealth/FundChoice/SelfSelectFundsList/FundDetails/BMGRW80/SelfSelectFund
966,CT Managed Equity Income Class Z Income,,https://www.direct.aviva.co.uk/wealth/FundChoice/SelfSelectFundsList/FundDetails/BMGRW91/SelfSelectFund
967,CT Managed Growth C Accumulation,,https://www.direct.aviva.co.uk/wealth/FundChoice/SelfSelectFundsList/FundDetails/BYZ62Y8/SelfSelectFund
968,CT Managed Growth C Income,,https://www.direct.aviva.co.uk/wealth/FundChoice/SelfSelectFundsList/FundDetails/BYZ62W6/SelfSelectFund
969,CT Monthly Extra Income Class Z Accumulation,,https://www.direct.aviva.co.uk/wealth/FundChoice/SelfSelectFundsList/FundDetails/BP8S624/SelfSelectFund
970,CT Monthly Extra Income Class Z Income,,https://www.direct.aviva.co.uk/wealth/FundChoice/SelfSelectFundsList/FundDetails/B8BZ322/SelfSelectFund
971,CT Multi-Manager Universal Balanced B Accumulation,,https://www.direct.aviva.co.uk/wealth/FundChoice/SelfSelectFundsList/FundDetails/B7MXZP5/SelfSelectFund
972,CT Multi-Manager Universal Balanced B Income,,https://www.direct.aviva.co.uk/wealth/FundChoice/SelfSelectFundsList/FundDetails/B4YRCK8/SelfSelectFund
973,CT North American Systematic Equity 2 Accumulation,,https://www.direct.aviva.co.uk/wealth/FundChoice/SelfSelectFundsList/FundDetails/3028151/SelfSelectFund
974,CT Pan European Focus Class Z Accumulation,,https://www.direct.aviva.co.uk/wealth/FundChoice/SelfSelectFundsList/FundDetails/B60L2M0/SelfSelectFund
975,CT Property Growth & Income I Accumulation,,https://www.direct.aviva.co.uk/wealth/FundChoice/SelfSelectFundsList/FundDetails/BQWJ868/SelfSelectFund
976,CT Property Growth & Income I Income,,https://www.direct.aviva.co.uk/wealth/FundChoice/SelfSelectFundsList/FundDetails/BQWJ879/SelfSelectFund
977,CT Responsible Global Equity 2 Accumulation,,https://www.direct.aviva.co.uk/wealth/FundChoice/SelfSelectFundsList/FundDetails/3314504/SelfSelectFund
978,CT Responsible Global Equity 2 Income,,https://www.direct.aviva.co.uk/wealth/FundChoice/SelfSelectFundsList/FundDetails/B828PQ8/SelfSelectFund
979,CT Responsible Sterling Corporate Bond C Income,,https://www.direct.aviva.co.uk/wealth/FundChoice/SelfSelectFundsList/FundDetails/B4RB3Z9/SelfSelectFund
980,CT Responsible Sterling Corporate Bond Class 2 Accumulation,,https://www.direct.aviva.co.uk/wealth/FundChoice/SelfSelectFundsList/FundDetails/BF2VKG1/SelfSelectFund
981,CT Responsible UK Equity 2 Accumulation,,https://www.direct.aviva.co.uk/wealth/FundChoice/SelfSelectFundsList/FundDetails/3339648/SelfSelectFund
982,CT Responsible UK Equity 2 Income,,https://www.direct.aviva.co.uk/wealth/FundChoice/SelfSelectFundsList/FundDetails/B8BKZY3/SelfSelectFund
983,CT Responsible UK Income 2 Accumulation,,https://www.direct.aviva.co.uk/wealth/FundChoice/SelfSelectFundsList/FundDetails/B4NKFT8/SelfSelectFund
984,CT Responsible UK Income 2 Income,,https://www.direct.aviva.co.uk/wealth/FundChoice/SelfSelectFundsList/FundDetails/3314485/SelfSelectFund
985,CT Select European Equity 2 Accumulation,,https://www.direct.aviva.co.uk/wealth/FundChoice/SelfSelectFundsList/FundDetails/B4Q7SF3/SelfSelectFund
986,CT Select European Equity 2 Income,,https://www.direct.aviva.co.uk/wealth/FundChoice/SelfSelectFundsList/FundDetails/B4P2X98/SelfSelectFund
987,CT Sterling Bond Class Z Accumulation,,https://www.direct.aviva.co.uk/wealth/FundChoice/SelfSelectFundsList/FundDetails/B836MP9/SelfSelectFund
988,CT Sterling Bond Class Z Income,,https://www.direct.aviva.co.uk/wealth/FundChoice/SelfSelectFundsList/FundDetails/B7SH573/SelfSelectFund
989,CT Sterling Corporate Bond Class 2 Income,,https://www.direct.aviva.co.uk/wealth/FundChoice/SelfSelectFundsList/FundDetails/0145150/SelfSelectFund
990,CT Sterling Corporate Bond Gross Acc Accumulation,,https://www.direct.aviva.co.uk/wealth/FundChoice/SelfSelectFundsList/FundDetails/3388532/SelfSelectFund
991,CT Sterling Short Dated Corporate Bond 2 Gross Income,,https://www.direct.aviva.co.uk/wealth/FundChoice/SelfSelectFundsList/FundDetails/BD8GMC6/SelfSelectFund
992,CT Sterling Short Dated Corporate Bond 2 Income,,https://www.direct.aviva.co.uk/wealth/FundChoice/SelfSelectFundsList/FundDetails/BD8GMB5/SelfSelectFund
993,CT Sterling Short Dated Corporate Bond I Accumulation,,https://www.direct.aviva.co.uk/wealth/FundChoice/SelfSelectFundsList/FundDetails/BYQFJT8/SelfSelectFund
994,CT Sterling Short-Term Money Market I2 Accumulation,,https://www.direct.aviva.co.uk/wealth/FundChoice/SelfSelectFundsList/FundDetails/BDBDLP0/SelfSelectFund
995,CT Strategic Bond Class Z (Gross) Accumulation,,https://www.direct.aviva.co.uk/wealth/FundChoice/SelfSelectFundsList/FundDetails/B8863D9/SelfSelectFund
996,CT Strategic Bond Class Z (Gross) Income,,https://www.direct.aviva.co.uk/wealth/FundChoice/SelfSelectFundsList/FundDetails/B882KH0/SelfSelectFund
997,CT Strategic Bond Class Z Income,,https://www.direct.aviva.co.uk/wealth/FundChoice/SelfSelectFundsList/FundDetails/B882QB6/SelfSelectFund
998,CT Sustainable Global Equity Income Class 2 Accumulation,,https://www.direct.aviva.co.uk/wealth/FundChoice/SelfSelectFundsList/FundDetails/BPCS4T3/SelfSelectFund
999,CT Sustainable Opportunities Global Equity C Accumulation,,https://www.direct.aviva.co.uk/wealth/FundChoice/SelfSelectFundsList/FundDetails/BYZ62V5/SelfSelectFund
1000,CT Sustainable Universal MAP Adventurous C Accumulation,,https://www.direct.aviva.co.uk/wealth/FundChoice/SelfSelectFundsList/FundDetails/BMW8RH1/SelfSelectFund
1001,CT Sustainable Universal MAP Balanced C Accumulation,,https://www.direct.aviva.co.uk/wealth/FundChoice/SelfSelectFundsList/FundDetails/BKV4486/SelfSelectFund
1002,CT Sustainable Universal MAP Cautious C Accumulation,,https://www.direct.aviva.co.uk/wealth/FundChoice/SelfSelectFundsList/FundDetails/BKV4464/SelfSelectFund
1003,CT Sustainable Universal MAP Defensive C Accumulation,,https://www.direct.aviva.co.uk/wealth/FundChoice/SelfSelectFundsList/FundDetails/BMW8RF9/SelfSelectFund
1004,CT Sustainable Universal MAP Growth C Accumulation,,https://www.direct.aviva.co.uk/wealth/FundChoice/SelfSelectFundsList/FundDetails/BKV44B9/SelfSelectFund
1005,CT UK Class Z Accumulation,,https://www.direct.aviva.co.uk/wealth/FundChoice/SelfSelectFundsList/FundDetails/B84PM55/SelfSelectFund
1006,CT UK Class Z Income,,https://www.direct.aviva.co.uk/wealth/FundChoice/SelfSelectFundsList/FundDetails/B84PMM2/SelfSelectFund
1007,CT UK Commercial Property 2 Accumulation,,https://www.direct.aviva.co.uk/wealth/FundChoice/SelfSelectFundsList/FundDetails/B830G15/SelfSelectFund
1008,CT UK Commercial Property 2 Income,,https://www.direct.aviva.co.uk/wealth/FundChoice/SelfSelectFundsList/FundDetails/B6449M4/SelfSelectFund
1009,CT UK Commercial Property Feeder 2 Accumulation,,https://www.direct.aviva.co.uk/wealth/FundChoice/SelfSelectFundsList/FundDetails/BWZMHM5/SelfSelectFund
1010,CT UK Commercial Property Feeder 2 Income,,https://www.direct.aviva.co.uk/wealth/FundChoice/SelfSelectFundsList/FundDetails/BWZMHL4/SelfSelectFund
1011,CT UK Equity Alpha Income Class Z Income,,https://www.direct.aviva.co.uk/wealth/FundChoice/SelfSelectFundsList/FundDetails/B88P6D7/SelfSelectFund
1012,CT UK Equity Income 2 Accumulation,,https://www.direct.aviva.co.uk/wealth/FundChoice/SelfSelectFundsList/FundDetails/B7TFC97/SelfSelectFund
1013,CT UK Equity Income 2 Income,,https://www.direct.aviva.co.uk/wealth/FundChoice/SelfSelectFundsList/FundDetails/B60HHR8/SelfSelectFund
1014,CT UK Equity Income Class Z Accumulation,,https://www.direct.aviva.co.uk/wealth/FundChoice/SelfSelectFundsList/FundDetails/B888FR3/SelfSelectFund
1015,CT UK Equity Income Class Z Income,,https://www.direct.aviva.co.uk/wealth/FundChoice/SelfSelectFundsList/FundDetails/B8169Q1/SelfSelectFund
1016,CT UK Growth and Income Class Z Income,,https://www.direct.aviva.co.uk/wealth/FundChoice/SelfSelectFundsList/FundDetails/B8848T4/SelfSelectFund
1017,CT UK Institutional Class 2 Accumulation,,https://www.direct.aviva.co.uk/wealth/FundChoice/SelfSelectFundsList/FundDetails/0145161/SelfSelectFund
1018,CT UK Mid 250 Class Z Accumulation,,https://www.direct.aviva.co.uk/wealth/FundChoice/SelfSelectFundsList/FundDetails/B8BX5X1/SelfSelectFund
1019,CT UK Monthly Income Class Z Income,,https://www.direct.aviva.co.uk/wealth/FundChoice/SelfSelectFundsList/FundDetails/B8BV450/SelfSelectFund
1020,CT UK Property Authorised Investment Fund AIF Inst Accumulation,,https://www.direct.aviva.co.uk/wealth/FundChoice/SelfSelectFundsList/FundDetails/BQ1YHV2/SelfSelectFund
1021,CT UK Property Authorised Investment Fund AIF Inst Income,,https://www.direct.aviva.co.uk/wealth/FundChoice/SelfSelectFundsList/FundDetails/BQ1YHW3/SelfSelectFund
1022,CT UK Property Authorised Trust Class I Accumulation,,https://www.direct.aviva.co.uk/wealth/FundChoice/SelfSelectFundsList/FundDetails/BQ3G0Y0/SelfSelectFund
1023,CT UK Property Authorised Trust Class I Income,,https://www.direct.aviva.co.uk/wealth/FundChoice/SelfSelectFundsList/FundDetails/BQ3G0Z1/SelfSelectFund
1024,CT UK Smaller Companies Class Z Income,,https://www.direct.aviva.co.uk/wealth/FundChoice/SelfSelectFundsList/FundDetails/B7JL4Y4/SelfSelectFund
1025,CT UK Social Bond Class I Accumulation,,https://www.direct.aviva.co.uk/wealth/FundChoice/SelfSelectFundsList/FundDetails/BF233D5/SelfSelectFund
1026,CT UK Social Bond Class IG Income,,https://www.direct.aviva.co.uk/wealth/FundChoice/SelfSelectFundsList/FundDetails/BF233G8/SelfSelectFund
1027,CT UK Social Bond Class Z Accumulation,,https://www.direct.aviva.co.uk/wealth/FundChoice/SelfSelectFundsList/FundDetails/BF23379/SelfSelectFund
1028,CT UK Social Bond Class Z GROSS Accumulation,,https://www.direct.aviva.co.uk/wealth/FundChoice/SelfSelectFundsList/FundDetails/BF23380/SelfSelectFund
1029,CT UK Social Bond Class Z GROSS Income,,https://www.direct.aviva.co.uk/wealth/FundChoice/SelfSelectFundsList/FundDetails/BF233B3/SelfSelectFund
1030,CT UK Social Bond Class Z Income,,https://www.direct.aviva.co.uk/wealth/FundChoice/SelfSelectFundsList/FundDetails/BF23391/SelfSelectFund
1031,CT UK Social Bond Inst Accumulation,,https://www.direct.aviva.co.uk/wealth/FundChoice/SelfSelectFundsList/FundDetails/BF233C4/SelfSelectFund
1032,CT UK Sustainable Equity Class IA Accumulation,,https://www.direct.aviva.co.uk/wealth/FundChoice/SelfSelectFundsList/FundDetails/BJ5JM86/SelfSelectFund
1033,CT UK Sustainable Equity Class Z Accumulation,,https://www.direct.aviva.co.uk/wealth/FundChoice/SelfSelectFundsList/FundDetails/BZ21SS9/SelfSelectFund
1034,CT UK Sustainable Equity Class ZI Income,,https://www.direct.aviva.co.uk/wealth/FundChoice/SelfSelectFundsList/FundDetails/BZ21ST0/SelfSelectFund
1035,CT US Equity Income Class Z Income,,https://www.direct.aviva.co.uk/wealth/FundChoice/SelfSelectFundsList/FundDetails/BZ563P3/SelfSelectFund
1036,CT US Equity Income Class ZNA Accumulation,,https://www.direct.aviva.co.uk/wealth/FundChoice/SelfSelectFundsList/FundDetails/BD37PD6/SelfSelectFund
1037,CT US Smaller Companies C Income,,https://www.direct.aviva.co.uk/wealth/FundChoice/SelfSelectFundsList/FundDetails/B7YDFB9/SelfSelectFund
1038,CT Universal MAP Adventurous C Accumulation,,https://www.direct.aviva.co.uk/wealth/FundChoice/SelfSelectFundsList/FundDetails/BK5Z9G8/SelfSelectFund
1039,CT Universal MAP Balanced C Accumulation,,https://www.direct.aviva.co.uk/wealth/FundChoice/SelfSelectFundsList/FundDetails/BF99W06/SelfSelectFund
1040,CT Universal MAP Cautious C Accumulation,,https://www.direct.aviva.co.uk/wealth/FundChoice/SelfSelectFundsList/FundDetails/BF99VY3/SelfSelectFund
1041,CT Universal MAP Defensive C Accumulation,,https://www.direct.aviva.co.uk/wealth/FundChoice/SelfSelectFundsList/FundDetails/BK5Z9D5/SelfSelectFund
1042,CT Universal MAP Growth C Accumulation,,https://www.direct.aviva.co.uk/wealth/FundChoice/SelfSelectFundsList/FundDetails/BF99W28/SelfSelectFund
1043,CT Universal MAP Income C Accumulation,,https://www.direct.aviva.co.uk/wealth/FundChoice/SelfSelectFundsList/FundDetails/BK5ZC69/SelfSelectFund
1044,CT Universal MAP Income C Income,,https://www.direct.aviva.co.uk/wealth/FundChoice/SelfSelectFundsList/FundDetails/BK5ZC81/SelfSelectFund
1045,Calamos Global Convertible Class I Accumulation,,https://www.direct.aviva.co.uk/wealth/FundChoice/SelfSelectFundsList/FundDetails/B66CN79/SelfSelectFund
1046,Calamos Global Convertible Class Z Accumulation,,https://www.direct.aviva.co.uk/wealth/FundChoice/SelfSelectFundsList/FundDetails/BKRVJH5/SelfSelectFund
1047,Calamos Global Convertible Class Z Income,,https://www.direct.aviva.co.uk/wealth/FundChoice/SelfSelectFundsList/FundDetails/BKRVJG4/SelfSelectFund
1048,Canaccord Genuity Wealth Management Canaccord Genuity Dynamic Class A Accumulation,,https://www.direct.aviva.co.uk/wealth/FundChoice/SelfSelectFundsList/FundDetails/BTJ03D7/SelfSelectFund
1049,Canaccord Genuity Wealth Management Canaccord Genuity Dynamic Class R Accumulation,,https://www.direct.aviva.co.uk/wealth/FundChoice/SelfSelectFundsList/FundDetails/BTJ03Q0/SelfSelectFund
1050,Canaccord Genuity Wealth Management MI Canaccord Genuity Risk Profile 3 B Shares Accumulation,,https://www.direct.aviva.co.uk/wealth/FundChoice/SelfSelectFundsList/FundDetails/BFZNVV6/SelfSelectFund
1051,Canaccord Genuity Wealth Management MI Canaccord Genuity Risk Profile 4 B Shares Accumulation,,https://www.direct.aviva.co.uk/wealth/FundChoice/SelfSelectFundsList/FundDetails/BFZNGR7/SelfSelectFund
1052,Canaccord Genuity Wealth Management MI Canaccord Genuity Risk Profile 5 B Shares Accumulation,,https://www.direct.aviva.co.uk/wealth/FundChoice/SelfSelectFundsList/FundDetails/BFZNWW4/SelfSelectFund
1053,Candriam Candriam Absolute Return Equity Market Neutral Class R (Hedged) Accumulation,,https://www.direct.aviva.co.uk/wealth/FundChoice/SelfSelectFundsList/FundDetails/BRBVWS2/SelfSelectFund
1054,Candriam Candriam Bonds Credit Opportunities Class R Accumulation,,https://www.direct.aviva.co.uk/wealth/FundChoice/SelfSelectFundsList/FundDetails/BDBB994/SelfSelectFund
1055,Candriam Candriam Bonds Emerging Debt Local Currencies Class R - Unhedged Accumulation,,https://www.direct.aviva.co.uk/wealth/FundChoice/SelfSelectFundsList/FundDetails/BD041M1/SelfSelectFund
1056,Candriam Candriam Bonds Emerging Markets Class I (Q) - Hedged Income,,https://www.direct.aviva.co.uk/wealth/FundChoice/SelfSelectFundsList/FundDetails/BD042G2/SelfSelectFund
1057,Candriam Candriam Bonds Emerging Markets Class I - Unhedged Accumulation,,https://www.direct.aviva.co.uk/wealth/FundChoice/SelfSelectFundsList/FundDetails/BDBB950/SelfSelectFund
1058,Candriam Candriam Bonds Emerging Markets Class R - Hedged Accumulation,,https://www.direct.aviva.co.uk/wealth/FundChoice/SelfSelectFundsList/FundDetails/BDBB9B6/SelfSelectFund
1059,Candriam Candriam Bonds Global High Yield Class R (Q) - Hedged Income,,https://www.direct.aviva.co.uk/wealth/FundChoice/SelfSelectFundsList/FundDetails/BD041Q5/SelfSelectFund
1060,Candriam Candriam Bonds Global High Yield Class R (Q) - Unhedged Income,,https://www.direct.aviva.co.uk/wealth/FundChoice/SelfSelectFundsList/FundDetails/BD041R6/SelfSelectFund
1061,Candriam Candriam Bonds Total Return Class I - Hedged Accumulation,,https://www.direct.aviva.co.uk/wealth/FundChoice/SelfSelectFundsList/FundDetails/BD042K6/SelfSelectFund
1062,Candriam Candriam Equities L Biotechnology Class I - Unhedged Accumulation,,https://www.direct.aviva.co.uk/wealth/FundChoice/SelfSelectFundsList/FundDetails/BDBB972/SelfSelectFund
1063,Candriam Candriam Equities L Emerging Markets Class I - Unhedged Accumulation,,https://www.direct.aviva.co.uk/wealth/FundChoice/SelfSelectFundsList/FundDetails/BDBB983/SelfSelectFund
1064,Candriam Candriam Equities L Oncology Impact Class I - Unhedged Accumulation,,https://www.direct.aviva.co.uk/wealth/FundChoice/SelfSelectFundsList/FundDetails/BKMFNF8/SelfSelectFund
1065,Candriam Candriam Equities L Robotics & Innovative Technology Class R - Hedged Accumulation,,https://www.direct.aviva.co.uk/wealth/FundChoice/SelfSelectFundsList/FundDetails/BF3NN89/SelfSelectFund
1066,Candriam Candriam GF US High Yield Corporate Bonds Class I - Unhedged Accumulation,,https://www.direct.aviva.co.uk/wealth/FundChoice/SelfSelectFundsList/FundDetails/BYTZ025/SelfSelectFund
1067,Candriam Candriam Sustainable Bond Emerging Markets Class I - Hedged Income,,https://www.direct.aviva.co.uk/wealth/FundChoice/SelfSelectFundsList/FundDetails/BF2HDQ0/SelfSelectFund
1068,Candriam Candriam Sustainable Bond Euro Corporate Class R Accumulation,,https://www.direct.aviva.co.uk/wealth/FundChoice/SelfSelectFundsList/FundDetails/BKMFRL2/SelfSelectFund
1069,Candriam Candriam Sustainable Equity Emerging Markets Class I - Unhedged Accumulation,,https://www.direct.aviva.co.uk/wealth/FundChoice/SelfSelectFundsList/FundDetails/BYXZ1S4/SelfSelectFund
1070,Candriam Candriam Sustainable Equity Japan Class R-H Accumulation,,https://www.direct.aviva.co.uk/wealth/FundChoice/SelfSelectFundsList/FundDetails/BS9B7K8/SelfSelectFund
1071,Candriam Candriam Sustainable Equity World Class R - Unhedged Accumulation,,https://www.direct.aviva.co.uk/wealth/FundChoice/SelfSelectFundsList/FundDetails/BYXZ225/SelfSelectFund
1072,Cantor Fitzgerald Global Equity UCITS Fund Share Class B GBP Accumulation,,https://www.direct.aviva.co.uk/wealth/FundChoice/SelfSelectFundsList/FundDetails/BW01ZB2/SelfSelectFund
1073,Capital Group Emerging Markets Debt (LUX) Class Z Accumulation,,https://www.direct.aviva.co.uk/wealth/FundChoice/SelfSelectFundsList/FundDetails/B7M3254/SelfSelectFund
1074,Capital Group Emerging Markets Debt (LUX) Class Zd Income,,https://www.direct.aviva.co.uk/wealth/FundChoice/SelfSelectFundsList/FundDetails/BBH82Q3/SelfSelectFund
1075,Capital Group Emerging Markets Equity (LUX) Class Z Accumulation,,https://www.direct.aviva.co.uk/wealth/FundChoice/SelfSelectFundsList/FundDetails/BJ05NZ3/SelfSelectFund
1076,Capital Group Emerging Markets Equity (LUX) Class Zd Income,,https://www.direct.aviva.co.uk/wealth/FundChoice/SelfSelectFundsList/FundDetails/BBH82Z2/SelfSelectFund
1077,Capital Group Emerging Markets Local Currency Debt (LUX) Class Z Accumulation,,https://www.direct.aviva.co.uk/wealth/FundChoice/SelfSelectFundsList/FundDetails/B9LYYV2/SelfSelectFund
1078,Capital Group Emerging Markets Local Currency Debt (LUX) Class Zd Income,,https://www.direct.aviva.co.uk/wealth/FundChoice/SelfSelectFundsList/FundDetails/BVL80H6/SelfSelectFund
1079,Capital Group Emerging Markets Total Opportunities (LUX) Class Z Accumulation,,https://www.direct.aviva.co.uk/wealth/FundChoice/SelfSelectFundsList/FundDetails/B8KDCR5/SelfSelectFund
1080,Capital Group Emerging Markets Total Opportunities (LUX) Class Zd Income,,https://www.direct.aviva.co.uk/wealth/FundChoice/SelfSelectFundsList/FundDetails/B94SY11/SelfSelectFund
1081,Capital Group Emerging Markets Total Opportunities (LUX) Class Zdh-GBP Income,,https://www.direct.aviva.co.uk/wealth/FundChoice/SelfSelectFundsList/FundDetails/B8S8LV9/SelfSelectFund
1082,Capital Group Emerging Markets Total Opportunities (LUX) Class Zgd Income,,https://www.direct.aviva.co.uk/wealth/FundChoice/SelfSelectFundsList/FundDetails/B7XPTP8/SelfSelectFund
1083,Capital Group Emerging Markets Total Opportunities (LUX) Class Zgdh-GBP Income,,https://www.direct.aviva.co.uk/wealth/FundChoice/SelfSelectFundsList/FundDetails/B894L49/SelfSelectFund
1084,Capital Group Emerging Markets Total Opportunities (LUX) Class Zh-GBP Accumulation,,https://www.direct.aviva.co.uk/wealth/FundChoice/SelfSelectFundsList/FundDetails/B92C2D3/SelfSelectFund
1085,Capital Group Euro Bond (LUX) Class Z Accumulation,,https://www.direct.aviva.co.uk/wealth/FundChoice/SelfSelectFundsList/FundDetails/B9FCB33/SelfSelectFund
1086,Capital Group Euro Bond (LUX) Class Zd Income,,https://www.direct.aviva.co.uk/wealth/FundChoice/SelfSelectFundsList/FundDetails/B9F99H4/SelfSelectFund
1087,Capital Group European Core Equity Fund (LUX) Class Z Accumulation,,https://www.direct.aviva.co.uk/wealth/FundChoice/SelfSelectFundsList/FundDetails/B90W536/SelfSelectFund
1088,Capital Group European Core Equity Fund (LUX) Class Zd Income,,https://www.direct.aviva.co.uk/wealth/FundChoice/SelfSelectFundsList/FundDetails/B9CGRB8/SelfSelectFund
1089,Capital Group European Core Equity Fund (LUX) Class Zgdh-GBP Income,,https://www.direct.aviva.co.uk/wealth/FundChoice/SelfSelectFundsList/FundDetails/BWV0S64/SelfSelectFund
1090,Capital Group European Core Equity Fund (LUX) Class Zh-GBP Accumulation,,https://www.direct.aviva.co.uk/wealth/FundChoice/SelfSelectFundsList/FundDetails/BWV0S31/SelfSelectFund
1091,Capital Group Global Allocation (LUX) Class Z Accumulation,,https://www.direct.aviva.co.uk/wealth/FundChoice/SelfSelectFundsList/FundDetails/BH88TN0/SelfSelectFund
1092,Capital Group Global Allocation (LUX) Class Zd Income,,https://www.direct.aviva.co.uk/wealth/FundChoice/SelfSelectFundsList/FundDetails/BH88TT6/SelfSelectFund
1093,Capital Group Global Bond (LUX) Class Z Accumulation,,https://www.direct.aviva.co.uk/wealth/FundChoice/SelfSelectFundsList/FundDetails/B9N5RD6/SelfSelectFund
1094,Capital Group Global Bond (LUX) Class Zd Income,,https://www.direct.aviva.co.uk/wealth/FundChoice/SelfSelectFundsList/FundDetails/BBH82H4/SelfSelectFund
1095,Capital Group Global Corporate Bond (LUX) Class Z Accumulation,,https://www.direct.aviva.co.uk/wealth/FundChoice/SelfSelectFundsList/FundDetails/BDRX2X9/SelfSelectFund
1096,Capital Group Global Corporate Bond (LUX) Class Zd Income,,https://www.direct.aviva.co.uk/wealth/FundChoice/SelfSelectFundsList/FundDetails/BF3SKP0/SelfSelectFund
1097,Capital Group Global Corporate Bond (LUX) Class Zgd Income,,https://www.direct.aviva.co.uk/wealth/FundChoice/SelfSelectFundsList/FundDetails/BF3SKQ1/SelfSelectFund
1098,Capital Group Global Equity (LUX) Class Z Accumulation,,https://www.direct.aviva.co.uk/wealth/FundChoice/SelfSelectFundsList/FundDetails/B9N5H69/SelfSelectFund
1099,Capital Group Global Equity (LUX) Class Zd Income,,https://www.direct.aviva.co.uk/wealth/FundChoice/SelfSelectFundsList/FundDetails/B9N5521/SelfSelectFund
1100,Capital Group Global High Income Opportunities (LUX) Class Z Accumulation,,https://www.direct.aviva.co.uk/wealth/FundChoice/SelfSelectFundsList/FundDetails/B79J0V7/SelfSelectFund
1101,Capital Group Global High Income Opportunities (LUX) Class Zd Income,,https://www.direct.aviva.co.uk/wealth/FundChoice/SelfSelectFundsList/FundDetails/B7VH3C1/SelfSelectFund
1102,Capital Group Global High Income Opportunities (LUX) Class Zdh-GBP Income,,https://www.direct.aviva.co.uk/wealth/FundChoice/SelfSelectFundsList/FundDetails/B8P48Z3/SelfSelectFund
1103,Capital Group Global High Income Opportunities (LUX) Class Zgd Income,,https://www.direct.aviva.co.uk/wealth/FundChoice/SelfSelectFundsList/FundDetails/B7XYJM2/SelfSelectFund
1104,Capital Group Global High Income Opportunities (LUX) Class Zgdh-GBP Income,,https://www.direct.aviva.co.uk/wealth/FundChoice/SelfSelectFundsList/FundDetails/B7SF6L8/SelfSelectFund
1105,Capital Group Global High Income Opportunities (LUX) Class Zh-GBP Accumulation,,https://www.direct.aviva.co.uk/wealth/FundChoice/SelfSelectFundsList/FundDetails/B88XFP6/SelfSelectFund
1106,Capital Group Global High Income Opportunities Class P Accumulation,,https://www.direct.aviva.co.uk/wealth/FundChoice/SelfSelectFundsList/FundDetails/BP38YG9/SelfSelectFund
1107,Capital Group Global High Income Opportunities Class P Hedged Accumulation,,https://www.direct.aviva.co.uk/wealth/FundChoice/SelfSelectFundsList/FundDetails/BPCJ6B2/SelfSelectFund
1108,Capital Group Global High Income Opportunities Class P Hedged Income,,https://www.direct.aviva.co.uk/wealth/FundChoice/SelfSelectFundsList/FundDetails/BPCJ6S9/SelfSelectFund
1109,Capital Group Global High Income Opportunities Class P Income,,https://www.direct.aviva.co.uk/wealth/FundChoice/SelfSelectFundsList/FundDetails/BPCJ6R8/SelfSelectFund
1110,Capital Group Investment Company of America (LUX) Class Z Accumulation,,https://www.direct.aviva.co.uk/wealth/FundChoice/SelfSelectFundsList/FundDetails/BD2MVX4/SelfSelectFund
1111,Capital Group Investment Company of America (LUX) Class Zd Income,,https://www.direct.aviva.co.uk/wealth/FundChoice/SelfSelectFundsList/FundDetails/BD2MW20/SelfSelectFund
1112,Capital Group Investment Company of America (LUX) Class Zdh-GBP Income,,https://www.direct.aviva.co.uk/wealth/FundChoice/SelfSelectFundsList/FundDetails/BD2MW53/SelfSelectFund
1113,Capital Group Investment Company of America (LUX) Class Zgd Income,,https://www.direct.aviva.co.uk/wealth/FundChoice/SelfSelectFundsList/FundDetails/BD2MW86/SelfSelectFund
1114,Capital Group Investment Company of America (LUX) Class Zgdh-GBP Income,,https://www.direct.aviva.co.uk/wealth/FundChoice/SelfSelectFundsList/FundDetails/BD2MWC0/SelfSelectFund
1115,Capital Group Investment Company of America (UK) Class P Accumulation,,https://www.direct.aviva.co.uk/wealth/FundChoice/SelfSelectFundsList/FundDetails/BRBTFM1/SelfSelectFund
1116,Capital Group Japan Equity (LUX) Class Z Accumulation,,https://www.direct.aviva.co.uk/wealth/FundChoice/SelfSelectFundsList/FundDetails/B9FHXD2/SelfSelectFund
1117,Capital Group Japan Equity (LUX) Class Zd Income,,https://www.direct.aviva.co.uk/wealth/FundChoice/SelfSelectFundsList/FundDetails/B7YLBW6/SelfSelectFund
1118,Capital Group Japan Equity (LUX) Class Zgdh-GBP Income,,https://www.direct.aviva.co.uk/wealth/FundChoice/SelfSelectFundsList/FundDetails/BBH7WC6/SelfSelectFund
1119,Capital Group Japan Equity (LUX) Class Zh-GBP Accumulation,,https://www.direct.aviva.co.uk/wealth/FundChoice/SelfSelectFundsList/FundDetails/BBH7W71/SelfSelectFund
1120,Capital Group New Perspective Fund (LUX) Class Z Accumulation,,https://www.direct.aviva.co.uk/wealth/FundChoice/SelfSelectFundsList/FundDetails/BYSR077/SelfSelectFund
1121,Capital Group New Perspective Fund (LUX) Class Zd Income,,https://www.direct.aviva.co.uk/wealth/FundChoice/SelfSelectFundsList/FundDetails/BYSR0F5/SelfSelectFund
1122,Capital Group New Perspective Fund (LUX) Class Zgd Income,,https://www.direct.aviva.co.uk/wealth/FundChoice/SelfSelectFundsList/FundDetails/BYSR0M2/SelfSelectFund
1123,Capital Group New Perspective Fund (LUX) Class Zh-GBP Accumulation,,https://www.direct.aviva.co.uk/wealth/FundChoice/SelfSelectFundsList/FundDetails/BYSR0T9/SelfSelectFund
1124,Capital Group New Perspective Fund (UK) Class P Acc GBP Accumulation,,https://www.direct.aviva.co.uk/wealth/FundChoice/SelfSelectFundsList/FundDetails/BS3F739/SelfSelectFund
1125,Capital Group New Perspective Fund (UK) Class P Inc GBP Income,,https://www.direct.aviva.co.uk/wealth/FundChoice/SelfSelectFundsList/FundDetails/BS3F740/SelfSelectFund
1126,Capital Group US Corporate Bond (LUX) Class Z Accumulation,,https://www.direct.aviva.co.uk/wealth/FundChoice/SelfSelectFundsList/FundDetails/BD5D9M9/SelfSelectFund
1127,Capital Group US Corporate Bond (LUX) Class Zd Income,,https://www.direct.aviva.co.uk/wealth/FundChoice/SelfSelectFundsList/FundDetails/BD5D9T6/SelfSelectFund
1128,Capital Group US Corporate Bond (LUX) Class Zgd Income,,https://www.direct.aviva.co.uk/wealth/FundChoice/SelfSelectFundsList/FundDetails/BD5DB01/SelfSelectFund
1129,Capital Group US High Yield Fund (LUX) Class Z Accumulation,,https://www.direct.aviva.co.uk/wealth/FundChoice/SelfSelectFundsList/FundDetails/BF0L2M3/SelfSelectFund
1130,Capital Group US High Yield Fund (LUX) Class Zd Income,,https://www.direct.aviva.co.uk/wealth/FundChoice/SelfSelectFundsList/FundDetails/BF0L2T0/SelfSelectFund
1131,Capital Group US High Yield Fund (LUX) Class Zgd Income,,https://www.direct.aviva.co.uk/wealth/FundChoice/SelfSelectFundsList/FundDetails/BF0L2Z6/SelfSelectFund
1132,Capital Group World Dividend Growers (LUX) Class Z Accumulation,,https://www.direct.aviva.co.uk/wealth/FundChoice/SelfSelectFundsList/FundDetails/BBH7ZN8/SelfSelectFund
1133,Capital Group World Dividend Growers (LUX) Class Zd Income,,https://www.direct.aviva.co.uk/wealth/FundChoice/SelfSelectFundsList/FundDetails/BBH7ZS3/SelfSelectFund
1134,Carmignac Carmignac Portfolio Asia Discovery Class FW GBP Acc Accumulation,,https://www.direct.aviva.co.uk/wealth/FundChoice/SelfSelectFundsList/FundDetails/BGP6SY4/SelfSelectFund
1135,Carmignac Carmignac Portfolio Emergents Class FW GBP Acc Accumulation,,https://www.direct.aviva.co.uk/wealth/FundChoice/SelfSelectFundsList/FundDetails/BGP6SV1/SelfSelectFund
1136,Carmignac Carmignac Portfolio Global Bond Class FW GBP Acc Accumulation,,https://www.direct.aviva.co.uk/wealth/FundChoice/SelfSelectFundsList/FundDetails/BGP6T63/SelfSelectFund
1137,Carmignac Carmignac Portfolio Global Bond Class FW GBP Acc Hdg Accumulation,,https://www.direct.aviva.co.uk/wealth/FundChoice/SelfSelectFundsList/FundDetails/B46K5H3/SelfSelectFund
1138,Carmignac Carmignac Portfolio Grande Europe Class FW GBP Acc Accumulation,,https://www.direct.aviva.co.uk/wealth/FundChoice/SelfSelectFundsList/FundDetails/BMW2PM4/SelfSelectFund
1139,Carmignac Carmignac Portfolio Long Short European Equities Class F Hedged Accumulation,,https://www.direct.aviva.co.uk/wealth/FundChoice/SelfSelectFundsList/FundDetails/BGP6T41/SelfSelectFund
1140,Carmignac Carmignac Portfolio Patrimoine Class F Hedged Accumulation,,https://www.direct.aviva.co.uk/wealth/FundChoice/SelfSelectFundsList/FundDetails/BGP6TG3/SelfSelectFund
1141,Carne Global Fund Managers CG AJ Bell Adventurous Class I Accumulation,,https://www.direct.aviva.co.uk/wealth/FundChoice/SelfSelectFundsList/FundDetails/BYW8VG2/SelfSelectFund
1142,Carne Global Fund Managers CG AJ Bell Adventurous Class I Income,,https://www.direct.aviva.co.uk/wealth/FundChoice/SelfSelectFundsList/FundDetails/BYW8T68/SelfSelectFund
1143,Carne Global Fund Managers CG AJ Bell Balanced Class I Accumulation,,https://www.direct.aviva.co.uk/wealth/FundChoice/SelfSelectFundsList/FundDetails/BYW8RX1/SelfSelectFund
1144,Carne Global Fund Managers CG AJ Bell Cautious Class I Accumulation,,https://www.direct.aviva.co.uk/wealth/FundChoice/SelfSelectFundsList/FundDetails/BYW8RV9/SelfSelectFund
1145,Carne Global Fund Managers CG AJ Bell Global Growth Class I Accumulation,,https://www.direct.aviva.co.uk/wealth/FundChoice/SelfSelectFundsList/FundDetails/BD833W4/SelfSelectFund
1146,Carne Global Fund Managers CG AJ Bell Income & Growth Class I Accumulation,,https://www.direct.aviva.co.uk/wealth/FundChoice/SelfSelectFundsList/FundDetails/BH3W788/SelfSelectFund
1147,Carne Global Fund Managers CG AJ Bell Income & Growth Class I Income,,https://www.direct.aviva.co.uk/wealth/FundChoice/SelfSelectFundsList/FundDetails/BH3W799/SelfSelectFund
1148,Carne Global Fund Managers CG AJ Bell Income Class I Accumulation,,https://www.direct.aviva.co.uk/wealth/FundChoice/SelfSelectFundsList/FundDetails/BH3W744/SelfSelectFund
1149,Carne Global Fund Managers CG AJ Bell Income Class I Income,,https://www.direct.aviva.co.uk/wealth/FundChoice/SelfSelectFundsList/FundDetails/BH3W755/SelfSelectFund
1150,Carne Global Fund Managers CG AJ Bell Moderately Adventurous Class I Accumulation,,https://www.direct.aviva.co.uk/wealth/FundChoice/SelfSelectFundsList/FundDetails/BYW8VL7/SelfSelectFund
1151,Carne Global Fund Managers CG AJ Bell Moderately Adventurous Class I Income,,https://www.direct.aviva.co.uk/wealth/FundChoice/SelfSelectFundsList/FundDetails/BYW8VK6/SelfSelectFund
1152,Carne Global Fund Managers CG AJ Bell Moderately Cautious Class I Accumulation,,https://www.direct.aviva.co.uk/wealth/FundChoice/SelfSelectFundsList/FundDetails/BYW8VJ5/SelfSelectFund
1153,Carne Global Fund Managers CG AJ Bell Responsible Screened Growth Class I Accumulation,,https://www.direct.aviva.co.uk/wealth/FundChoice/SelfSelectFundsList/FundDetails/BN0S2V9/SelfSelectFund
1154,Carne Global Fund Managers CG AJ Bell Responsible Screened Growth Class I Income,,https://www.direct.aviva.co.uk/wealth/FundChoice/SelfSelectFundsList/FundDetails/BN0S2W0/SelfSelectFund
1155,Carne Global Fund Managers CG Morningstar Multi Asset 20 Fund Class A Accumulation,,https://www.direct.aviva.co.uk/wealth/FundChoice/SelfSelectFundsList/FundDetails/BMXV7R9/SelfSelectFund
1156,Carne Global Fund Managers CG Morningstar Multi Asset 40 Fund Class A Accumulation,,https://www.direct.aviva.co.uk/wealth/FundChoice/SelfSelectFundsList/FundDetails/BMC7109/SelfSelectFund
1157,Carne Global Fund Managers CG Morningstar Multi Asset 60 Fund Class A Accumulation,,https://www.direct.aviva.co.uk/wealth/FundChoice/SelfSelectFundsList/FundDetails/BMC72V7/SelfSelectFund
1158,Carne Global Fund Managers CG Morningstar Multi Asset 80 Fund Class A Accumulation,,https://www.direct.aviva.co.uk/wealth/FundChoice/SelfSelectFundsList/FundDetails/BMC72X9/SelfSelectFund
1159,Carne Global Fund Managers CG River Road US Large Cap Select Fund Class I Accumulation,,https://www.direct.aviva.co.uk/wealth/FundChoice/SelfSelectFundsList/FundDetails/BMVFK18/SelfSelectFund
1160,Castlefield TM Castlefield Risk Managed Fund General Income,,https://www.direct.aviva.co.uk/wealth/FundChoice/SelfSelectFundsList/FundDetails/B12V148/SelfSelectFund
1161,Castlefield TM Castlefield Thoughtful Cautious Portfolio Fund G Income,,https://www.direct.aviva.co.uk/wealth/FundChoice/SelfSelectFundsList/FundDetails/BM97MN2/SelfSelectFund
1162,Castlefield TM Castlefield Thoughtful Growth Portfolio Fund G Income,,https://www.direct.aviva.co.uk/wealth/FundChoice/SelfSelectFundsList/FundDetails/BYXG3H0/SelfSelectFund
1163,Castlefield TM Castlefield Thoughtful UK Smaller Companies Fund G Income,,https://www.direct.aviva.co.uk/wealth/FundChoice/SelfSelectFundsList/FundDetails/B1XQNH9/SelfSelectFund
1164,Castlefield TM Castlefield Thoughtful World Equity Fund G Income,,https://www.direct.aviva.co.uk/wealth/FundChoice/SelfSelectFundsList/FundDetails/BF4VR35/SelfSelectFund
1165,Causeway Securities Dynamic Growth Class C Income,,https://www.direct.aviva.co.uk/wealth/FundChoice/SelfSelectFundsList/FundDetails/BMH57T9/SelfSelectFund
1166,Cerno Capital TM Cerno Global Leaders Class A Accumulation,,https://www.direct.aviva.co.uk/wealth/FundChoice/SelfSelectFundsList/FundDetails/BF00QK6/SelfSelectFund
1167,Cerno Capital TM Cerno Global Leaders Class A Income,,https://www.direct.aviva.co.uk/wealth/FundChoice/SelfSelectFundsList/FundDetails/BF00QJ5/SelfSelectFund
1168,Cerno Capital TM Cerno Pacific Class B Accumulation,,https://www.direct.aviva.co.uk/wealth/FundChoice/SelfSelectFundsList/FundDetails/BDCJB13/SelfSelectFund
1169,Cerno Capital TM Cerno Pacific Class B Income,,https://www.direct.aviva.co.uk/wealth/FundChoice/SelfSelectFundsList/FundDetails/BDCJB02/SelfSelectFund
1170,Cerno Capital TM Cerno Select Class C Accumulation,,https://www.direct.aviva.co.uk/wealth/FundChoice/SelfSelectFundsList/FundDetails/BCZXTP5/SelfSelectFund
1171,Cerno Capital TM Cerno Select Class C Income,,https://www.direct.aviva.co.uk/wealth/FundChoice/SelfSelectFundsList/FundDetails/BCZXTN3/SelfSelectFund
1172,Cerno Capital TM Mellifera Managed Fund Class B Income,,https://www.direct.aviva.co.uk/wealth/FundChoice/SelfSelectFundsList/FundDetails/B87SVX2/SelfSelectFund
1173,Chikara Chikara Indian Subcontinent Class I GBP Accumulation,,https://www.direct.aviva.co.uk/wealth/FundChoice/SelfSelectFundsList/FundDetails/BG7PPG0/SelfSelectFund
1174,Chikara Chikara Japan Income & Growth GBP Unhedged Inc Income,,https://www.direct.aviva.co.uk/wealth/FundChoice/SelfSelectFundsList/FundDetails/BKDSTW5/SelfSelectFund
1175,Chikara Chikara Japan Income & Growth Income Class GBP Income,,https://www.direct.aviva.co.uk/wealth/FundChoice/SelfSelectFundsList/FundDetails/B8B2R10/SelfSelectFund
1176,Cohen & Steers Cohen & Steers SICAV Diversified Real Assets Class F (Hedged) Accumulation,,https://www.direct.aviva.co.uk/wealth/FundChoice/SelfSelectFundsList/FundDetails/BNSNZY0/SelfSelectFund
1177,Cohen & Steers Cohen & Steers SICAV Diversified Real Assets Class F Accumulation,,https://www.direct.aviva.co.uk/wealth/FundChoice/SelfSelectFundsList/FundDetails/BD5TQG0/SelfSelectFund
1178,Cohen & Steers Cohen & Steers SICAV Diversified Real Assets Class W (Hedged) Accumulation,,https://www.direct.aviva.co.uk/wealth/FundChoice/SelfSelectFundsList/FundDetails/BN7DVN2/SelfSelectFund
1179,Cohen & Steers Cohen & Steers SICAV Diversified Real Assets Class W Accumulation,,https://www.direct.aviva.co.uk/wealth/FundChoice/SelfSelectFundsList/FundDetails/BN7DVM1/SelfSelectFund
1180,Cohen & Steers Cohen & Steers SICAV European Real Estate Securities Class F GBP (Hedged) Accumulation,,https://www.direct.aviva.co.uk/wealth/FundChoice/SelfSelectFundsList/FundDetails/BMWPPL2/SelfSelectFund
1181,Cohen & Steers Cohen & Steers SICAV European Real Estate Securities Class F GBP Accumulation,,https://www.direct.aviva.co.uk/wealth/FundChoice/SelfSelectFundsList/FundDetails/BMWPPN4/SelfSelectFund
1182,Cohen & Steers Cohen & Steers SICAV Global Listed Infrastructure Class F GBP Income,,https://www.direct.aviva.co.uk/wealth/FundChoice/SelfSelectFundsList/FundDetails/BDVK3Y4/SelfSelectFund
1183,Cohen & Steers Cohen & Steers SICAV Global Real Estate Securities Class W Accumulation,,https://www.direct.aviva.co.uk/wealth/FundChoice/SelfSelectFundsList/FundDetails/BQD35N5/SelfSelectFund
1184,Cohen & Steers Cohen & Steers SICAV Global Real Estate Securities Class W Income,,https://www.direct.aviva.co.uk/wealth/FundChoice/SelfSelectFundsList/FundDetails/BQD35P7/SelfSelectFund
1185,Cohen & Steers Cohen & Steers SICAV Preferred Income Class W GBP (Hedged) Accumulation,,https://www.direct.aviva.co.uk/wealth/FundChoice/SelfSelectFundsList/FundDetails/BMWPPZ6/SelfSelectFund
1186,Colchester Global Investors The Colchester Global Bond Fund Class I Hedged Accumulation,,https://www.direct.aviva.co.uk/wealth/FundChoice/SelfSelectFundsList/FundDetails/BQZJ1Z5/SelfSelectFund
1187,Colchester Global Investors The Colchester Global Bond Fund Class I Unhedged Accumulation,,https://www.direct.aviva.co.uk/wealth/FundChoice/SelfSelectFundsList/FundDetails/BK6S3F3/SelfSelectFund
1188,Colchester Global Investors The Colchester Global Bond Fund Class I Unhedged Income,,https://www.direct.aviva.co.uk/wealth/FundChoice/SelfSelectFundsList/FundDetails/BYVNZ77/SelfSelectFund
1189,Colchester Global Investors The Colchester Global Bond Fund Class R Hedged Income,,https://www.direct.aviva.co.uk/wealth/FundChoice/SelfSelectFundsList/FundDetails/BP68J49/SelfSelectFund
1190,Colchester Global Investors The Colchester Global Real Return Bond Fund Class I Hedged Accumulation,,https://www.direct.aviva.co.uk/wealth/FundChoice/SelfSelectFundsList/FundDetails/BQZJ0Y7/SelfSelectFund
1191,Colchester Global Investors The Colchester Global Real Return Bond Fund Class I Unhedged Accumulation,,https://www.direct.aviva.co.uk/wealth/FundChoice/SelfSelectFundsList/FundDetails/BQZJ122/SelfSelectFund
1192,Colchester Global Investors The Colchester Local Markets Bond Fund Class I Hedged Income,,https://www.direct.aviva.co.uk/wealth/FundChoice/SelfSelectFundsList/FundDetails/BDZD4T1/SelfSelectFund
1193,Colchester Global Investors The Colchester Local Markets Bond Fund Class I Unhedged Accumulation,,https://www.direct.aviva.co.uk/wealth/FundChoice/SelfSelectFundsList/FundDetails/BGSXT16/SelfSelectFund
1194,Colchester Global Investors The Colchester Local Markets Bond Fund Class I Unhedged Income,,https://www.direct.aviva.co.uk/wealth/FundChoice/SelfSelectFundsList/FundDetails/BHXDCX1/SelfSelectFund
1195,Comgest Comgest Growth America GBP U Acc Class Accumulation,,https://www.direct.aviva.co.uk/wealth/FundChoice/SelfSelectFundsList/FundDetails/BGPZCP0/SelfSelectFund
1196,Comgest Comgest Growth China GBP U Acc Class Accumulation,,https://www.direct.aviva.co.uk/wealth/FundChoice/SelfSelectFundsList/FundDetails/BFM4NV6/SelfSelectFund
1197,Comgest Comgest Growth Emerging Markets GBP I Acc Class Accumulation,,https://www.direct.aviva.co.uk/wealth/FundChoice/SelfSelectFundsList/FundDetails/B40MC74/SelfSelectFund
1198,Comgest Comgest Growth Emerging Markets Plus GBP U Acc Class Accumulation,,https://www.direct.aviva.co.uk/wealth/FundChoice/SelfSelectFundsList/FundDetails/BK5X3L5/SelfSelectFund
1199,Comgest Comgest Growth Europe Ex UK Compounders GBP SEA ACC Class Accumulation,,https://www.direct.aviva.co.uk/wealth/FundChoice/SelfSelectFundsList/FundDetails/0YJB4ZN/SelfSelectFund
1200,Comgest Comgest Growth Europe Ex UK GBP SU Acc Class Accumulation,,https://www.direct.aviva.co.uk/wealth/FundChoice/SelfSelectFundsList/FundDetails/BQ1YBM1/SelfSelectFund
1201,Comgest Comgest Growth Europe Ex UK GBP SU Dis Class Income,,https://www.direct.aviva.co.uk/wealth/FundChoice/SelfSelectFundsList/FundDetails/BK5X4B2/SelfSelectFund
1202,Comgest Comgest Growth Europe Ex UK GBP SU H Acc Class Accumulation,,https://www.direct.aviva.co.uk/wealth/FundChoice/SelfSelectFundsList/FundDetails/BRTM4M5/SelfSelectFund
1203,Comgest Comgest Growth Europe Ex UK GBP U Acc Class Accumulation,,https://www.direct.aviva.co.uk/wealth/FundChoice/SelfSelectFundsList/FundDetails/BQ1YBN2/SelfSelectFund
1204,Comgest Comgest Growth Europe GBP U Acc Class Accumulation,,https://www.direct.aviva.co.uk/wealth/FundChoice/SelfSelectFundsList/FundDetails/BK5X478/SelfSelectFund
1205,Comgest Comgest Growth Europe Opportunities GBP U Acc Class Accumulation,,https://www.direct.aviva.co.uk/wealth/FundChoice/SelfSelectFundsList/FundDetails/BFM4QM8/SelfSelectFund
1206,Comgest Comgest Growth Europe Smaller Companies GBP U Acc Class Accumulation,,https://www.direct.aviva.co.uk/wealth/FundChoice/SelfSelectFundsList/FundDetails/BFM4QV7/SelfSelectFund
1207,Comgest Comgest Growth Global GBP U Acc Class Accumulation,,https://www.direct.aviva.co.uk/wealth/FundChoice/SelfSelectFundsList/FundDetails/BYYLQ53/SelfSelectFund
1208,Comgest Comgest Growth Global GBP U Dis Class Income,,https://www.direct.aviva.co.uk/wealth/FundChoice/SelfSelectFundsList/FundDetails/BK5X4K1/SelfSelectFund
1209,Comgest Comgest Growth Japan GBP I Acc Class Accumulation,,https://www.direct.aviva.co.uk/wealth/FundChoice/SelfSelectFundsList/FundDetails/BYYLQ19/SelfSelectFund
1210,Courtiers Ethical Value Equity Class R Accumulation,,https://www.direct.aviva.co.uk/wealth/FundChoice/SelfSelectFundsList/FundDetails/BNG93X5/SelfSelectFund
1211,Courtiers Global (Ex UK) Equity Income Class R Accumulation,,https://www.direct.aviva.co.uk/wealth/FundChoice/SelfSelectFundsList/FundDetails/BYXVV60/SelfSelectFund
1212,Courtiers Investment Grade Bond Class R Accumulation,,https://www.direct.aviva.co.uk/wealth/FundChoice/SelfSelectFundsList/FundDetails/BYXVV71/SelfSelectFund
1213,Courtiers Total Return Balanced Risk Accumulation,,https://www.direct.aviva.co.uk/wealth/FundChoice/SelfSelectFundsList/FundDetails/B1P2K63/SelfSelectFund
1214,Courtiers Total Return Cautious Risk Accumulation,,https://www.direct.aviva.co.uk/wealth/FundChoice/SelfSelectFundsList/FundDetails/B1P2K41/SelfSelectFund
1215,Courtiers Total Return Growth Accumulation,,https://www.direct.aviva.co.uk/wealth/FundChoice/SelfSelectFundsList/FundDetails/B1P2K85/SelfSelectFund
1216,Courtiers UK Equity Income Class R Accumulation,,https://www.direct.aviva.co.uk/wealth/FundChoice/SelfSelectFundsList/FundDetails/BYXVV59/SelfSelectFund
1217,Credo Credo Dynamic Class A Accumulation,,https://www.direct.aviva.co.uk/wealth/FundChoice/SelfSelectFundsList/FundDetails/BDFZR65/SelfSelectFund
1218,Credo Credo Global Equity Class A Accumulation,,https://www.direct.aviva.co.uk/wealth/FundChoice/SelfSelectFundsList/FundDetails/BDFZR87/SelfSelectFund
1219,DMS DMS Stirling House Balanced Fund Class R Accumulation,,https://www.direct.aviva.co.uk/wealth/FundChoice/SelfSelectFundsList/FundDetails/B99R167/SelfSelectFund
1220,DMS DMS Stirling House Balanced Fund Class R Income,,https://www.direct.aviva.co.uk/wealth/FundChoice/SelfSelectFundsList/FundDetails/B99R178/SelfSelectFund
1221,DMS DMS Stirling House Dynamic Fund Class R Accumulation,,https://www.direct.aviva.co.uk/wealth/FundChoice/SelfSelectFundsList/FundDetails/B99R189/SelfSelectFund
1222,DMS DMS Stirling House Growth Fund Accumulation,,https://www.direct.aviva.co.uk/wealth/FundChoice/SelfSelectFundsList/FundDetails/B99R145/SelfSelectFund
1223,DMS DMS Stirling House Growth Fund Income,,https://www.direct.aviva.co.uk/wealth/FundChoice/SelfSelectFundsList/FundDetails/B99R156/SelfSelectFund
1224,Dimensional Emerging Markets Core Equity Lower Carbon ESG Screened GBP Accumulation Shares Accumulation,,https://www.direct.aviva.co.uk/wealth/FundChoice/SelfSelectFundsList/FundDetails/BLCGQW6/SelfSelectFund
1225,Dimensional Emerging Markets Core Equity Lower Carbon ESG Screened GBP Distributing Shares Income,,https://www.direct.aviva.co.uk/wealth/FundChoice/SelfSelectFundsList/FundDetails/BLCGQX7/SelfSelectFund
1226,Dimensional European Value GBP Accumulation Shares Accumulation,,https://www.direct.aviva.co.uk/wealth/FundChoice/SelfSelectFundsList/FundDetails/B1W6CY0/SelfSelectFund
1227,Dimensional Global Core Equity GBP Accumulation Shares Accumulation,,https://www.direct.aviva.co.uk/wealth/FundChoice/SelfSelectFundsList/FundDetails/B2PC048/SelfSelectFund
1228,Dimensional Global Core Fixed Income GBP Accumulation Shares Accumulation,,https://www.direct.aviva.co.uk/wealth/FundChoice/SelfSelectFundsList/FundDetails/BG85LL6/SelfSelectFund
1229,Dimensional Global Short Fixed Income Lower Carbon ESG Screened GBP Accumulation Accumulation,,https://www.direct.aviva.co.uk/wealth/FundChoice/SelfSelectFundsList/FundDetails/BNKL9M8/SelfSelectFund
1230,Dimensional Global Targeted Value GBP Accumulation Shares Accumulation,,https://www.direct.aviva.co.uk/wealth/FundChoice/SelfSelectFundsList/FundDetails/B2PC093/SelfSelectFund
1231,Dimensional Global Targeted Value Lower Carbon ESG Screened GBP Accumulation Shares Accumulation,,https://www.direct.aviva.co.uk/wealth/FundChoice/SelfSelectFundsList/FundDetails/BQQ8LB7/SelfSelectFund
1232,Dimensional Global Value GBP Accumulation Shares Accumulation,,https://www.direct.aviva.co.uk/wealth/FundChoice/SelfSelectFundsList/FundDetails/B3NVPH2/SelfSelectFund
1233,Dimensional International Core Equity GBP Accumulation Shares Accumulation,,https://www.direct.aviva.co.uk/wealth/FundChoice/SelfSelectFundsList/FundDetails/B23YLH6/SelfSelectFund
1234,Dimensional International Value GBP Accumulation Shares Accumulation,,https://www.direct.aviva.co.uk/wealth/FundChoice/SelfSelectFundsList/FundDetails/3377228/SelfSelectFund
1235,Dimensional US Small Companies GBP Accumulation Shares Accumulation,,https://www.direct.aviva.co.uk/wealth/FundChoice/SelfSelectFundsList/FundDetails/B0701B0/SelfSelectFund
1236,Dimensional World Allocation 40/60 GBP Accumulation Shares Accumulation,,https://www.direct.aviva.co.uk/wealth/FundChoice/SelfSelectFundsList/FundDetails/B56FVB1/SelfSelectFund
1237,Dimensional World Allocation 40/60 GBP Distributing Shares Income,,https://www.direct.aviva.co.uk/wealth/FundChoice/SelfSelectFundsList/FundDetails/B5KL2L2/SelfSelectFund
1238,Dimensional World Allocation 60/40 GBP Accumulation Shares Accumulation,,https://www.direct.aviva.co.uk/wealth/FundChoice/SelfSelectFundsList/FundDetails/B416SD3/SelfSelectFund
1239,Dimensional World Allocation 80/20 GBP Accumulation Shares Accumulation,,https://www.direct.aviva.co.uk/wealth/FundChoice/SelfSelectFundsList/FundDetails/BYTYV18/SelfSelectFund
1240,Dimensional World Equity GBP Accumulation Shares Accumulation,,https://www.direct.aviva.co.uk/wealth/FundChoice/SelfSelectFundsList/FundDetails/B3Z8MM5/SelfSelectFund
1241,Dimensional World Equity Lower Carbon ESG Screened GBP Accumulation Accumulation,,https://www.direct.aviva.co.uk/wealth/FundChoice/SelfSelectFundsList/FundDetails/BQ5J6K5/SelfSelectFund
1242,Dimensional World Equity Lower Carbon ESG Screened GBP Distributing Income,,https://www.direct.aviva.co.uk/wealth/FundChoice/SelfSelectFundsList/FundDetails/BQ5J6L6/SelfSelectFund
1243,Dodge & Cox Worldwide Funds Plc Dodge & Cox Worldwide Funds plc - Global Bond Fund GBP Distributing Class (H) Income,,https://www.direct.aviva.co.uk/wealth/FundChoice/SelfSelectFundsList/FundDetails/BLG2YK4/SelfSelectFund
1244,Dodge & Cox Worldwide Funds Plc Dodge & Cox Worldwide Funds plc - Global Bond Fund GBP Distributing Class Income,,https://www.direct.aviva.co.uk/wealth/FundChoice/SelfSelectFundsList/FundDetails/B556C01/SelfSelectFund
1245,Dodge & Cox Worldwide Funds Plc Dodge & Cox Worldwide Funds plc - Global Stock Fund GBP Accumulating Class Accumulation,,https://www.direct.aviva.co.uk/wealth/FundChoice/SelfSelectFundsList/FundDetails/B54J687/SelfSelectFund
1246,Dodge & Cox Worldwide Funds Plc Dodge & Cox Worldwide Funds plc - Global Stock Fund GBP Distributing Class (H) Income,,https://www.direct.aviva.co.uk/wealth/FundChoice/SelfSelectFundsList/FundDetails/BYVQ3H2/SelfSelectFund
1247,Dodge & Cox Worldwide Funds Plc Dodge & Cox Worldwide Funds plc - Global Stock Fund GBP Distributing Class Income,,https://www.direct.aviva.co.uk/wealth/FundChoice/SelfSelectFundsList/FundDetails/B54PSJ0/SelfSelectFund
1248,Dodge & Cox Worldwide Funds Plc Dodge & Cox Worldwide Funds plc - U.S. Stock Fund GBP Accumulating Class Accumulation,,https://www.direct.aviva.co.uk/wealth/FundChoice/SelfSelectFundsList/FundDetails/B50M4X1/SelfSelectFund
1249,Dodge & Cox Worldwide Funds Plc Dodge & Cox Worldwide Funds plc - U.S. Stock Fund GBP Distributing Class (H) Income,,https://www.direct.aviva.co.uk/wealth/FundChoice/SelfSelectFundsList/FundDetails/BYVQ3J4/SelfSelectFund
1250,Dodge & Cox Worldwide Funds Plc Dodge & Cox Worldwide Funds plc - U.S. Stock Fund GBP Distributing Class Income,,https://www.direct.aviva.co.uk/wealth/FundChoice/SelfSelectFundsList/FundDetails/B51BJD2/SelfSelectFund
1251,Dowgate Wealth Limited SVS Dowgate Cape Wrath Focus Class A Accumulation,,https://www.direct.aviva.co.uk/wealth/FundChoice/SelfSelectFundsList/FundDetails/BYQLQR3/SelfSelectFund
1252,Dowgate Wealth Limited SVS Dowgate Cape Wrath Focus Class B Accumulation,,https://www.direct.aviva.co.uk/wealth/FundChoice/SelfSelectFundsList/FundDetails/BYQLQV7/SelfSelectFund
1253,Dowgate Wealth Limited SVS Dowgate Cape Wrath Focus Class B Income,,https://www.direct.aviva.co.uk/wealth/FundChoice/SelfSelectFundsList/FundDetails/BS6WQM9/SelfSelectFund
1254,Downing LLP VT Downing Unique Opportunities - MERGED Class A Accumulation,,https://www.direct.aviva.co.uk/wealth/FundChoice/SelfSelectFundsList/FundDetails/BHNC261/SelfSelectFund
1255,Downing LLP VT Downing Unique Opportunities - MERGED Class A Income,,https://www.direct.aviva.co.uk/wealth/FundChoice/SelfSelectFundsList/FundDetails/BHNC272/SelfSelectFund
1256,EPFL MM Endurance Balanced Class B Income,,https://www.direct.aviva.co.uk/wealth/FundChoice/SelfSelectFundsList/FundDetails/B43LJX3/SelfSelectFund
1257,EPFL MM Global Investment Class B Income,,https://www.direct.aviva.co.uk/wealth/FundChoice/SelfSelectFundsList/FundDetails/B89C3K3/SelfSelectFund
1258,EPFL SVS Baker Steel Electrum Class B Accumulation,,https://www.direct.aviva.co.uk/wealth/FundChoice/SelfSelectFundsList/FundDetails/BPJGV00/SelfSelectFund
1259,EPFL SVS Baker Steel Gold & Precious Metals Fund Class B Accumulation,,https://www.direct.aviva.co.uk/wealth/FundChoice/SelfSelectFundsList/FundDetails/BNGMZG1/SelfSelectFund
1260,EPFL SVS Brooks Macdonald Blueprint Balanced A Accumulation,,https://www.direct.aviva.co.uk/wealth/FundChoice/SelfSelectFundsList/FundDetails/B054QF3/SelfSelectFund
1261,EPFL SVS Brooks Macdonald Blueprint Cautious Growth A Accumulation,,https://www.direct.aviva.co.uk/wealth/FundChoice/SelfSelectFundsList/FundDetails/B5T81S4/SelfSelectFund
1262,EPFL SVS Brooks Macdonald Blueprint Cautious Growth A Income,,https://www.direct.aviva.co.uk/wealth/FundChoice/SelfSelectFundsList/FundDetails/B054QH5/SelfSelectFund
1263,EPFL SVS Brooks Macdonald Blueprint Defensive Income A Income,,https://www.direct.aviva.co.uk/wealth/FundChoice/SelfSelectFundsList/FundDetails/B054QL9/SelfSelectFund
1264,EPFL SVS Brooks Macdonald Blueprint Strategic Growth Class A Accumulation,,https://www.direct.aviva.co.uk/wealth/FundChoice/SelfSelectFundsList/FundDetails/BDX8Y87/SelfSelectFund
1265,EPFL SVS Cornelian Cautious Class D Accumulation,,https://www.direct.aviva.co.uk/wealth/FundChoice/SelfSelectFundsList/FundDetails/B3WCDF0/SelfSelectFund
1266,EPFL SVS Cornelian Cautious Class D Income,,https://www.direct.aviva.co.uk/wealth/FundChoice/SelfSelectFundsList/FundDetails/B3XLXY5/SelfSelectFund
1267,EPFL SVS Cornelian Cautious RMP Class G Accumulation,,https://www.direct.aviva.co.uk/wealth/FundChoice/SelfSelectFundsList/FundDetails/BD73013/SelfSelectFund
1268,EPFL SVS Cornelian Cautious RMP Class G Income,,https://www.direct.aviva.co.uk/wealth/FundChoice/SelfSelectFundsList/FundDetails/BD6FSN8/SelfSelectFund
1269,EPFL SVS Cornelian Defensive Class D Accumulation,,https://www.direct.aviva.co.uk/wealth/FundChoice/SelfSelectFundsList/FundDetails/B5N17T2/SelfSelectFund
1270,EPFL SVS Cornelian Defensive Class D Income,,https://www.direct.aviva.co.uk/wealth/FundChoice/SelfSelectFundsList/FundDetails/B5L3SC0/SelfSelectFund
1271,EPFL SVS Cornelian Defensive RMP Class G Accumulation,,https://www.direct.aviva.co.uk/wealth/FundChoice/SelfSelectFundsList/FundDetails/BD72ZR1/SelfSelectFund
1272,EPFL SVS Cornelian Defensive RMP Class G Income,,https://www.direct.aviva.co.uk/wealth/FundChoice/SelfSelectFundsList/FundDetails/BD6FSJ4/SelfSelectFund
1273,EPFL SVS Cornelian Growth Class D Accumulation,,https://www.direct.aviva.co.uk/wealth/FundChoice/SelfSelectFundsList/FundDetails/B3RMNL1/SelfSelectFund
1274,EPFL SVS Cornelian Growth Class D Income,,https://www.direct.aviva.co.uk/wealth/FundChoice/SelfSelectFundsList/FundDetails/B68Y9S6/SelfSelectFund
1275,EPFL SVS Cornelian Growth RMP Class G Accumulation,,https://www.direct.aviva.co.uk/wealth/FundChoice/SelfSelectFundsList/FundDetails/BD73046/SelfSelectFund
1276,EPFL SVS Cornelian Growth RMP Class G Income,,https://www.direct.aviva.co.uk/wealth/FundChoice/SelfSelectFundsList/FundDetails/BD6FSP0/SelfSelectFund
1277,EPFL SVS Cornelian Managed Growth Class D Accumulation,,https://www.direct.aviva.co.uk/wealth/FundChoice/SelfSelectFundsList/FundDetails/B3KXCP8/SelfSelectFund
1278,EPFL SVS Cornelian Managed Growth Class D Income,,https://www.direct.aviva.co.uk/wealth/FundChoice/SelfSelectFundsList/FundDetails/B3N1367/SelfSelectFund
1279,EPFL SVS Cornelian Managed Growth RMP Class G Accumulation,,https://www.direct.aviva.co.uk/wealth/FundChoice/SelfSelectFundsList/FundDetails/BD72ZY8/SelfSelectFund
1280,EPFL SVS Cornelian Managed Growth RMP Class G Income,,https://www.direct.aviva.co.uk/wealth/FundChoice/SelfSelectFundsList/FundDetails/BD6FSM7/SelfSelectFund
1281,EPFL SVS Cornelian Managed Income Class D Accumulation,,https://www.direct.aviva.co.uk/wealth/FundChoice/SelfSelectFundsList/FundDetails/BVL87L9/SelfSelectFund
1282,EPFL SVS Cornelian Managed Income Class D Income,,https://www.direct.aviva.co.uk/wealth/FundChoice/SelfSelectFundsList/FundDetails/BV9GGB8/SelfSelectFund
1283,EPFL SVS Cornelian Progressive Class D Accumulation,,https://www.direct.aviva.co.uk/wealth/FundChoice/SelfSelectFundsList/FundDetails/B5LY209/SelfSelectFund
1284,EPFL SVS Cornelian Progressive Class D Income,,https://www.direct.aviva.co.uk/wealth/FundChoice/SelfSelectFundsList/FundDetails/B5Q8N58/SelfSelectFund
1285,EPFL SVS Cornelian Progressive RMP Class G Accumulation,,https://www.direct.aviva.co.uk/wealth/FundChoice/SelfSelectFundsList/FundDetails/BD72ZV5/SelfSelectFund
1286,EPFL SVS Cornelian Progressive RMP Class G Income,,https://www.direct.aviva.co.uk/wealth/FundChoice/SelfSelectFundsList/FundDetails/BD6FSK5/SelfSelectFund
1287,EPFL SVS Landseer European Equity Fund Class B Income,,https://www.direct.aviva.co.uk/wealth/FundChoice/SelfSelectFundsList/FundDetails/B4LLXV1/SelfSelectFund
1288,EPFL SVS Landseer North American Equity Fund Class B Income,,https://www.direct.aviva.co.uk/wealth/FundChoice/SelfSelectFundsList/FundDetails/B40T1C3/SelfSelectFund
1289,EPFL SVS RM Defensive Capital Class A Accumulation,,https://www.direct.aviva.co.uk/wealth/FundChoice/SelfSelectFundsList/FundDetails/BS6WQT6/SelfSelectFund
1290,EPFL SVS RM Defensive Capital Class A Income,,https://www.direct.aviva.co.uk/wealth/FundChoice/SelfSelectFundsList/FundDetails/BS6WQL8/SelfSelectFund
1291,EPFL SVS RM Defensive Capital Class C Accumulation,,https://www.direct.aviva.co.uk/wealth/FundChoice/SelfSelectFundsList/FundDetails/BS6WQW9/SelfSelectFund
1292,EPFL SVS RM Defensive Capital Class C Accumulation,,https://www.direct.aviva.co.uk/wealth/FundChoice/SelfSelectFundsList/FundDetails/BS6WQX0/SelfSelectFund
1293,EPFL SVS RM Infrastructure Bond Class F Accumulation,,https://www.direct.aviva.co.uk/wealth/FundChoice/SelfSelectFundsList/FundDetails/BR103F3/SelfSelectFund
1294,EPFL SVS RM Infrastructure Bond Class F Income,,https://www.direct.aviva.co.uk/wealth/FundChoice/SelfSelectFundsList/FundDetails/BR104D8/SelfSelectFund
1295,EPFL SVS Saltus Adventurous Class Y Income,,https://www.direct.aviva.co.uk/wealth/FundChoice/SelfSelectFundsList/FundDetails/BRRHVH6/SelfSelectFund
1296,EPFL SVS Saltus Fixed Income Class Y Income,,https://www.direct.aviva.co.uk/wealth/FundChoice/SelfSelectFundsList/FundDetails/BS6WVW4/SelfSelectFund
1297,EPFL SVS Saltus Global Equity Class Y Accumulation,,https://www.direct.aviva.co.uk/wealth/FundChoice/SelfSelectFundsList/FundDetails/BRVVPG1/SelfSelectFund
1298,EPFL SVS Saltus Global Equity Class Y Income,,https://www.direct.aviva.co.uk/wealth/FundChoice/SelfSelectFundsList/FundDetails/BS6WV02/SelfSelectFund
1299,EPFL SVS Saltus Growth Assets Class Y Income,,https://www.direct.aviva.co.uk/wealth/FundChoice/SelfSelectFundsList/FundDetails/BS6WVY6/SelfSelectFund
1300,EPFL SVS Saltus Growth Class Y Income,,https://www.direct.aviva.co.uk/wealth/FundChoice/SelfSelectFundsList/FundDetails/BRRHVF4/SelfSelectFund
1301,EPFL SVS Saltus Moderate Class Y Income,,https://www.direct.aviva.co.uk/wealth/FundChoice/SelfSelectFundsList/FundDetails/BRRHVC1/SelfSelectFund
1302,EPFL SVS Saltus Multi Asset Class X Income,,https://www.direct.aviva.co.uk/wealth/FundChoice/SelfSelectFundsList/FundDetails/B6S5RJ6/SelfSelectFund
1303,EPFL SVS Saltus Multi Asset Class Y Income,,https://www.direct.aviva.co.uk/wealth/FundChoice/SelfSelectFundsList/FundDetails/BRRHTM7/SelfSelectFund
1304,EPFL SVS Saltus Real Return Class Y Income,,https://www.direct.aviva.co.uk/wealth/FundChoice/SelfSelectFundsList/FundDetails/BS6WVX5/SelfSelectFund
1305,EPFL SVS Saltus Wealth Class X Income,,https://www.direct.aviva.co.uk/wealth/FundChoice/SelfSelectFundsList/FundDetails/B6RYXB8/SelfSelectFund
1306,EPFL SVS Saltus Wealth Class Y Income,,https://www.direct.aviva.co.uk/wealth/FundChoice/SelfSelectFundsList/FundDetails/BRRHVB0/SelfSelectFund
1307,EdenTree Global Impact Bond Class B Income,,https://www.direct.aviva.co.uk/wealth/FundChoice/SelfSelectFundsList/FundDetails/BP5FBJ0/SelfSelectFund
1308,EdenTree Global Sustainable Government Bond Class B Income,,https://www.direct.aviva.co.uk/wealth/FundChoice/SelfSelectFundsList/FundDetails/BQ3S499/SelfSelectFund
1309,EdenTree Green Future Class B Income,,https://www.direct.aviva.co.uk/wealth/FundChoice/SelfSelectFundsList/FundDetails/BP5FBP6/SelfSelectFund
1310,EdenTree Green Infrastructure Class B Income,,https://www.direct.aviva.co.uk/wealth/FundChoice/SelfSelectFundsList/FundDetails/BNG5Z71/SelfSelectFund
1311,EdenTree Green Infrastructure Class I Accumulation,,https://www.direct.aviva.co.uk/wealth/FundChoice/SelfSelectFundsList/FundDetails/BQMRSF1/SelfSelectFund
1312,EdenTree Short Dated Bond Fund Class B Income,,https://www.direct.aviva.co.uk/wealth/FundChoice/SelfSelectFundsList/FundDetails/BZ012J0/SelfSelectFund
1313,EdenTree Sterling Bond Fund Class B Income,,https://www.direct.aviva.co.uk/wealth/FundChoice/SelfSelectFundsList/FundDetails/B2PF8D2/SelfSelectFund
1314,EdenTree Sustainable European Equity Fund Class B Income,,https://www.direct.aviva.co.uk/wealth/FundChoice/SelfSelectFundsList/FundDetails/0844833/SelfSelectFund
1315,EdenTree Sustainable Global Equity Fund Class B Accumulation,,https://www.direct.aviva.co.uk/wealth/FundChoice/SelfSelectFundsList/FundDetails/BVTDCW2/SelfSelectFund
1316,EdenTree Sustainable Global Equity Fund Class B Income,,https://www.direct.aviva.co.uk/wealth/FundChoice/SelfSelectFundsList/FundDetails/0844907/SelfSelectFund
1317,EdenTree Sustainable Managed Income Class B Income,,https://www.direct.aviva.co.uk/wealth/FundChoice/SelfSelectFundsList/FundDetails/0944971/SelfSelectFund
1318,EdenTree UK Equity Fund Class B Income,,https://www.direct.aviva.co.uk/wealth/FundChoice/SelfSelectFundsList/FundDetails/0937175/SelfSelectFund
1319,EdenTree UK Equity Opportunities Class B Income,,https://www.direct.aviva.co.uk/wealth/FundChoice/SelfSelectFundsList/FundDetails/0844606/SelfSelectFund
1320,Epic Funds Global Equity Class B Accumulation,,https://www.direct.aviva.co.uk/wealth/FundChoice/SelfSelectFundsList/FundDetails/BFNBK71/SelfSelectFund
1321,Evelyn Adventurous Portfolio Clean Accumulation,,https://www.direct.aviva.co.uk/wealth/FundChoice/SelfSelectFundsList/FundDetails/BYX8KW0/SelfSelectFund
1322,Evelyn Adventurous Portfolio Clean Income,,https://www.direct.aviva.co.uk/wealth/FundChoice/SelfSelectFundsList/FundDetails/BYX8KX1/SelfSelectFund
1323,Evelyn Balanced Portfolio Clean Accumulation,,https://www.direct.aviva.co.uk/wealth/FundChoice/SelfSelectFundsList/FundDetails/BFY1NH1/SelfSelectFund
1324,Evelyn Balanced Portfolio Clean Income,,https://www.direct.aviva.co.uk/wealth/FundChoice/SelfSelectFundsList/FundDetails/BFY1NJ3/SelfSelectFund
1325,Evelyn Cautious Portfolio Clean Accumulation,,https://www.direct.aviva.co.uk/wealth/FundChoice/SelfSelectFundsList/FundDetails/BYX8KN1/SelfSelectFund
1326,Evelyn Cautious Portfolio Clean Income,,https://www.direct.aviva.co.uk/wealth/FundChoice/SelfSelectFundsList/FundDetails/BYX8LF0/SelfSelectFund
1327,Evelyn Conservative Portfolio Clean Accumulation,,https://www.direct.aviva.co.uk/wealth/FundChoice/SelfSelectFundsList/FundDetails/BFY1MG3/SelfSelectFund
1328,Evelyn Conservative Portfolio Clean Income,,https://www.direct.aviva.co.uk/wealth/FundChoice/SelfSelectFundsList/FundDetails/BFY1MH4/SelfSelectFund
1329,Evelyn Defensive Growth Class K Income,,https://www.direct.aviva.co.uk/wealth/FundChoice/SelfSelectFundsList/FundDetails/BN48KQ6/SelfSelectFund
1330,Evelyn Defensive Portfolio Clean Accumulation,,https://www.direct.aviva.co.uk/wealth/FundChoice/SelfSelectFundsList/FundDetails/BYX8KL9/SelfSelectFund
1331,Evelyn Defensive Portfolio Clean Income,,https://www.direct.aviva.co.uk/wealth/FundChoice/SelfSelectFundsList/FundDetails/BYX8KM0/SelfSelectFund
1332,Evelyn Growth Portfolio Clean Accumulation,,https://www.direct.aviva.co.uk/wealth/FundChoice/SelfSelectFundsList/FundDetails/BYX8KR5/SelfSelectFund
1333,Evelyn Growth Portfolio Clean Income,,https://www.direct.aviva.co.uk/wealth/FundChoice/SelfSelectFundsList/FundDetails/BYX8KS6/SelfSelectFund
1334,Evelyn Horizon Adventurous Portfolio Clean Accumulation,,https://www.direct.aviva.co.uk/wealth/FundChoice/SelfSelectFundsList/FundDetails/BMYX3Z4/SelfSelectFund
1335,Evelyn Horizon Adventurous Portfolio Clean Income,,https://www.direct.aviva.co.uk/wealth/FundChoice/SelfSelectFundsList/FundDetails/BMYX406/SelfSelectFund
1336,Evelyn Horizon Cautious Portfolio Clean Accumulation,,https://www.direct.aviva.co.uk/wealth/FundChoice/SelfSelectFundsList/FundDetails/BYX8L38/SelfSelectFund
1337,Evelyn Horizon Cautious Portfolio Clean Accumulation,,https://www.direct.aviva.co.uk/wealth/FundChoice/SelfSelectFundsList/FundDetails/BMW2DT7/SelfSelectFund
1338,Evelyn Horizon Cautious Portfolio Clean Accumulation,,https://www.direct.aviva.co.uk/wealth/FundChoice/SelfSelectFundsList/FundDetails/BMW2DS6/SelfSelectFund
1339,Evelyn Horizon Cautious Portfolio Clean Income,,https://www.direct.aviva.co.uk/wealth/FundChoice/SelfSelectFundsList/FundDetails/BYX8L49/SelfSelectFund
1340,Evelyn Income Portfolio Clean Accumulation,,https://www.direct.aviva.co.uk/wealth/FundChoice/SelfSelectFundsList/FundDetails/BFY1N26/SelfSelectFund
1341,Evelyn Income Portfolio Clean Income,,https://www.direct.aviva.co.uk/wealth/FundChoice/SelfSelectFundsList/FundDetails/BFY1N37/SelfSelectFund
1342,Evelyn Maximum Growth Portfolio Clean Accumulation,,https://www.direct.aviva.co.uk/wealth/FundChoice/SelfSelectFundsList/FundDetails/BFY1PL9/SelfSelectFund
1343,Evelyn Maximum Growth Portfolio Clean Income,,https://www.direct.aviva.co.uk/wealth/FundChoice/SelfSelectFundsList/FundDetails/BFY1PM0/SelfSelectFund
1344,Evelyn Multi Asset Adventurous Clean GBP Accumulation,,https://www.direct.aviva.co.uk/wealth/FundChoice/SelfSelectFundsList/FundDetails/BP6T823/SelfSelectFund
1345,Evelyn Multi Asset Adventurous Clean GBP Income,,https://www.direct.aviva.co.uk/wealth/FundChoice/SelfSelectFundsList/FundDetails/BP6T834/SelfSelectFund
1346,Evelyn Multi Asset Balanced Clean GBP Accumulation,,https://www.direct.aviva.co.uk/wealth/FundChoice/SelfSelectFundsList/FundDetails/BP6T867/SelfSelectFund
1347,Evelyn Multi Asset Balanced Clean GBP Income,,https://www.direct.aviva.co.uk/wealth/FundChoice/SelfSelectFundsList/FundDetails/BP6T889/SelfSelectFund
1348,Evelyn Multi Asset Growth Clean GBP Accumulation,,https://www.direct.aviva.co.uk/wealth/FundChoice/SelfSelectFundsList/FundDetails/BPG7FC6/SelfSelectFund
1349,Evelyn Multi Asset Growth Clean GBP Income,,https://www.direct.aviva.co.uk/wealth/FundChoice/SelfSelectFundsList/FundDetails/BPG7FD7/SelfSelectFund
1350,Evelyn Multi Asset Maximum Growth Clean GBP Accumulation,,https://www.direct.aviva.co.uk/wealth/FundChoice/SelfSelectFundsList/FundDetails/BP6T801/SelfSelectFund
1351,Evelyn Multi Asset Maximum Growth Clean GBP Income,,https://www.direct.aviva.co.uk/wealth/FundChoice/SelfSelectFundsList/FundDetails/BP6T812/SelfSelectFund
1352,FP Apollo Diversified Multi Strategy Fund Class P Accumulation,,https://www.direct.aviva.co.uk/wealth/FundChoice/SelfSelectFundsList/FundDetails/BNYHSC5/SelfSelectFund
1353,FP Apollo Multi Asset Adventurous Class F Accumulation,,https://www.direct.aviva.co.uk/wealth/FundChoice/SelfSelectFundsList/FundDetails/B67BB37/SelfSelectFund
1354,FP Apollo Multi Asset Balanced Class F Accumulation,,https://www.direct.aviva.co.uk/wealth/FundChoice/SelfSelectFundsList/FundDetails/B4T7ZR1/SelfSelectFund
1355,FP Apollo Multi Asset Cautious Class F Accumulation,,https://www.direct.aviva.co.uk/wealth/FundChoice/SelfSelectFundsList/FundDetails/B4TDQD2/SelfSelectFund
1356,FP Carmignac FP Carmignac Emerging Markets Class A Accumulation,,https://www.direct.aviva.co.uk/wealth/FundChoice/SelfSelectFundsList/FundDetails/BK1W2P3/SelfSelectFund
1357,FP Carmignac FP Carmignac European Leaders Class B Accumulation,,https://www.direct.aviva.co.uk/wealth/FundChoice/SelfSelectFundsList/FundDetails/BJHPXB2/SelfSelectFund
1358,FP Carmignac FP Carmignac European Leaders Class B Income,,https://www.direct.aviva.co.uk/wealth/FundChoice/SelfSelectFundsList/FundDetails/BNDQ7P9/SelfSelectFund
1359,FP Carmignac FP Carmignac Global Bond Class A Accumulation,,https://www.direct.aviva.co.uk/wealth/FundChoice/SelfSelectFundsList/FundDetails/BJHPJ03/SelfSelectFund
1360,FP Carmignac FP Carmignac Global Bond Class A Income,,https://www.direct.aviva.co.uk/wealth/FundChoice/SelfSelectFundsList/FundDetails/BJHQ2K7/SelfSelectFund
1361,FP Carmignac FP Carmignac Global Bond Class B Hedged Accumulation,,https://www.direct.aviva.co.uk/wealth/FundChoice/SelfSelectFundsList/FundDetails/BJHPZ50/SelfSelectFund
1362,FP Carmignac FP Carmignac Global Bond Class B Hedged Income,,https://www.direct.aviva.co.uk/wealth/FundChoice/SelfSelectFundsList/FundDetails/BRBXQT7/SelfSelectFund
1363,FP Carmignac FP Carmignac Global Equity Compounders Class B Accumulation,,https://www.direct.aviva.co.uk/wealth/FundChoice/SelfSelectFundsList/FundDetails/BMGLBL8/SelfSelectFund
1364,FP Carmignac FP Carmignac Global Equity Compounders Class B Income,,https://www.direct.aviva.co.uk/wealth/FundChoice/SelfSelectFundsList/FundDetails/BNDQ7Q0/SelfSelectFund
1365,FP Foresight Diversified Real Assets Fund Class A Accumulation,,https://www.direct.aviva.co.uk/wealth/FundChoice/SelfSelectFundsList/FundDetails/BSSDQJ7/SelfSelectFund
1366,FP Foresight Diversified Real Assets Fund Class A Income,,https://www.direct.aviva.co.uk/wealth/FundChoice/SelfSelectFundsList/FundDetails/BSSDV92/SelfSelectFund
1367,FP Foresight Diversified Real Assets Fund Class D Accumulation,,https://www.direct.aviva.co.uk/wealth/FundChoice/SelfSelectFundsList/FundDetails/BSSDVB4/SelfSelectFund
1368,FP Foresight Diversified Real Assets Fund Class D Income,,https://www.direct.aviva.co.uk/wealth/FundChoice/SelfSelectFundsList/FundDetails/BSSDVC5/SelfSelectFund
1369,FP Foresight Global Real Infrastructure Class A Accumulation,,https://www.direct.aviva.co.uk/wealth/FundChoice/SelfSelectFundsList/FundDetails/BK0T9T8/SelfSelectFund
1370,FP Foresight Global Real Infrastructure Class A Income,,https://www.direct.aviva.co.uk/wealth/FundChoice/SelfSelectFundsList/FundDetails/BK0TB03/SelfSelectFund
1371,FP Foresight Sustainable Future Themes Fund Class A Accumulation,,https://www.direct.aviva.co.uk/wealth/FundChoice/SelfSelectFundsList/FundDetails/BMYRR76/SelfSelectFund
1372,FP Foresight Sustainable Future Themes Fund Class A Income,,https://www.direct.aviva.co.uk/wealth/FundChoice/SelfSelectFundsList/FundDetails/BMYRR87/SelfSelectFund
1373,FP Foresight Sustainable Real Estate Securities Class A Accumulation,,https://www.direct.aviva.co.uk/wealth/FundChoice/SelfSelectFundsList/FundDetails/BMFYBB8/SelfSelectFund
1374,FP Foresight Sustainable Real Estate Securities Class A Income,,https://www.direct.aviva.co.uk/wealth/FundChoice/SelfSelectFundsList/FundDetails/BMFYBC9/SelfSelectFund
1375,FP Foresight UK Infrastructure Income Class A Accumulation,,https://www.direct.aviva.co.uk/wealth/FundChoice/SelfSelectFundsList/FundDetails/BF0VS92/SelfSelectFund
1376,FP Foresight UK Infrastructure Income Class A Income,,https://www.direct.aviva.co.uk/wealth/FundChoice/SelfSelectFundsList/FundDetails/BF0VS81/SelfSelectFund
1377,FP Imperium Adventurous Class A Accumulation,,https://www.direct.aviva.co.uk/wealth/FundChoice/SelfSelectFundsList/FundDetails/BYQ4HR9/SelfSelectFund
1378,FP Imperium Balanced Class A Accumulation,,https://www.direct.aviva.co.uk/wealth/FundChoice/SelfSelectFundsList/FundDetails/BYQ4HM4/SelfSelectFund
1379,FP Imperium Cautious Class A Accumulation,,https://www.direct.aviva.co.uk/wealth/FundChoice/SelfSelectFundsList/FundDetails/BYQ4HK2/SelfSelectFund
1380,FP Imperium Defensive Class A Accumulation,,https://www.direct.aviva.co.uk/wealth/FundChoice/SelfSelectFundsList/FundDetails/BYQ4HH9/SelfSelectFund
1381,FP Imperium Growth Class A Accumulation,,https://www.direct.aviva.co.uk/wealth/FundChoice/SelfSelectFundsList/FundDetails/BYQ4HP7/SelfSelectFund
1382,FP Imperium Strategic Class A Income,,https://www.direct.aviva.co.uk/wealth/FundChoice/SelfSelectFundsList/FundDetails/BYQ4HS0/SelfSelectFund
1383,FP Mattioli Woods Adventurous Class B Income,,https://www.direct.aviva.co.uk/wealth/FundChoice/SelfSelectFundsList/FundDetails/BZCN8P2/SelfSelectFund
1384,FP Mattioli Woods Balanced Class B Income,,https://www.direct.aviva.co.uk/wealth/FundChoice/SelfSelectFundsList/FundDetails/BF475Y0/SelfSelectFund
1385,FP Mattioli Woods Cautious Class B Income,,https://www.direct.aviva.co.uk/wealth/FundChoice/SelfSelectFundsList/FundDetails/BZCN8C9/SelfSelectFund
1386,FP Mattioli Woods Growth Class B Income,,https://www.direct.aviva.co.uk/wealth/FundChoice/SelfSelectFundsList/FundDetails/BZCN8K7/SelfSelectFund
1387,FP Mattioli Woods Passive Adventurous Class B Income,,https://www.direct.aviva.co.uk/wealth/FundChoice/SelfSelectFundsList/FundDetails/BPSJ8N2/SelfSelectFund
1388,FP Mattioli Woods Passive Balanced Class B Income,,https://www.direct.aviva.co.uk/wealth/FundChoice/SelfSelectFundsList/FundDetails/BNGB245/SelfSelectFund
1389,FP Mattioli Woods Passive Cautious Class B Income,,https://www.direct.aviva.co.uk/wealth/FundChoice/SelfSelectFundsList/FundDetails/BNGB223/SelfSelectFund
1390,FP Mattioli Woods Passive Growth Class B Income,,https://www.direct.aviva.co.uk/wealth/FundChoice/SelfSelectFundsList/FundDetails/BNGB1V5/SelfSelectFund
1391,FP Mattioli Woods Responsible Equity Class B Income,,https://www.direct.aviva.co.uk/wealth/FundChoice/SelfSelectFundsList/FundDetails/BMCH5X0/SelfSelectFund
1392,FP Mattioli Woods UK Dynamic Class B Income,,https://www.direct.aviva.co.uk/wealth/FundChoice/SelfSelectFundsList/FundDetails/BMF9P11/SelfSelectFund
1393,FP Russell Investments Limited Defensive Assets Class C Accumulation,,https://www.direct.aviva.co.uk/wealth/FundChoice/SelfSelectFundsList/FundDetails/B4L7KL8/SelfSelectFund
1394,FP Russell Investments Limited Defensive Assets Class C Income,,https://www.direct.aviva.co.uk/wealth/FundChoice/SelfSelectFundsList/FundDetails/B4L7GL0/SelfSelectFund
1395,FP Russell Investments Limited International Growth Assets Class C Accumulation,,https://www.direct.aviva.co.uk/wealth/FundChoice/SelfSelectFundsList/FundDetails/B4KHXP4/SelfSelectFund
1396,FP Russell Investments Limited International Growth Assets Class C Income,,https://www.direct.aviva.co.uk/wealth/FundChoice/SelfSelectFundsList/FundDetails/B4JQSQ8/SelfSelectFund
1397,FP Russell Investments Limited Multi Asset Growth Fund I Class C Accumulation,,https://www.direct.aviva.co.uk/wealth/FundChoice/SelfSelectFundsList/FundDetails/BYXJKN4/SelfSelectFund
1398,FP Russell Investments Limited Multi Asset Growth Fund I Class C Income,,https://www.direct.aviva.co.uk/wealth/FundChoice/SelfSelectFundsList/FundDetails/BYXJKM3/SelfSelectFund
1399,FP Russell Investments Limited Multi Asset Growth Fund II Class C Accumulation,,https://www.direct.aviva.co.uk/wealth/FundChoice/SelfSelectFundsList/FundDetails/BYXJKQ7/SelfSelectFund
1400,FP Russell Investments Limited Multi Asset Growth Fund II Class C Income,,https://www.direct.aviva.co.uk/wealth/FundChoice/SelfSelectFundsList/FundDetails/BYXJKP6/SelfSelectFund
1401,FP Russell Investments Limited Multi Asset Growth Fund III Class C Accumulation,,https://www.direct.aviva.co.uk/wealth/FundChoice/SelfSelectFundsList/FundDetails/B7W5QJ2/SelfSelectFund
1402,FP Russell Investments Limited Multi Asset Growth Fund III Class C Income,,https://www.direct.aviva.co.uk/wealth/FundChoice/SelfSelectFundsList/FundDetails/B8DRDK4/SelfSelectFund
1403,FP Russell Investments Limited Multi Asset Growth Fund IV Class C Accumulation,,https://www.direct.aviva.co.uk/wealth/FundChoice/SelfSelectFundsList/FundDetails/BYXJKS9/SelfSelectFund
1404,FP Russell Investments Limited Multi Asset Growth Fund IV Class C Income,,https://www.direct.aviva.co.uk/wealth/FundChoice/SelfSelectFundsList/FundDetails/BYXJKR8/SelfSelectFund
1405,FP Russell Investments Limited Multi Asset Growth Fund V Class C Accumulation,,https://www.direct.aviva.co.uk/wealth/FundChoice/SelfSelectFundsList/FundDetails/BYXJKV2/SelfSelectFund
1406,FP Russell Investments Limited Multi Asset Growth Fund V Class C Income,,https://www.direct.aviva.co.uk/wealth/FundChoice/SelfSelectFundsList/FundDetails/BYXJKT0/SelfSelectFund
1407,FP Russell Investments Limited Real Assets Class C Accumulation,,https://www.direct.aviva.co.uk/wealth/FundChoice/SelfSelectFundsList/FundDetails/B4KQS12/SelfSelectFund
1408,FP Russell Investments Limited Real Assets Class C Income,,https://www.direct.aviva.co.uk/wealth/FundChoice/SelfSelectFundsList/FundDetails/B4KZLD2/SelfSelectFund
1409,FP Russell Investments Limited UK Growth Assets Class C Accumulation,,https://www.direct.aviva.co.uk/wealth/FundChoice/SelfSelectFundsList/FundDetails/B4L1FT3/SelfSelectFund
1410,FP Russell Investments Limited UK Growth Assets Class C Income,,https://www.direct.aviva.co.uk/wealth/FundChoice/SelfSelectFundsList/FundDetails/B4KT286/SelfSelectFund
1411,FP WHEB FP WHEB Sustainability Impact Fund Class C Accumulation,,https://www.direct.aviva.co.uk/wealth/FundChoice/SelfSelectFundsList/FundDetails/B8HPRW4/SelfSelectFund
1412,FP WHEB FP WHEB Sustainability Impact Fund Class C Income,,https://www.direct.aviva.co.uk/wealth/FundChoice/SelfSelectFundsList/FundDetails/BHBFFN0/SelfSelectFund
1413,FSSA IM All China Class B Accumulation,,https://www.direct.aviva.co.uk/wealth/FundChoice/SelfSelectFundsList/FundDetails/BZCCYN9/SelfSelectFund
1414,FSSA IM All China Class E Accumulation,,https://www.direct.aviva.co.uk/wealth/FundChoice/SelfSelectFundsList/FundDetails/BGMHMT3/SelfSelectFund
1415,FSSA IM Asia Focus Class B Accumulation,,https://www.direct.aviva.co.uk/wealth/FundChoice/SelfSelectFundsList/FundDetails/BWNGXJ8/SelfSelectFund
1416,FSSA IM Asian Equity Plus Class III Income,,https://www.direct.aviva.co.uk/wealth/FundChoice/SelfSelectFundsList/FundDetails/B97LZ36/SelfSelectFund
1417,FSSA IM China A Shares Class VI Accumulation,,https://www.direct.aviva.co.uk/wealth/FundChoice/SelfSelectFundsList/FundDetails/BJN6RG2/SelfSelectFund
1418,FSSA IM China Growth Class VI Income,,https://www.direct.aviva.co.uk/wealth/FundChoice/SelfSelectFundsList/FundDetails/BDRM786/SelfSelectFund
1419,FSSA IM Global Emerging Markets Focus Class B Accumulation,,https://www.direct.aviva.co.uk/wealth/FundChoice/SelfSelectFundsList/FundDetails/BZCCYG2/SelfSelectFund
1420,FSSA IM Global Emerging Markets Focus Class E Accumulation,,https://www.direct.aviva.co.uk/wealth/FundChoice/SelfSelectFundsList/FundDetails/BZ8GV67/SelfSelectFund
1421,FSSA IM Greater China Growth Class B Accumulation,,https://www.direct.aviva.co.uk/wealth/FundChoice/SelfSelectFundsList/FundDetails/3387432/SelfSelectFund
1422,FSSA IM Indian Subcontinent All-Cap Class E Accumulation,,https://www.direct.aviva.co.uk/wealth/FundChoice/SelfSelectFundsList/FundDetails/BDG1BQ0/SelfSelectFund
1423,FTGF Brandywine Global Fixed Income Absolute Return Fund Class X Hedged Accumulation,,https://www.direct.aviva.co.uk/wealth/FundChoice/SelfSelectFundsList/FundDetails/BMMV5T8/SelfSelectFund
1424,FTGF Brandywine Global Fixed Income Absolute Return Fund Class X M Hgd Income,,https://www.direct.aviva.co.uk/wealth/FundChoice/SelfSelectFundsList/FundDetails/B7VSFK6/SelfSelectFund
1425,FTGF Brandywine Global Fixed Income Class X (S) - GBP Income,,https://www.direct.aviva.co.uk/wealth/FundChoice/SelfSelectFundsList/FundDetails/B2Q3KT5/SelfSelectFund
1426,FTGF Brandywine Global Fixed Income Class X Accumulation,,https://www.direct.aviva.co.uk/wealth/FundChoice/SelfSelectFundsList/FundDetails/BSZLQJ4/SelfSelectFund
1427,FTGF Brandywine Global Fixed Income Class X Hedged Accumulation,,https://www.direct.aviva.co.uk/wealth/FundChoice/SelfSelectFundsList/FundDetails/BQ1YC28/SelfSelectFund
1428,FTGF Brandywine Global Income Optimiser Class X Monthly Hedged Income,,https://www.direct.aviva.co.uk/wealth/FundChoice/SelfSelectFundsList/FundDetails/B83HR91/SelfSelectFund
1429,FTGF Brandywine Global Opportunistic Fixed Income Class X Income,,https://www.direct.aviva.co.uk/wealth/FundChoice/SelfSelectFundsList/FundDetails/B3TC289/SelfSelectFund
1430,FTGF ClearBridge Global Growth Leaders Class X Accumulation,,https://www.direct.aviva.co.uk/wealth/FundChoice/SelfSelectFundsList/FundDetails/BTHZ4D1/SelfSelectFund
1431,FTGF ClearBridge Infrastructure Value Class X Income,,https://www.direct.aviva.co.uk/wealth/FundChoice/SelfSelectFundsList/FundDetails/BDBBPZ2/SelfSelectFund
1432,FTGF ClearBridge US Equity Sustainability Leaders Class X Accumulation,,https://www.direct.aviva.co.uk/wealth/FundChoice/SelfSelectFundsList/FundDetails/BZ1NPT6/SelfSelectFund
1433,FTGF ClearBridge US Large Cap Growth Class X Accumulation,,https://www.direct.aviva.co.uk/wealth/FundChoice/SelfSelectFundsList/FundDetails/B241D36/SelfSelectFund
1434,FTGF Royce U.S. Small Cap Opportunity Class X Accumulation,,https://www.direct.aviva.co.uk/wealth/FundChoice/SelfSelectFundsList/FundDetails/B23Z8V2/SelfSelectFund
1435,FTGF Royce U.S. Small Cap Opportunity Class X Income,,https://www.direct.aviva.co.uk/wealth/FundChoice/SelfSelectFundsList/FundDetails/B19Z499/SelfSelectFund
1436,FTGF Western Asset Global High Yield Class X Income,,https://www.direct.aviva.co.uk/wealth/FundChoice/SelfSelectFundsList/FundDetails/B53T7Z2/SelfSelectFund
1437,Federated Hermes (UK) LLP Federated Hermes Sterling Cash Plus Class 3 Accumulation,,https://www.direct.aviva.co.uk/wealth/FundChoice/SelfSelectFundsList/FundDetails/B6TNT26/SelfSelectFund
1438,Federated Hermes Asia ex-Japan Equity Class F (Hedged) Accumulation,,https://www.direct.aviva.co.uk/wealth/FundChoice/SelfSelectFundsList/FundDetails/BBL4VQ0/SelfSelectFund
1439,Federated Hermes Asia ex-Japan Equity Class F Accumulation,,https://www.direct.aviva.co.uk/wealth/FundChoice/SelfSelectFundsList/FundDetails/B8449Z1/SelfSelectFund
1440,Federated Hermes Asia ex-Japan Equity Class F Income,,https://www.direct.aviva.co.uk/wealth/FundChoice/SelfSelectFundsList/FundDetails/B84WGD2/SelfSelectFund
1441,Federated Hermes China Equity Fund Class F Accumulation,,https://www.direct.aviva.co.uk/wealth/FundChoice/SelfSelectFundsList/FundDetails/BKKJFC3/SelfSelectFund
1442,Federated Hermes Global Emerging Markets Equity Class F (Hedged) Accumulation,,https://www.direct.aviva.co.uk/wealth/FundChoice/SelfSelectFundsList/FundDetails/BBHXD76/SelfSelectFund
1443,Federated Hermes Global Emerging Markets Equity Class F Accumulation,,https://www.direct.aviva.co.uk/wealth/FundChoice/SelfSelectFundsList/FundDetails/B3DJ5K9/SelfSelectFund
1444,Federated Hermes Global Emerging Markets Equity Class F Income,,https://www.direct.aviva.co.uk/wealth/FundChoice/SelfSelectFundsList/FundDetails/B3DJ5J8/SelfSelectFund
1445,Federated Hermes Global Emerging Markets ex China Equity Fund Class M Accumulation,,https://www.direct.aviva.co.uk/wealth/FundChoice/SelfSelectFundsList/FundDetails/BP69X62/SelfSelectFund
1446,Federated Hermes Global Equity ESG Pathway Class F Accumulation,,https://www.direct.aviva.co.uk/wealth/FundChoice/SelfSelectFundsList/FundDetails/BKRCPS1/SelfSelectFund
1447,Federated Hermes Global High Yield Credit Class F (Hedged) Accumulation,,https://www.direct.aviva.co.uk/wealth/FundChoice/SelfSelectFundsList/FundDetails/BBJPFN0/SelfSelectFund
1448,Federated Hermes Global High Yield Credit Class F (Hedged) Income,,https://www.direct.aviva.co.uk/wealth/FundChoice/SelfSelectFundsList/FundDetails/BBJPFM9/SelfSelectFund
1449,Federated Hermes Global High Yield Credit Class F Accumulation,,https://www.direct.aviva.co.uk/wealth/FundChoice/SelfSelectFundsList/FundDetails/B4W7802/SelfSelectFund
1450,Federated Hermes Global High Yield Credit Engagement Class F Hedged Accumulation,,https://www.direct.aviva.co.uk/wealth/FundChoice/SelfSelectFundsList/FundDetails/BK0X9Q7/SelfSelectFund
1451,Federated Hermes Global SMID Equity Engagement Class F Accumulation,,https://www.direct.aviva.co.uk/wealth/FundChoice/SelfSelectFundsList/FundDetails/BD3FN14/SelfSelectFund
1452,Federated Hermes Global Small Cap Equity Class F Accumulation,,https://www.direct.aviva.co.uk/wealth/FundChoice/SelfSelectFundsList/FundDetails/BVVB5N6/SelfSelectFund
1453,Federated Hermes Global Small Cap Equity Class F Income,,https://www.direct.aviva.co.uk/wealth/FundChoice/SelfSelectFundsList/FundDetails/BVVB5X6/SelfSelectFund
1454,Federated Hermes Sustainable Global Equity Class F Accumulation,,https://www.direct.aviva.co.uk/wealth/FundChoice/SelfSelectFundsList/FundDetails/BNKVQM7/SelfSelectFund
1455,Federated Hermes Sustainable Global Equity Class X Accumulation,,https://www.direct.aviva.co.uk/wealth/FundChoice/SelfSelectFundsList/FundDetails/BNKVQP0/SelfSelectFund
1456,Federated Hermes US SMID Equity Class F (Hedged) Accumulation,,https://www.direct.aviva.co.uk/wealth/FundChoice/SelfSelectFundsList/FundDetails/BBL4VC6/SelfSelectFund
1457,Federated Hermes US SMID Equity Class F (Hedged) Income,,https://www.direct.aviva.co.uk/wealth/FundChoice/SelfSelectFundsList/FundDetails/BBL4VB5/SelfSelectFund
1458,Federated Hermes US SMID Equity Class F Accumulation,,https://www.direct.aviva.co.uk/wealth/FundChoice/SelfSelectFundsList/FundDetails/B8JBCY7/SelfSelectFund
1459,Federated Hermes US SMID Equity Class F Income,,https://www.direct.aviva.co.uk/wealth/FundChoice/SelfSelectFundsList/FundDetails/B8493D2/SelfSelectFund
1460,Federated Hermes Unconstrained Credit Class F Accumulation,,https://www.direct.aviva.co.uk/wealth/FundChoice/SelfSelectFundsList/FundDetails/BR1W1J9/SelfSelectFund
1461,Federated Hermes Unconstrained Credit Class F Hedged Accumulation,,https://www.direct.aviva.co.uk/wealth/FundChoice/SelfSelectFundsList/FundDetails/BFB40T4/SelfSelectFund
1462,Federated Hermes Unconstrained Credit Class F Hedged Income,,https://www.direct.aviva.co.uk/wealth/FundChoice/SelfSelectFundsList/FundDetails/BFB40P0/SelfSelectFund
1463,Federated Hermes Unconstrained Credit Class F2 Income,,https://www.direct.aviva.co.uk/wealth/FundChoice/SelfSelectFundsList/FundDetails/BR1W1L1/SelfSelectFund
1464,Fidelity (Offshore) FAST Emerging Markets Class Y Accumulation,,https://www.direct.aviva.co.uk/wealth/FundChoice/SelfSelectFundsList/FundDetails/B70C8W2/SelfSelectFund
1465,Fidelity (Offshore) FAST Global Class Y Accumulation,,https://www.direct.aviva.co.uk/wealth/FundChoice/SelfSelectFundsList/FundDetails/BDD2Q50/SelfSelectFund
1466,Fidelity (Offshore) FF Absolute Return Global Equity Class W Hedged Accumulation,,https://www.direct.aviva.co.uk/wealth/FundChoice/SelfSelectFundsList/FundDetails/BLD9L52/SelfSelectFund
1467,Fidelity (Offshore) FF Absolute Return Multi Strategy Class W Hedged Accumulation,,https://www.direct.aviva.co.uk/wealth/FundChoice/SelfSelectFundsList/FundDetails/BK9S4H9/SelfSelectFund
1468,Fidelity (Offshore) FF America Class W Accumulation,,https://www.direct.aviva.co.uk/wealth/FundChoice/SelfSelectFundsList/FundDetails/BJVDYP3/SelfSelectFund
1469,Fidelity (Offshore) FF Asia Equity ESG Class W Accumulation,,https://www.direct.aviva.co.uk/wealth/FundChoice/SelfSelectFundsList/FundDetails/BJVDYR5/SelfSelectFund
1470,Fidelity (Offshore) FF Asian Smaller Companies Class Y Accumulation,,https://www.direct.aviva.co.uk/wealth/FundChoice/SelfSelectFundsList/FundDetails/B54KP61/SelfSelectFund
1471,Fidelity (Offshore) FF Asian Special Situations Class W Income,,https://www.direct.aviva.co.uk/wealth/FundChoice/SelfSelectFundsList/FundDetails/BY2Z9W5/SelfSelectFund
1472,Fidelity (Offshore) FF China Focus Class Y Income,,https://www.direct.aviva.co.uk/wealth/FundChoice/SelfSelectFundsList/FundDetails/B51RX72/SelfSelectFund
1473,Fidelity (Offshore) FF China RMB Bond Class W Accumulation,,https://www.direct.aviva.co.uk/wealth/FundChoice/SelfSelectFundsList/FundDetails/BY2Z9X6/SelfSelectFund
1474,Fidelity (Offshore) FF Climate Solutions Class W Accumulation,,https://www.direct.aviva.co.uk/wealth/FundChoice/SelfSelectFundsList/FundDetails/BMZ1KL2/SelfSelectFund
1475,Fidelity (Offshore) FF Climate Transition Bond Class W Hedged Income,,https://www.direct.aviva.co.uk/wealth/FundChoice/SelfSelectFundsList/FundDetails/BKT58V2/SelfSelectFund
1476,Fidelity (Offshore) FF Emerging Asia Class W Accumulation,,https://www.direct.aviva.co.uk/wealth/FundChoice/SelfSelectFundsList/FundDetails/BJVDYT7/SelfSelectFund
1477,Fidelity (Offshore) FF Emerging Market Total Return Debt Class W Hedged Accumulation,,https://www.direct.aviva.co.uk/wealth/FundChoice/SelfSelectFundsList/FundDetails/BL0KBS1/SelfSelectFund
1478,Fidelity (Offshore) FF Emerging Markets Class W Accumulation,,https://www.direct.aviva.co.uk/wealth/FundChoice/SelfSelectFundsList/FundDetails/BJVDYV9/SelfSelectFund
1479,Fidelity (Offshore) FF Emerging Markets Class W Income,,https://www.direct.aviva.co.uk/wealth/FundChoice/SelfSelectFundsList/FundDetails/BDCG040/SelfSelectFund
1480,Fidelity (Offshore) FF Emerging Markets Equity ESG Class W Income,,https://www.direct.aviva.co.uk/wealth/FundChoice/SelfSelectFundsList/FundDetails/BGR9SX0/SelfSelectFund
1481,Fidelity (Offshore) FF Euro 50 Index Class A Accumulation,,https://www.direct.aviva.co.uk/wealth/FundChoice/SelfSelectFundsList/FundDetails/5991477/SelfSelectFund
1482,Fidelity (Offshore) FF European Dynamic Growth Class W Accumulation,,https://www.direct.aviva.co.uk/wealth/FundChoice/SelfSelectFundsList/FundDetails/BJVDYQ4/SelfSelectFund
1483,Fidelity (Offshore) FF European Growth Class W Accumulation,,https://www.direct.aviva.co.uk/wealth/FundChoice/SelfSelectFundsList/FundDetails/BY2ZF27/SelfSelectFund
1484,Fidelity (Offshore) FF Flexible Bond Class Y Income,,https://www.direct.aviva.co.uk/wealth/FundChoice/SelfSelectFundsList/FundDetails/B94BLF3/SelfSelectFund
1485,Fidelity (Offshore) FF Global Consumer Brands Class W Accumulation,,https://www.direct.aviva.co.uk/wealth/FundChoice/SelfSelectFundsList/FundDetails/BJVDYX1/SelfSelectFund
1486,Fidelity (Offshore) FF Global Defensive Equity Class W Income,,https://www.direct.aviva.co.uk/wealth/FundChoice/SelfSelectFundsList/FundDetails/BLC9PC8/SelfSelectFund
1487,Fidelity (Offshore) FF Global Demographics Class Y Accumulation,,https://www.direct.aviva.co.uk/wealth/FundChoice/SelfSelectFundsList/FundDetails/B77MWF6/SelfSelectFund
1488,Fidelity (Offshore) FF Global Dividend Class W Accumulation,,https://www.direct.aviva.co.uk/wealth/FundChoice/SelfSelectFundsList/FundDetails/BJVDYY2/SelfSelectFund
1489,Fidelity (Offshore) FF Global Dividend Class W QInc Income,,https://www.direct.aviva.co.uk/wealth/FundChoice/SelfSelectFundsList/FundDetails/BMQX0H3/SelfSelectFund
1490,Fidelity (Offshore) FF Global Dividend Plus Class W Accumulation,,https://www.direct.aviva.co.uk/wealth/FundChoice/SelfSelectFundsList/FundDetails/BJVDYN1/SelfSelectFund
1491,Fidelity (Offshore) FF Global Dividend W-QINCOME(G)-GBP (hedged) Income,,https://www.direct.aviva.co.uk/wealth/FundChoice/SelfSelectFundsList/FundDetails/BD8PL15/SelfSelectFund
1492,Fidelity (Offshore) FF Global Financial Services Class A Income,,https://www.direct.aviva.co.uk/wealth/FundChoice/SelfSelectFundsList/FundDetails/4362535/SelfSelectFund
1493,Fidelity (Offshore) FF Global Financial Services Class W Accumulation,,https://www.direct.aviva.co.uk/wealth/FundChoice/SelfSelectFundsList/FundDetails/BJVDYZ3/SelfSelectFund
1494,Fidelity (Offshore) FF Global Focus Class W Accumulation,,https://www.direct.aviva.co.uk/wealth/FundChoice/SelfSelectFundsList/FundDetails/BJVDYH5/SelfSelectFund
1495,Fidelity (Offshore) FF Global HealthCare Class W Accumulation,,https://www.direct.aviva.co.uk/wealth/FundChoice/SelfSelectFundsList/FundDetails/BJVDYK8/SelfSelectFund
1496,Fidelity (Offshore) FF Global Industrials Class W Accumulation,,https://www.direct.aviva.co.uk/wealth/FundChoice/SelfSelectFundsList/FundDetails/BJVDYL9/SelfSelectFund
1497,Fidelity (Offshore) FF Global Inflation-Linked Bond Class Y Hedged Income,,https://www.direct.aviva.co.uk/wealth/FundChoice/SelfSelectFundsList/FundDetails/B3DG2S7/SelfSelectFund
1498,Fidelity (Offshore) FF Global Technology Class W Accumulation,,https://www.direct.aviva.co.uk/wealth/FundChoice/SelfSelectFundsList/FundDetails/BJVDZ16/SelfSelectFund
1499,Fidelity (Offshore) FF Global Thematic Opportunities Class W Accumulation,,https://www.direct.aviva.co.uk/wealth/FundChoice/SelfSelectFundsList/FundDetails/BJVDYJ7/SelfSelectFund
1500,Fidelity (Offshore) FF Global Value Class Y Accumulation,,https://www.direct.aviva.co.uk/wealth/FundChoice/SelfSelectFundsList/FundDetails/BM8BGD3/SelfSelectFund
1501,Fidelity (Offshore) FF India Focus Class Y Income,,https://www.direct.aviva.co.uk/wealth/FundChoice/SelfSelectFundsList/FundDetails/B51RZC1/SelfSelectFund
1502,Fidelity (Offshore) FF Latin America Class W Accumulation,,https://www.direct.aviva.co.uk/wealth/FundChoice/SelfSelectFundsList/FundDetails/BJVDZ27/SelfSelectFund
1503,Fidelity (Offshore) FF Pacific Class W Accumulation,,https://www.direct.aviva.co.uk/wealth/FundChoice/SelfSelectFundsList/FundDetails/BJVDZ38/SelfSelectFund
1504,Fidelity (Offshore) FF Strategic Bond Class W QDIST (hedged) Income,,https://www.direct.aviva.co.uk/wealth/FundChoice/SelfSelectFundsList/FundDetails/BM9GQC6/SelfSelectFund
1505,Fidelity (Offshore) FF US Equity Class W Hedged Accumulation,,https://www.direct.aviva.co.uk/wealth/FundChoice/SelfSelectFundsList/FundDetails/BJK4B12/SelfSelectFund
1506,Fidelity (Offshore) FF US High Yield Class W Accumulation,,https://www.direct.aviva.co.uk/wealth/FundChoice/SelfSelectFundsList/FundDetails/BJVDZ49/SelfSelectFund
1507,Fidelity (Offshore) FF Water & Waste Class W Accumulation,,https://www.direct.aviva.co.uk/wealth/FundChoice/SelfSelectFundsList/FundDetails/BF7JH14/SelfSelectFund
1508,Fidelity (Offshore) FF Water & Waste Class W Income,,https://www.direct.aviva.co.uk/wealth/FundChoice/SelfSelectFundsList/FundDetails/BF7JH03/SelfSelectFund
1509,Fidelity (Offshore) MSCI Europe Index Class P Hedged Accumulation,,https://www.direct.aviva.co.uk/wealth/FundChoice/SelfSelectFundsList/FundDetails/BYX5MQ9/SelfSelectFund
1510,Fidelity (Offshore) MSCI Japan Index Class P Hedged Accumulation,,https://www.direct.aviva.co.uk/wealth/FundChoice/SelfSelectFundsList/FundDetails/BYX5NF5/SelfSelectFund
1511,Fidelity (Offshore) MSCI Pacific ex-Japan Index Class P Hedged Accumulation,,https://www.direct.aviva.co.uk/wealth/FundChoice/SelfSelectFundsList/FundDetails/BD24Q91/SelfSelectFund
1512,Fidelity (Offshore) MSCI World Index Class P Hedged Accumulation,,https://www.direct.aviva.co.uk/wealth/FundChoice/SelfSelectFundsList/FundDetails/BYX5P48/SelfSelectFund
1513,Fidelity (Offshore) S&P 500 Index Class P Hedged Accumulation,,https://www.direct.aviva.co.uk/wealth/FundChoice/SelfSelectFundsList/FundDetails/BYX5MZ8/SelfSelectFund
1514,Fidelity (Onshore) Allocator World Class W Accumulation,,https://www.direct.aviva.co.uk/wealth/FundChoice/SelfSelectFundsList/FundDetails/B9777B6/SelfSelectFund
1515,Fidelity (Onshore) American Class W Accumulation,,https://www.direct.aviva.co.uk/wealth/FundChoice/SelfSelectFundsList/FundDetails/B8GPC42/SelfSelectFund
1516,Fidelity (Onshore) American Special Situations Class W Accumulation,,https://www.direct.aviva.co.uk/wealth/FundChoice/SelfSelectFundsList/FundDetails/B89ST70/SelfSelectFund
1517,Fidelity (Onshore) Asia Class W Accumulation,,https://www.direct.aviva.co.uk/wealth/FundChoice/SelfSelectFundsList/FundDetails/B6Y7NF4/SelfSelectFund
1518,Fidelity (Onshore) Asia Class W Hedged Accumulation,,https://www.direct.aviva.co.uk/wealth/FundChoice/SelfSelectFundsList/FundDetails/BKDZ1H5/SelfSelectFund
1519,Fidelity (Onshore) Asia Pacific Opportunities Class W Accumulation,,https://www.direct.aviva.co.uk/wealth/FundChoice/SelfSelectFundsList/FundDetails/BQ1SWL9/SelfSelectFund
1520,Fidelity (Onshore) Asia Pacific Opportunities Class W Income,,https://www.direct.aviva.co.uk/wealth/FundChoice/SelfSelectFundsList/FundDetails/BS29YY2/SelfSelectFund
1521,Fidelity (Onshore) Asian Dividend Class W Accumulation,,https://www.direct.aviva.co.uk/wealth/FundChoice/SelfSelectFundsList/FundDetails/B8W5LX8/SelfSelectFund
1522,Fidelity (Onshore) Asian Dividend Class W Income,,https://www.direct.aviva.co.uk/wealth/FundChoice/SelfSelectFundsList/FundDetails/B8W5M02/SelfSelectFund
1523,Fidelity (Onshore) Cash Class W Accumulation,,https://www.direct.aviva.co.uk/wealth/FundChoice/SelfSelectFundsList/FundDetails/BD1RHT8/SelfSelectFund
1524,Fidelity (Onshore) Cash Class W Income,,https://www.direct.aviva.co.uk/wealth/FundChoice/SelfSelectFundsList/FundDetails/BD1RHR6/SelfSelectFund
1525,Fidelity (Onshore) China Class W Accumulation,,https://www.direct.aviva.co.uk/wealth/FundChoice/SelfSelectFundsList/FundDetails/B82ZSC6/SelfSelectFund
1526,Fidelity (Onshore) Emerging Markets Class W Accumulation,,https://www.direct.aviva.co.uk/wealth/FundChoice/SelfSelectFundsList/FundDetails/B9SMK77/SelfSelectFund
1527,Fidelity (Onshore) Enhanced Income Class W Acc Accumulation,,https://www.direct.aviva.co.uk/wealth/FundChoice/SelfSelectFundsList/FundDetails/B7W94N4/SelfSelectFund
1528,Fidelity (Onshore) Enhanced Income Class W Inc (monthly) shares Income,,https://www.direct.aviva.co.uk/wealth/FundChoice/SelfSelectFundsList/FundDetails/BYSYZP1/SelfSelectFund
1529,Fidelity (Onshore) Enhanced Income Class W Inc Income,,https://www.direct.aviva.co.uk/wealth/FundChoice/SelfSelectFundsList/FundDetails/B87HPZ9/SelfSelectFund
1530,Fidelity (Onshore) European Class W Accumulation,,https://www.direct.aviva.co.uk/wealth/FundChoice/SelfSelectFundsList/FundDetails/BFRT350/SelfSelectFund
1531,Fidelity (Onshore) European Class W Income,,https://www.direct.aviva.co.uk/wealth/FundChoice/SelfSelectFundsList/FundDetails/B7VNK95/SelfSelectFund
1532,Fidelity (Onshore) Global Dividend Class W Accumulation,,https://www.direct.aviva.co.uk/wealth/FundChoice/SelfSelectFundsList/FundDetails/B7GJPN7/SelfSelectFund
1533,Fidelity (Onshore) Global Dividend Class W Inc (monthly) shares Income,,https://www.direct.aviva.co.uk/wealth/FundChoice/SelfSelectFundsList/FundDetails/BYSYZL7/SelfSelectFund
1534,Fidelity (Onshore) Global Dividend Class W Income,,https://www.direct.aviva.co.uk/wealth/FundChoice/SelfSelectFundsList/FundDetails/B777808/SelfSelectFund
1535,Fidelity (Onshore) Global Enhanced Income Class W Acc Accumulation,,https://www.direct.aviva.co.uk/wealth/FundChoice/SelfSelectFundsList/FundDetails/BD1NLL6/SelfSelectFund
1536,Fidelity (Onshore) Global Enhanced Income Class W Inc (monthly) shares Income,,https://www.direct.aviva.co.uk/wealth/FundChoice/SelfSelectFundsList/FundDetails/BYSYZN9/SelfSelectFund
1537,Fidelity (Onshore) Global Enhanced Income Class W Income Income,,https://www.direct.aviva.co.uk/wealth/FundChoice/SelfSelectFundsList/FundDetails/BD1NLJ4/SelfSelectFund
1538,Fidelity (Onshore) Global Future Leaders Class W Accumulation,,https://www.direct.aviva.co.uk/wealth/FundChoice/SelfSelectFundsList/FundDetails/BPLVMC2/SelfSelectFund
1539,Fidelity (Onshore) Global High Income Bond Class W Accumulation,,https://www.direct.aviva.co.uk/wealth/FundChoice/SelfSelectFundsList/FundDetails/BFRT361/SelfSelectFund
1540,Fidelity (Onshore) Global High Income Bond Class W Income,,https://www.direct.aviva.co.uk/wealth/FundChoice/SelfSelectFundsList/FundDetails/B469P25/SelfSelectFund
1541,Fidelity (Onshore) Global Special Situations Class W Accumulation,,https://www.direct.aviva.co.uk/wealth/FundChoice/SelfSelectFundsList/FundDetails/B8HT715/SelfSelectFund
1542,Fidelity (Onshore) IX Japan Class W Accumulation,,https://www.direct.aviva.co.uk/wealth/FundChoice/SelfSelectFundsList/FundDetails/0337139/SelfSelectFund
1543,Fidelity (Onshore) Index Emerging Markets Class P Accumulation,,https://www.direct.aviva.co.uk/wealth/FundChoice/SelfSelectFundsList/FundDetails/BHZK8D2/SelfSelectFund
1544,Fidelity (Onshore) Index Emerging Markets Class P Income,,https://www.direct.aviva.co.uk/wealth/FundChoice/SelfSelectFundsList/FundDetails/BP8RYT4/SelfSelectFund
1545,Fidelity (Onshore) Index Europe ex-UK Class P Accumulation,,https://www.direct.aviva.co.uk/wealth/FundChoice/SelfSelectFundsList/FundDetails/BHZK8B0/SelfSelectFund
1546,Fidelity (Onshore) Index Europe ex-UK Class P Income,,https://www.direct.aviva.co.uk/wealth/FundChoice/SelfSelectFundsList/FundDetails/BP8RYD8/SelfSelectFund
1547,Fidelity (Onshore) Index Global Government Bond Class P Accumulation,,https://www.direct.aviva.co.uk/wealth/FundChoice/SelfSelectFundsList/FundDetails/BR560P6/SelfSelectFund
1548,Fidelity (Onshore) Index Global Government Bond Class P Income,,https://www.direct.aviva.co.uk/wealth/FundChoice/SelfSelectFundsList/FundDetails/BR560Q7/SelfSelectFund
1549,Fidelity (Onshore) Index Japan Class P Accumulation,,https://www.direct.aviva.co.uk/wealth/FundChoice/SelfSelectFundsList/FundDetails/BHZK887/SelfSelectFund
1550,Fidelity (Onshore) Index Japan Class P Income,,https://www.direct.aviva.co.uk/wealth/FundChoice/SelfSelectFundsList/FundDetails/BP8RYP0/SelfSelectFund
1551,Fidelity (Onshore) Index Pacific Ex-Japan Class P Accumulation,,https://www.direct.aviva.co.uk/wealth/FundChoice/SelfSelectFundsList/FundDetails/BHZK8G5/SelfSelectFund
1552,Fidelity (Onshore) Index Pacific Ex-Japan Class P Income,,https://www.direct.aviva.co.uk/wealth/FundChoice/SelfSelectFundsList/FundDetails/BP8RYR2/SelfSelectFund
1553,Fidelity (Onshore) Index Sterling Corporate Bond Class P Accumulation,,https://www.direct.aviva.co.uk/wealth/FundChoice/SelfSelectFundsList/FundDetails/BKX8GD5/SelfSelectFund
1554,Fidelity (Onshore) Index Sterling Corporate Bond Class P Income,,https://www.direct.aviva.co.uk/wealth/FundChoice/SelfSelectFundsList/FundDetails/BKX8GJ1/SelfSelectFund
1555,Fidelity (Onshore) Index UK Class P Accumulation,,https://www.direct.aviva.co.uk/wealth/FundChoice/SelfSelectFundsList/FundDetails/BJS8SF9/SelfSelectFund
1556,Fidelity (Onshore) Index UK Class P Income,,https://www.direct.aviva.co.uk/wealth/FundChoice/SelfSelectFundsList/FundDetails/BP8RY61/SelfSelectFund
1557,Fidelity (Onshore) Index UK Gilt Class P Accumulation,,https://www.direct.aviva.co.uk/wealth/FundChoice/SelfSelectFundsList/FundDetails/BMQ57G7/SelfSelectFund
1558,Fidelity (Onshore) Index UK Gilt Class P Income,,https://www.direct.aviva.co.uk/wealth/FundChoice/SelfSelectFundsList/FundDetails/BMQ59H2/SelfSelectFund
1559,Fidelity (Onshore) Index US Class P - Hedged Accumulation,,https://www.direct.aviva.co.uk/wealth/FundChoice/SelfSelectFundsList/FundDetails/BHQSS24/SelfSelectFund
1560,Fidelity (Onshore) Index US Class P - Hedged Income,,https://www.direct.aviva.co.uk/wealth/FundChoice/SelfSelectFundsList/FundDetails/BNXKTP5/SelfSelectFund
1561,Fidelity (Onshore) Index US Class P Accumulation,,https://www.direct.aviva.co.uk/wealth/FundChoice/SelfSelectFundsList/FundDetails/BJS8SH1/SelfSelectFund
1562,Fidelity (Onshore) Index US Class P Income,,https://www.direct.aviva.co.uk/wealth/FundChoice/SelfSelectFundsList/FundDetails/BP8RY83/SelfSelectFund
1563,Fidelity (Onshore) Index World Class P Accumulation,,https://www.direct.aviva.co.uk/wealth/FundChoice/SelfSelectFundsList/FundDetails/BJS8SJ3/SelfSelectFund
1564,Fidelity (Onshore) Index World Class P Income,,https://www.direct.aviva.co.uk/wealth/FundChoice/SelfSelectFundsList/FundDetails/BP8RYB6/SelfSelectFund
1565,Fidelity (Onshore) Index World ESG Screened Fund Class P Accumulation,,https://www.direct.aviva.co.uk/wealth/FundChoice/SelfSelectFundsList/FundDetails/BSB76G3/SelfSelectFund
1566,Fidelity (Onshore) Index World ESG Screened Fund Class P Income,,https://www.direct.aviva.co.uk/wealth/FundChoice/SelfSelectFundsList/FundDetails/BSB7607/SelfSelectFund
1567,Fidelity (Onshore) Japan Class W Accumulation,,https://www.direct.aviva.co.uk/wealth/FundChoice/SelfSelectFundsList/FundDetails/B882N04/SelfSelectFund
1568,Fidelity (Onshore) Long Dated Sterling Corporate Bond Class W Accumulation,,https://www.direct.aviva.co.uk/wealth/FundChoice/SelfSelectFundsList/FundDetails/3314463/SelfSelectFund
1569,Fidelity (Onshore) Long Dated Sterling Corporate Bond Class W Income,,https://www.direct.aviva.co.uk/wealth/FundChoice/SelfSelectFundsList/FundDetails/3140033/SelfSelectFund
1570,Fidelity (Onshore) MoneyBuilder Balanced Class W Accumulation,,https://www.direct.aviva.co.uk/wealth/FundChoice/SelfSelectFundsList/FundDetails/BYRPGV8/SelfSelectFund
1571,Fidelity (Onshore) MoneyBuilder Balanced Class W Income,,https://www.direct.aviva.co.uk/wealth/FundChoice/SelfSelectFundsList/FundDetails/B7XJFX0/SelfSelectFund
1572,Fidelity (Onshore) MoneyBuilder Corporate Bond Class W Accumulation,,https://www.direct.aviva.co.uk/wealth/FundChoice/SelfSelectFundsList/FundDetails/BBGBFM0/SelfSelectFund
1573,Fidelity (Onshore) MoneyBuilder Corporate Bond Class W Income,,https://www.direct.aviva.co.uk/wealth/FundChoice/SelfSelectFundsList/FundDetails/B3Z9PT6/SelfSelectFund
1574,Fidelity (Onshore) Multi Asset Allocator Adventurous Class W Accumulation,,https://www.direct.aviva.co.uk/wealth/FundChoice/SelfSelectFundsList/FundDetails/B893BN5/SelfSelectFund
1575,Fidelity (Onshore) Multi Asset Allocator Defensive Class W Accumulation,,https://www.direct.aviva.co.uk/wealth/FundChoice/SelfSelectFundsList/FundDetails/B8YQD22/SelfSelectFund
1576,Fidelity (Onshore) Multi Asset Allocator Growth Class W Accumulation,,https://www.direct.aviva.co.uk/wealth/FundChoice/SelfSelectFundsList/FundDetails/B9C3GS9/SelfSelectFund
1577,Fidelity (Onshore) Multi Asset Allocator Strategic Class W Accumulation,,https://www.direct.aviva.co.uk/wealth/FundChoice/SelfSelectFundsList/FundDetails/B99P934/SelfSelectFund
1578,Fidelity (Onshore) Multi Asset Balanced Income Class W Accumulation,,https://www.direct.aviva.co.uk/wealth/FundChoice/SelfSelectFundsList/FundDetails/BJ4L7W2/SelfSelectFund
1579,Fidelity (Onshore) Multi Asset Balanced Income Class W Income,,https://www.direct.aviva.co.uk/wealth/FundChoice/SelfSelectFundsList/FundDetails/BFPC072/SelfSelectFund
1580,Fidelity (Onshore) Multi Asset Income & Growth Class W Accumulation,,https://www.direct.aviva.co.uk/wealth/FundChoice/SelfSelectFundsList/FundDetails/BJ4L7X3/SelfSelectFund
1581,Fidelity (Onshore) Multi Asset Income & Growth Class W Income,,https://www.direct.aviva.co.uk/wealth/FundChoice/SelfSelectFundsList/FundDetails/BFPC0C7/SelfSelectFund
1582,Fidelity (Onshore) Multi Asset Income Class W Accumulation,,https://www.direct.aviva.co.uk/wealth/FundChoice/SelfSelectFundsList/FundDetails/BJ4L7S8/SelfSelectFund
1583,Fidelity (Onshore) Multi Asset Income Class W Income,,https://www.direct.aviva.co.uk/wealth/FundChoice/SelfSelectFundsList/FundDetails/BFPC050/SelfSelectFund
1584,Fidelity (Onshore) Multi Asset Open Adventurous Class W Accumulation,,https://www.direct.aviva.co.uk/wealth/FundChoice/SelfSelectFundsList/FundDetails/BC7GXM7/SelfSelectFund
1585,Fidelity (Onshore) Multi Asset Open Defensive Class W Accumulation,,https://www.direct.aviva.co.uk/wealth/FundChoice/SelfSelectFundsList/FundDetails/BC7GXK5/SelfSelectFund
1586,Fidelity (Onshore) Multi Asset Open Growth Class W Accumulation,,https://www.direct.aviva.co.uk/wealth/FundChoice/SelfSelectFundsList/FundDetails/BC7GXL6/SelfSelectFund
1587,Fidelity (Onshore) Multi Asset Open Strategic Class W Accumulation,,https://www.direct.aviva.co.uk/wealth/FundChoice/SelfSelectFundsList/FundDetails/BC9S3B0/SelfSelectFund
1588,Fidelity (Onshore) Open World Class W Accumulation,,https://www.direct.aviva.co.uk/wealth/FundChoice/SelfSelectFundsList/FundDetails/BC7GXN8/SelfSelectFund
1589,Fidelity (Onshore) Responsible Asia Equity Class W Accumulation,,https://www.direct.aviva.co.uk/wealth/FundChoice/SelfSelectFundsList/FundDetails/B84Q8M7/SelfSelectFund
1590,Fidelity (Onshore) Responsible Emerging Markets Equity Class W Accumulation,,https://www.direct.aviva.co.uk/wealth/FundChoice/SelfSelectFundsList/FundDetails/BQBG6R7/SelfSelectFund
1591,Fidelity (Onshore) Responsible Global Equity Income Class W Accumulation,,https://www.direct.aviva.co.uk/wealth/FundChoice/SelfSelectFundsList/FundDetails/3420456/SelfSelectFund
1592,Fidelity (Onshore) Responsible Global Equity Income Class W Income,,https://www.direct.aviva.co.uk/wealth/FundChoice/SelfSelectFundsList/FundDetails/BPGC576/SelfSelectFund
1593,Fidelity (Onshore) Short Dated Corporate Bond Fund Class W Accumulation,,https://www.direct.aviva.co.uk/wealth/FundChoice/SelfSelectFundsList/FundDetails/BDCG0G2/SelfSelectFund
1594,Fidelity (Onshore) Short Dated Corporate Bond Fund Class W Income,,https://www.direct.aviva.co.uk/wealth/FundChoice/SelfSelectFundsList/FundDetails/BDCG0F1/SelfSelectFund
1595,Fidelity (Onshore) South East Asia Class W Accumulation,,https://www.direct.aviva.co.uk/wealth/FundChoice/SelfSelectFundsList/FundDetails/0337140/SelfSelectFund
1596,Fidelity (Onshore) Special Situations Class W Accumulation,,https://www.direct.aviva.co.uk/wealth/FundChoice/SelfSelectFundsList/FundDetails/B88V3X4/SelfSelectFund
1597,Fidelity (Onshore) Sterling Aggregate Bond Class I Accumulation,,https://www.direct.aviva.co.uk/wealth/FundChoice/SelfSelectFundsList/FundDetails/B156WV4/SelfSelectFund
1598,Fidelity (Onshore) Sterling Corporate Bond Class W Accumulation,,https://www.direct.aviva.co.uk/wealth/FundChoice/SelfSelectFundsList/FundDetails/3314656/SelfSelectFund
1599,Fidelity (Onshore) Sterling Corporate Bond Class W Income,,https://www.direct.aviva.co.uk/wealth/FundChoice/SelfSelectFundsList/FundDetails/0205162/SelfSelectFund
1600,Fidelity (Onshore) Strategic Bond Class W Accumulation,,https://www.direct.aviva.co.uk/wealth/FundChoice/SelfSelectFundsList/FundDetails/BCRWZS5/SelfSelectFund
1601,Fidelity (Onshore) Strategic Bond Class W Income,,https://www.direct.aviva.co.uk/wealth/FundChoice/SelfSelectFundsList/FundDetails/B469J89/SelfSelectFund
1602,Fidelity (Onshore) Sustainable European Equity Class W Accumulation,,https://www.direct.aviva.co.uk/wealth/FundChoice/SelfSelectFundsList/FundDetails/B828751/SelfSelectFund
1603,Fidelity (Onshore) Sustainable Global Equity Class W Accumulation,,https://www.direct.aviva.co.uk/wealth/FundChoice/SelfSelectFundsList/FundDetails/B3RDH34/SelfSelectFund
1604,Fidelity (Onshore) Sustainable Multi Asset Balanced Class W Accumulation,,https://www.direct.aviva.co.uk/wealth/FundChoice/SelfSelectFundsList/FundDetails/BLH2328/SelfSelectFund
1605,Fidelity (Onshore) Sustainable Multi Asset Conservative Class W Accumulation,,https://www.direct.aviva.co.uk/wealth/FundChoice/SelfSelectFundsList/FundDetails/BLH2306/SelfSelectFund
1606,Fidelity (Onshore) Sustainable Multi Asset Growth Class W Accumulation,,https://www.direct.aviva.co.uk/wealth/FundChoice/SelfSelectFundsList/FundDetails/BLH2339/SelfSelectFund
1607,Fidelity (Onshore) Sustainable UK Equity Class W Accumulation,,https://www.direct.aviva.co.uk/wealth/FundChoice/SelfSelectFundsList/FundDetails/0337366/SelfSelectFund
1608,Fidelity (Onshore) UK Equity Income Class W Income,,https://www.direct.aviva.co.uk/wealth/FundChoice/SelfSelectFundsList/FundDetails/B3LNGT9/SelfSelectFund
1609,Fidelity (Onshore) UK Equity Income Class W MINC Income,,https://www.direct.aviva.co.uk/wealth/FundChoice/SelfSelectFundsList/FundDetails/BYSYZM8/SelfSelectFund
1610,Fidelity (Onshore) UK Opportunities Class W Accumulation,,https://www.direct.aviva.co.uk/wealth/FundChoice/SelfSelectFundsList/FundDetails/BH7HNY7/SelfSelectFund
1611,Fidelity (Onshore) UK Opportunities Class W Income,,https://www.direct.aviva.co.uk/wealth/FundChoice/SelfSelectFundsList/FundDetails/BH7HNZ8/SelfSelectFund
1612,Fidelity (Onshore) UK Select Class W Accumulation,,https://www.direct.aviva.co.uk/wealth/FundChoice/SelfSelectFundsList/FundDetails/BFRT394/SelfSelectFund
1613,Fidelity (Onshore) UK Smaller Companies Class W Accumulation,,https://www.direct.aviva.co.uk/wealth/FundChoice/SelfSelectFundsList/FundDetails/B7VNMB1/SelfSelectFund
1614,Fiera Capital Fiera Emerging Markets Fund Class B Income,,https://www.direct.aviva.co.uk/wealth/FundChoice/SelfSelectFundsList/FundDetails/B8QB400/SelfSelectFund
1615,Fiera Capital Fiera OAKS EM Select Class B GBP Acc Series 1 Accumulation,,https://www.direct.aviva.co.uk/wealth/FundChoice/SelfSelectFundsList/FundDetails/BKTNQ78/SelfSelectFund
1616,Fiera Capital Magna MENA Class G Accumulation,,https://www.direct.aviva.co.uk/wealth/FundChoice/SelfSelectFundsList/FundDetails/BKRCML3/SelfSelectFund
1617,Findlay Park Findlay Park American Fund Class I GBP Distribution Income,,https://www.direct.aviva.co.uk/wealth/FundChoice/SelfSelectFundsList/FundDetails/BWY58M2/SelfSelectFund
1618,Findlay Park Findlay Park American Fund Class I Hedged GBP Distribution Income,,https://www.direct.aviva.co.uk/wealth/FundChoice/SelfSelectFundsList/FundDetails/B00J0F1/SelfSelectFund
1619,"First Eagle Investment Management, LLC First Eagle US Small Cap Opportunity Fund R3-GBPC Accumulation",,https://www.direct.aviva.co.uk/wealth/FundChoice/SelfSelectFundsList/FundDetails/BT9N206/SelfSelectFund
1620,First Sentier First Sentier Global Property Securities Class B Accumulation,,https://www.direct.aviva.co.uk/wealth/FundChoice/SelfSelectFundsList/FundDetails/B1F76N7/SelfSelectFund
1621,First Sentier First Sentier Global Property Securities Class B Income,,https://www.direct.aviva.co.uk/wealth/FundChoice/SelfSelectFundsList/FundDetails/B1F76P9/SelfSelectFund
1622,First Sentier Global Listed Infrastructure Class B Accumulation,,https://www.direct.aviva.co.uk/wealth/FundChoice/SelfSelectFundsList/FundDetails/B24HJL4/SelfSelectFund
1623,First Sentier Global Listed Infrastructure Class B Hedged Accumulation,,https://www.direct.aviva.co.uk/wealth/FundChoice/SelfSelectFundsList/FundDetails/B8PLJ17/SelfSelectFund
1624,First Sentier Global Listed Infrastructure Class B Hedged Income,,https://www.direct.aviva.co.uk/wealth/FundChoice/SelfSelectFundsList/FundDetails/B7DYMW3/SelfSelectFund
1625,First Sentier Global Listed Infrastructure Class B Income,,https://www.direct.aviva.co.uk/wealth/FundChoice/SelfSelectFundsList/FundDetails/B24HK55/SelfSelectFund
1626,First Sentier Global Listed Infrastructure Class VI Hedged P Income,,https://www.direct.aviva.co.uk/wealth/FundChoice/SelfSelectFundsList/FundDetails/BFMC655/SelfSelectFund
1627,First Sentier Global Listed Infrastructure Class VI Income,,https://www.direct.aviva.co.uk/wealth/FundChoice/SelfSelectFundsList/FundDetails/BYSJTZ4/SelfSelectFund
1628,First Sentier RQI Global Value Class E Accumulation,,https://www.direct.aviva.co.uk/wealth/FundChoice/SelfSelectFundsList/FundDetails/BSSGH71/SelfSelectFund
1629,Fortem Capital Limited Alternative Growth Class A Accumulation,,https://www.direct.aviva.co.uk/wealth/FundChoice/SelfSelectFundsList/FundDetails/BJ116W8/SelfSelectFund
1630,Fortem Capital Limited Capital Absolute Return Class S Accumulation,,https://www.direct.aviva.co.uk/wealth/FundChoice/SelfSelectFundsList/FundDetails/BMV8W22/SelfSelectFund
1631,Fortem Capital Limited Capital Absolute Return Class T Income,,https://www.direct.aviva.co.uk/wealth/FundChoice/SelfSelectFundsList/FundDetails/BMV8W77/SelfSelectFund
1632,Fortem Capital Limited Capital Dynamic Growth Class A (GBP) Accumulation,,https://www.direct.aviva.co.uk/wealth/FundChoice/SelfSelectFundsList/FundDetails/BRJL4C2/SelfSelectFund
1633,Fortem Capital Limited Progressive Growth Class A Accumulation,,https://www.direct.aviva.co.uk/wealth/FundChoice/SelfSelectFundsList/FundDetails/BF04783/SelfSelectFund
1634,Fortem Capital Limited Progressive Growth Class D Income,,https://www.direct.aviva.co.uk/wealth/FundChoice/SelfSelectFundsList/FundDetails/BD7Y3W8/SelfSelectFund
1635,Fortem Capital Limited US Equity Income Class F Hedged Income,,https://www.direct.aviva.co.uk/wealth/FundChoice/SelfSelectFundsList/FundDetails/BMC2RM8/SelfSelectFund
1636,Franklin Templeton (Lux) Franklin Global Growth Fund Class W Accumulation,,https://www.direct.aviva.co.uk/wealth/FundChoice/SelfSelectFundsList/FundDetails/B7M3XD9/SelfSelectFund
1637,Franklin Templeton (Lux) Franklin India Class W Accumulation,,https://www.direct.aviva.co.uk/wealth/FundChoice/SelfSelectFundsList/FundDetails/B7TC339/SelfSelectFund
1638,Franklin Templeton (Lux) Templeton Asian Growth Class W Accumulation,,https://www.direct.aviva.co.uk/wealth/FundChoice/SelfSelectFundsList/FundDetails/B7CPH77/SelfSelectFund
1639,Franklin Templeton (Lux) Templeton China Class W Accumulation,,https://www.direct.aviva.co.uk/wealth/FundChoice/SelfSelectFundsList/FundDetails/B77L7T2/SelfSelectFund
1640,Franklin Templeton (Lux) Templeton Emerging Markets Bond Class W-H1 (Qdis) Income,,https://www.direct.aviva.co.uk/wealth/FundChoice/SelfSelectFundsList/FundDetails/B7SV3J3/SelfSelectFund
1641,Franklin Templeton (Lux) Templeton Emerging Markets Smaller Companies Class W Accumulation,,https://www.direct.aviva.co.uk/wealth/FundChoice/SelfSelectFundsList/FundDetails/B7XNSW2/SelfSelectFund
1642,Franklin Templeton (Lux) Templeton Frontier Markets Class W Accumulation,,https://www.direct.aviva.co.uk/wealth/FundChoice/SelfSelectFundsList/FundDetails/B7T5JL8/SelfSelectFund
1643,Franklin Templeton (Lux) Templeton Global Bond Class W (Mdis) Income,,https://www.direct.aviva.co.uk/wealth/FundChoice/SelfSelectFundsList/FundDetails/B7SXXX3/SelfSelectFund
1644,Franklin Templeton (Lux) Templeton Global Bond Class W-H1 (Mdis) Income,,https://www.direct.aviva.co.uk/wealth/FundChoice/SelfSelectFundsList/FundDetails/B7STLV5/SelfSelectFund
1645,Franklin Templeton (Lux) Templeton Global Climate Change Class W Accumulation,,https://www.direct.aviva.co.uk/wealth/FundChoice/SelfSelectFundsList/FundDetails/BN0TY94/SelfSelectFund
1646,Franklin Templeton (Lux) Templeton Global Total Return Class W (Mdis) Income,,https://www.direct.aviva.co.uk/wealth/FundChoice/SelfSelectFundsList/FundDetails/B7T5M08/SelfSelectFund
1647,Franklin Templeton (Lux) Templeton Global Total Return Class W-H1 (Mdis) Income,,https://www.direct.aviva.co.uk/wealth/FundChoice/SelfSelectFundsList/FundDetails/B9582M7/SelfSelectFund
1648,Franklin Templeton (Lux) Templeton Latin America Class W Accumulation,,https://www.direct.aviva.co.uk/wealth/FundChoice/SelfSelectFundsList/FundDetails/B7T5JW9/SelfSelectFund
1649,Franklin Templeton (Shariah) Franklin Global Sukuk Class W (Qdis) Income,,https://www.direct.aviva.co.uk/wealth/FundChoice/SelfSelectFundsList/FundDetails/BKP3CN0/SelfSelectFund
1650,Franklin Templeton FTF Brandywine Global Income Optimiser Class W Accumulation,,https://www.direct.aviva.co.uk/wealth/FundChoice/SelfSelectFundsList/FundDetails/BNBS4T0/SelfSelectFund
1651,Franklin Templeton FTF Brandywine Global Income Optimiser Class W Income,,https://www.direct.aviva.co.uk/wealth/FundChoice/SelfSelectFundsList/FundDetails/BNBS7S0/SelfSelectFund
1652,Franklin Templeton FTF ClearBridge Global Infrastructure Income Class W Accumulation,,https://www.direct.aviva.co.uk/wealth/FundChoice/SelfSelectFundsList/FundDetails/BMF7D55/SelfSelectFund
1653,Franklin Templeton FTF ClearBridge Global Infrastructure Income Class W Income,,https://www.direct.aviva.co.uk/wealth/FundChoice/SelfSelectFundsList/FundDetails/BMF7D77/SelfSelectFund
1654,Franklin Templeton FTF ClearBridge Global Infrastructure Income Class W- H2 Accumulation,,https://www.direct.aviva.co.uk/wealth/FundChoice/SelfSelectFundsList/FundDetails/BMF7D66/SelfSelectFund
1655,Franklin Templeton FTF ClearBridge Global Infrastructure Income Class W- H2 Income,,https://www.direct.aviva.co.uk/wealth/FundChoice/SelfSelectFundsList/FundDetails/BMF7D88/SelfSelectFund
1656,Franklin Templeton FTF ClearBridge UK Equity Income Fund Class W Accumulation,,https://www.direct.aviva.co.uk/wealth/FundChoice/SelfSelectFundsList/FundDetails/B7DRD63/SelfSelectFund
1657,Franklin Templeton FTF ClearBridge UK Equity Income Fund Class W Income,,https://www.direct.aviva.co.uk/wealth/FundChoice/SelfSelectFundsList/FundDetails/B7MKLS1/SelfSelectFund
1658,Franklin Templeton FTF ClearBridge UK Managers' Focus Fund Class W Accumulation,,https://www.direct.aviva.co.uk/wealth/FundChoice/SelfSelectFundsList/FundDetails/B7MPWT4/SelfSelectFund
1659,Franklin Templeton FTF ClearBridge UK Managers' Focus Fund Class W Income,,https://www.direct.aviva.co.uk/wealth/FundChoice/SelfSelectFundsList/FundDetails/BKTWYY8/SelfSelectFund
1660,Franklin Templeton FTF ClearBridge UK Mid Cap Fund Class W Accumulation,,https://www.direct.aviva.co.uk/wealth/FundChoice/SelfSelectFundsList/FundDetails/B7BXT54/SelfSelectFund
1661,Franklin Templeton FTF ClearBridge UK Mid Cap Fund Class W Income,,https://www.direct.aviva.co.uk/wealth/FundChoice/SelfSelectFundsList/FundDetails/B8K8HH5/SelfSelectFund
1662,Franklin Templeton FTF ClearBridge UK Rising Dividends Fund Class W Accumulation,,https://www.direct.aviva.co.uk/wealth/FundChoice/SelfSelectFundsList/FundDetails/B5MJ560/SelfSelectFund
1663,Franklin Templeton FTF ClearBridge UK Rising Dividends Fund Class W Income,,https://www.direct.aviva.co.uk/wealth/FundChoice/SelfSelectFundsList/FundDetails/BT6STC5/SelfSelectFund
1664,Franklin Templeton FTF ClearBridge UK Smaller Companies Fund Class W Accumulation,,https://www.direct.aviva.co.uk/wealth/FundChoice/SelfSelectFundsList/FundDetails/B7FFF70/SelfSelectFund
1665,Franklin Templeton FTF ClearBridge UK Smaller Companies Fund Class W Income,,https://www.direct.aviva.co.uk/wealth/FundChoice/SelfSelectFundsList/FundDetails/BYVDZV1/SelfSelectFund
1666,Franklin Templeton FTF ClearBridge US Equity Income Class W Accumulation,,https://www.direct.aviva.co.uk/wealth/FundChoice/SelfSelectFundsList/FundDetails/BMF4SY0/SelfSelectFund
1667,Franklin Templeton FTF ClearBridge US Equity Income Class W Income,,https://www.direct.aviva.co.uk/wealth/FundChoice/SelfSelectFundsList/FundDetails/BMF4TR0/SelfSelectFund
1668,Franklin Templeton FTF ClearBridge US Value Class W Accumulation,,https://www.direct.aviva.co.uk/wealth/FundChoice/SelfSelectFundsList/FundDetails/BMF4SW8/SelfSelectFund
1669,Franklin Templeton FTF Franklin European Unconstrained Fund Class W Accumulation,,https://www.direct.aviva.co.uk/wealth/FundChoice/SelfSelectFundsList/FundDetails/BP9LK97/SelfSelectFund
1670,Franklin Templeton FTF Franklin European Unconstrained Fund Class W Income,,https://www.direct.aviva.co.uk/wealth/FundChoice/SelfSelectFundsList/FundDetails/BP9LKB9/SelfSelectFund
1671,Franklin Templeton FTF Franklin Global Unconstrained Fund Class W Accumulation,,https://www.direct.aviva.co.uk/wealth/FundChoice/SelfSelectFundsList/FundDetails/BP9LKD1/SelfSelectFund
1672,Franklin Templeton FTF Franklin Global Unconstrained Fund Class W Income,,https://www.direct.aviva.co.uk/wealth/FundChoice/SelfSelectFundsList/FundDetails/BP9LKF3/SelfSelectFund
1673,Franklin Templeton FTF Franklin UK Gilt Class W Accumulation,,https://www.direct.aviva.co.uk/wealth/FundChoice/SelfSelectFundsList/FundDetails/BYZCTV2/SelfSelectFund
1674,Franklin Templeton FTF Franklin UK Gilt Class W Income,,https://www.direct.aviva.co.uk/wealth/FundChoice/SelfSelectFundsList/FundDetails/BYZCTW3/SelfSelectFund
1675,Franklin Templeton FTF Franklin US Opportunities Class W Accumulation,,https://www.direct.aviva.co.uk/wealth/FundChoice/SelfSelectFundsList/FundDetails/B7KCG40/SelfSelectFund
1676,Franklin Templeton FTF Royce US Smaller Companies Class W Accumulation,,https://www.direct.aviva.co.uk/wealth/FundChoice/SelfSelectFundsList/FundDetails/BP9LKJ7/SelfSelectFund
1677,Franklin Templeton FTF Templeton Global Emerging Markets Class W Accumulation,,https://www.direct.aviva.co.uk/wealth/FundChoice/SelfSelectFundsList/FundDetails/B7MZ0J0/SelfSelectFund
1678,Franklin Templeton FTF Templeton Global Leaders Class W Accumulation,,https://www.direct.aviva.co.uk/wealth/FundChoice/SelfSelectFundsList/FundDetails/B7K6LK3/SelfSelectFund
1679,Franklin Templeton FTF Templeton Japan Equity Fund Class W Accumulation,,https://www.direct.aviva.co.uk/wealth/FundChoice/SelfSelectFundsList/FundDetails/BNBS865/SelfSelectFund
1680,Franklin Templeton FTF Templeton Japan Equity Fund Class W-H2 Accumulation,,https://www.direct.aviva.co.uk/wealth/FundChoice/SelfSelectFundsList/FundDetails/BNBS876/SelfSelectFund
1681,Fulcrum Fulcrum Diversified Absolute Return Class F Accumulation,,https://www.direct.aviva.co.uk/wealth/FundChoice/SelfSelectFundsList/FundDetails/BFM70G9/SelfSelectFund
1682,Fulcrum Fulcrum Equity Dispersion Class I Accumulation,,https://www.direct.aviva.co.uk/wealth/FundChoice/SelfSelectFundsList/FundDetails/BPCRXR1/SelfSelectFund
1683,Fulcrum Fulcrum Thematic Equity Market Neutral Class F Accumulation,,https://www.direct.aviva.co.uk/wealth/FundChoice/SelfSelectFundsList/FundDetails/BMGRBM7/SelfSelectFund
1684,Fulcrum TM Fulcrum Diversified Absolute Return Class C Accumulation,,https://www.direct.aviva.co.uk/wealth/FundChoice/SelfSelectFundsList/FundDetails/B7N2VD1/SelfSelectFund
1685,Fulcrum TM Fulcrum Diversified Core Absolute Return Class C Accumulation,,https://www.direct.aviva.co.uk/wealth/FundChoice/SelfSelectFundsList/FundDetails/BRTNY84/SelfSelectFund
1686,Fulcrum TM Fulcrum Income Class C Income,,https://www.direct.aviva.co.uk/wealth/FundChoice/SelfSelectFundsList/FundDetails/BF8F700/SelfSelectFund
1687,Fundsmith Equity Class I Accumulation,,https://www.direct.aviva.co.uk/wealth/FundChoice/SelfSelectFundsList/FundDetails/B41YBW7/SelfSelectFund
1688,Fundsmith Equity Class I Income,,https://www.direct.aviva.co.uk/wealth/FundChoice/SelfSelectFundsList/FundDetails/B4MR8G8/SelfSelectFund
1689,Fundsmith Stewardship Class I Accumulation,,https://www.direct.aviva.co.uk/wealth/FundChoice/SelfSelectFundsList/FundDetails/BF0V6P4/SelfSelectFund
1690,Fundsmith Stewardship Class I Income,,https://www.direct.aviva.co.uk/wealth/FundChoice/SelfSelectFundsList/FundDetails/BF0V6Q5/SelfSelectFund
1691,GAM Japan Equity Class R Accumulation,,https://www.direct.aviva.co.uk/wealth/FundChoice/SelfSelectFundsList/FundDetails/BX7RH36/SelfSelectFund
1692,GAM Luxury Brands Class Ra Income,,https://www.direct.aviva.co.uk/wealth/FundChoice/SelfSelectFundsList/FundDetails/BFSSD01/SelfSelectFund
1693,GAM MI GAM Continental European Equity Class C Accumulation,,https://www.direct.aviva.co.uk/wealth/FundChoice/SelfSelectFundsList/FundDetails/BN7DCX9/SelfSelectFund
1694,GAM MI GAM Credit Opportunities (GBP) Class A Accumulation,,https://www.direct.aviva.co.uk/wealth/FundChoice/SelfSelectFundsList/FundDetails/BYQJ5G9/SelfSelectFund
1695,GAM MI GAM Disruptive Growth Class I Accumulation,,https://www.direct.aviva.co.uk/wealth/FundChoice/SelfSelectFundsList/FundDetails/B66RBL4/SelfSelectFund
1696,GAM MI GAM Disruptive Growth Class I Income,,https://www.direct.aviva.co.uk/wealth/FundChoice/SelfSelectFundsList/FundDetails/B41V8X8/SelfSelectFund
1697,GAM Star China Equity Class I Accumulation,,https://www.direct.aviva.co.uk/wealth/FundChoice/SelfSelectFundsList/FundDetails/B3CTFS8/SelfSelectFund
1698,GAM Star Continental European Equity Class I Accumulation,,https://www.direct.aviva.co.uk/wealth/FundChoice/SelfSelectFundsList/FundDetails/B3CTFX3/SelfSelectFund
1699,GAM Star Continental European Equity Class I Income,,https://www.direct.aviva.co.uk/wealth/FundChoice/SelfSelectFundsList/FundDetails/B8F9YY9/SelfSelectFund
1700,GAM Star Credit Opportunities Class I Accumulation,,https://www.direct.aviva.co.uk/wealth/FundChoice/SelfSelectFundsList/FundDetails/B510J17/SelfSelectFund
1701,GAM Star Credit Opportunities Class I Income,,https://www.direct.aviva.co.uk/wealth/FundChoice/SelfSelectFundsList/FundDetails/B54L8Q5/SelfSelectFund
1702,GAM Star Credit Opportunities Class QI Income,,https://www.direct.aviva.co.uk/wealth/FundChoice/SelfSelectFundsList/FundDetails/BYZXFP1/SelfSelectFund
1703,GAM Star Credit Opportunities Class SI Income,,https://www.direct.aviva.co.uk/wealth/FundChoice/SelfSelectFundsList/FundDetails/BHBXBH0/SelfSelectFund
1704,GAM Star Disruptive Growth Class I Accumulation,,https://www.direct.aviva.co.uk/wealth/FundChoice/SelfSelectFundsList/FundDetails/B5VMHR5/SelfSelectFund
1705,GAM Star Disruptive Growth Class I Income,,https://www.direct.aviva.co.uk/wealth/FundChoice/SelfSelectFundsList/FundDetails/B57FYK0/SelfSelectFund
1706,GAM Star Emerging Market Rates Accumulation,,https://www.direct.aviva.co.uk/wealth/FundChoice/SelfSelectFundsList/FundDetails/B59YMT0/SelfSelectFund
1707,GAM Star European Equity Inst Accumulation,,https://www.direct.aviva.co.uk/wealth/FundChoice/SelfSelectFundsList/FundDetails/B3CTG96/SelfSelectFund
1708,GAM Star European Equity Inst Income,,https://www.direct.aviva.co.uk/wealth/FundChoice/SelfSelectFundsList/FundDetails/B41NKC7/SelfSelectFund
1709,GAM Star Global Aggressive Class Z Accumulation,,https://www.direct.aviva.co.uk/wealth/FundChoice/SelfSelectFundsList/FundDetails/B8H60G2/SelfSelectFund
1710,GAM Star Global Cautious Class Z Accumulation,,https://www.direct.aviva.co.uk/wealth/FundChoice/SelfSelectFundsList/FundDetails/B8SG3C8/SelfSelectFund
1711,GAM Star Global Flexible Class Z Accumulation,,https://www.direct.aviva.co.uk/wealth/FundChoice/SelfSelectFundsList/FundDetails/B8GJSM4/SelfSelectFund
1712,GAM Star Global Moderate Class Z Accumulation,,https://www.direct.aviva.co.uk/wealth/FundChoice/SelfSelectFundsList/FundDetails/B7YJD68/SelfSelectFund
1713,GAM Star Global Rates Institutional Accumulation,,https://www.direct.aviva.co.uk/wealth/FundChoice/SelfSelectFundsList/FundDetails/B59CJW6/SelfSelectFund
1714,GAM Star Global Rates Institutional Income,,https://www.direct.aviva.co.uk/wealth/FundChoice/SelfSelectFundsList/FundDetails/B59CJN7/SelfSelectFund
1715,GAM Star Japan Leaders Class I Accumulation,,https://www.direct.aviva.co.uk/wealth/FundChoice/SelfSelectFundsList/FundDetails/B3CTGT6/SelfSelectFund
1716,GAM Star Japan Leaders Class I Income,,https://www.direct.aviva.co.uk/wealth/FundChoice/SelfSelectFundsList/FundDetails/B40WC07/SelfSelectFund
1717,GAM Star Japan Leaders Class Z Accumulation,,https://www.direct.aviva.co.uk/wealth/FundChoice/SelfSelectFundsList/FundDetails/BJN6GX2/SelfSelectFund
1718,GAM Sustainable Emerging Equity Class I Income,,https://www.direct.aviva.co.uk/wealth/FundChoice/SelfSelectFundsList/FundDetails/B5VGBK8/SelfSelectFund
1719,GAM Sustainable Emerging Equity Z Accumulation,,https://www.direct.aviva.co.uk/wealth/FundChoice/SelfSelectFundsList/FundDetails/BR0WX72/SelfSelectFund
1720,GHC Capital Markets WS Resilient MM Balanced Managed Class X Accumulation,,https://www.direct.aviva.co.uk/wealth/FundChoice/SelfSelectFundsList/FundDetails/B2RHRS4/SelfSelectFund
1721,GQG Global UCITS ICAV GQG Partners Emerging Markets Equity Class I Accumulation,,https://www.direct.aviva.co.uk/wealth/FundChoice/SelfSelectFundsList/FundDetails/BDGV0K7/SelfSelectFund
1722,GQG Global UCITS ICAV GQG Partners Emerging Markets Equity Class R Accumulation,,https://www.direct.aviva.co.uk/wealth/FundChoice/SelfSelectFundsList/FundDetails/BYW5Q91/SelfSelectFund
1723,GQG Global UCITS ICAV GQG Partners Global Equity Class I Accumulation,,https://www.direct.aviva.co.uk/wealth/FundChoice/SelfSelectFundsList/FundDetails/BH480T7/SelfSelectFund
1724,GQG Global UCITS ICAV GQG Partners Global Quality Value Class R Accumulation,,https://www.direct.aviva.co.uk/wealth/FundChoice/SelfSelectFundsList/FundDetails/BT6NXS4/SelfSelectFund
1725,GQG Global UCITS ICAV GQG Partners Global Quality Value Class R Income,,https://www.direct.aviva.co.uk/wealth/FundChoice/SelfSelectFundsList/FundDetails/BT6NXT5/SelfSelectFund
1726,GQG Global UCITS ICAV GQG Partners US Equity Class I Accumulation,,https://www.direct.aviva.co.uk/wealth/FundChoice/SelfSelectFundsList/FundDetails/BN4GYH9/SelfSelectFund
1727,GQG Global UCITS ICAV GQG Partners US Quality Value Class R Accumulation,,https://www.direct.aviva.co.uk/wealth/FundChoice/SelfSelectFundsList/FundDetails/BT6NY58/SelfSelectFund
1728,GQG Global UCITS ICAV GQG Partners US Quality Value Class R Income,,https://www.direct.aviva.co.uk/wealth/FundChoice/SelfSelectFundsList/FundDetails/BT6NY69/SelfSelectFund
1729,GSI GSI Global Aware Focused Value Class B Accumulation,,https://www.direct.aviva.co.uk/wealth/FundChoice/SelfSelectFundsList/FundDetails/BNNMK92/SelfSelectFund
1730,GSI GSI Global Aware Focused Value Class I Accumulation,,https://www.direct.aviva.co.uk/wealth/FundChoice/SelfSelectFundsList/FundDetails/BN7HRS1/SelfSelectFund
1731,GSI GSI Global Aware Focused Value Class J Income,,https://www.direct.aviva.co.uk/wealth/FundChoice/SelfSelectFundsList/FundDetails/BLD4YP8/SelfSelectFund
1732,GSI GSI Global Aware Value Class A Income,,https://www.direct.aviva.co.uk/wealth/FundChoice/SelfSelectFundsList/FundDetails/BZ036B6/SelfSelectFund
1733,GSI GSI Global Aware Value Class B Accumulation,,https://www.direct.aviva.co.uk/wealth/FundChoice/SelfSelectFundsList/FundDetails/BZ036C7/SelfSelectFund
1734,GenFunds Global plc Ardtur European Focus Absolute Return Class I Income,,https://www.direct.aviva.co.uk/wealth/FundChoice/SelfSelectFundsList/FundDetails/BZ1J022/SelfSelectFund
1735,GenFunds Global plc Ardtur European Focus Class I Income,,https://www.direct.aviva.co.uk/wealth/FundChoice/SelfSelectFundsList/FundDetails/BM90BP6/SelfSelectFund
1736,Goldman Sachs Asset Management Absolute Return Tracker Portfolio Class R Income,,https://www.direct.aviva.co.uk/wealth/FundChoice/SelfSelectFundsList/FundDetails/BQ71096/SelfSelectFund
1737,Goldman Sachs Asset Management Asia Equity Portfolio Class R £ Income,,https://www.direct.aviva.co.uk/wealth/FundChoice/SelfSelectFundsList/FundDetails/BYZWWL3/SelfSelectFund
1738,Goldman Sachs Asset Management Asia High Yield Bond Portfolio Class I Income,,https://www.direct.aviva.co.uk/wealth/FundChoice/SelfSelectFundsList/FundDetails/BNG7135/SelfSelectFund
1739,Goldman Sachs Asset Management China Opportunity Equity Portfolio Class R Income,,https://www.direct.aviva.co.uk/wealth/FundChoice/SelfSelectFundsList/FundDetails/B99B943/SelfSelectFund
1740,Goldman Sachs Asset Management Emerging Market Debt Blend Portfolio Class R GBP Hedged Income,,https://www.direct.aviva.co.uk/wealth/FundChoice/SelfSelectFundsList/FundDetails/B9GCX92/SelfSelectFund
1741,Goldman Sachs Asset Management Emerging Markets CORE Equity Portfolio Class R Income,,https://www.direct.aviva.co.uk/wealth/FundChoice/SelfSelectFundsList/FundDetails/B99B9Q5/SelfSelectFund
1742,Goldman Sachs Asset Management Emerging Markets Corporate Bond Portfolio Class R Income,,https://www.direct.aviva.co.uk/wealth/FundChoice/SelfSelectFundsList/FundDetails/B91KL19/SelfSelectFund
1743,Goldman Sachs Asset Management Emerging Markets Debt Local Class R Income,,https://www.direct.aviva.co.uk/wealth/FundChoice/SelfSelectFundsList/FundDetails/B91KL31/SelfSelectFund
1744,Goldman Sachs Asset Management Emerging Markets Equity ESG Portfolio Class R Income,,https://www.direct.aviva.co.uk/wealth/FundChoice/SelfSelectFundsList/FundDetails/BK10CN5/SelfSelectFund
1745,Goldman Sachs Asset Management Emerging Markets Equity Portfolio Class R Income,,https://www.direct.aviva.co.uk/wealth/FundChoice/SelfSelectFundsList/FundDetails/B99B965/SelfSelectFund
1746,Goldman Sachs Asset Management Environmental Impact Equity Portfolio Class R Accumulation,,https://www.direct.aviva.co.uk/wealth/FundChoice/SelfSelectFundsList/FundDetails/BKX9CH4/SelfSelectFund
1747,Goldman Sachs Asset Management Europe CORE Equity Portfolio Class R Income,,https://www.direct.aviva.co.uk/wealth/FundChoice/SelfSelectFundsList/FundDetails/B99B9R6/SelfSelectFund
1748,Goldman Sachs Asset Management Europe High Yield Bond Portfolio Class R GBP Hedged Income,,https://www.direct.aviva.co.uk/wealth/FundChoice/SelfSelectFundsList/FundDetails/BN326R2/SelfSelectFund
1749,Goldman Sachs Asset Management Global CORE Equity Portfolio Class R Income,,https://www.direct.aviva.co.uk/wealth/FundChoice/SelfSelectFundsList/FundDetails/BYYS450/SelfSelectFund
1750,Goldman Sachs Asset Management Global Credit Portfolio Class R Hedged Income,,https://www.direct.aviva.co.uk/wealth/FundChoice/SelfSelectFundsList/FundDetails/B91KL08/SelfSelectFund
1751,Goldman Sachs Asset Management Global Dynamic Bond Plus Portfolio Class R Hedged Income,,https://www.direct.aviva.co.uk/wealth/FundChoice/SelfSelectFundsList/FundDetails/B99BBR0/SelfSelectFund
1752,Goldman Sachs Asset Management Global Equity Partners Portfolio Class R Income,,https://www.direct.aviva.co.uk/wealth/FundChoice/SelfSelectFundsList/FundDetails/B8J8ZF0/SelfSelectFund
1753,Goldman Sachs Asset Management Global Fixed Income Plus Portfolio Class R Hedged Income,,https://www.direct.aviva.co.uk/wealth/FundChoice/SelfSelectFundsList/FundDetails/B91KL75/SelfSelectFund
1754,Goldman Sachs Asset Management Global High Yield Portfolio Class R Hedged Income,,https://www.direct.aviva.co.uk/wealth/FundChoice/SelfSelectFundsList/FundDetails/B99BB36/SelfSelectFund
1755,Goldman Sachs Asset Management Global Income Bond Portfolio Class R Income,,https://www.direct.aviva.co.uk/wealth/FundChoice/SelfSelectFundsList/FundDetails/BJ354V3/SelfSelectFund
1756,Goldman Sachs Asset Management Global Multi-Asset Balanced Portfolio Class R Hgd Income,,https://www.direct.aviva.co.uk/wealth/FundChoice/SelfSelectFundsList/FundDetails/BLNMRQ4/SelfSelectFund
1757,Goldman Sachs Asset Management Global Multi-Asset Conservative Portfolio Class R Hgd Income,,https://www.direct.aviva.co.uk/wealth/FundChoice/SelfSelectFundsList/FundDetails/BLNMRD1/SelfSelectFund
1758,Goldman Sachs Asset Management Global Multi-Asset Growth Portfolio Class R Hgd Income,,https://www.direct.aviva.co.uk/wealth/FundChoice/SelfSelectFundsList/FundDetails/BLNMS16/SelfSelectFund
1759,Goldman Sachs Asset Management Global Small Cap CORE Equity Class R Snap Income,,https://www.direct.aviva.co.uk/wealth/FundChoice/SelfSelectFundsList/FundDetails/BYW6XH1/SelfSelectFund
1760,Goldman Sachs Asset Management Global Strategic Macro Bond Class R Hedged Income,,https://www.direct.aviva.co.uk/wealth/FundChoice/SelfSelectFundsList/FundDetails/BQVBMX0/SelfSelectFund
1761,Goldman Sachs Asset Management India Equity Portfolio Class R Income,,https://www.direct.aviva.co.uk/wealth/FundChoice/SelfSelectFundsList/FundDetails/B99B9F4/SelfSelectFund
1762,Goldman Sachs Asset Management Japan Equity Partners Portfolio Class I Hedged Accumulation,,https://www.direct.aviva.co.uk/wealth/FundChoice/SelfSelectFundsList/FundDetails/BWWC6V0/SelfSelectFund
1763,Goldman Sachs Asset Management Japan Equity Partners Portfolio Class R Hedged Income,,https://www.direct.aviva.co.uk/wealth/FundChoice/SelfSelectFundsList/FundDetails/BYM2FL7/SelfSelectFund
1764,Goldman Sachs Asset Management Japan Equity Portfolio Class I Hedged Income,,https://www.direct.aviva.co.uk/wealth/FundChoice/SelfSelectFundsList/FundDetails/BDGNHS0/SelfSelectFund
1765,Goldman Sachs Asset Management Japan Equity Portfolio Class R Hedged Income,,https://www.direct.aviva.co.uk/wealth/FundChoice/SelfSelectFundsList/FundDetails/B99B9B0/SelfSelectFund
1766,Goldman Sachs Asset Management Japan Equity Portfolio Class R Hedged Income,,https://www.direct.aviva.co.uk/wealth/FundChoice/SelfSelectFundsList/FundDetails/BDGNH80/SelfSelectFund
1767,Goldman Sachs Asset Management Sterling Liquid Reserves Class R Income,,https://www.direct.aviva.co.uk/wealth/FundChoice/SelfSelectFundsList/FundDetails/B7Y62B7/SelfSelectFund
1768,Goldman Sachs Asset Management US CORE Equity Portfolio Class R Snap Income,,https://www.direct.aviva.co.uk/wealth/FundChoice/SelfSelectFundsList/FundDetails/B99B9S7/SelfSelectFund
1769,Goldman Sachs Asset Management US Equity ESG Portfolio Class R Income,,https://www.direct.aviva.co.uk/wealth/FundChoice/SelfSelectFundsList/FundDetails/B99B9N2/SelfSelectFund
1770,Goldman Sachs Asset Management US Small Cap CORE Equity Portfolio Class I (Snap) Accumulation,,https://www.direct.aviva.co.uk/wealth/FundChoice/SelfSelectFundsList/FundDetails/BQPFXK2/SelfSelectFund
1771,Goldman Sachs Asset Management US Small Cap CORE Equity Portfolio Class R Income,,https://www.direct.aviva.co.uk/wealth/FundChoice/SelfSelectFundsList/FundDetails/B99B9T8/SelfSelectFund
1772,Goldman Sachs Corporate Green Bond Class R (Hedged i) Accumulation,,https://www.direct.aviva.co.uk/wealth/FundChoice/SelfSelectFundsList/FundDetails/BP4BRW4/SelfSelectFund
1773,Goldman Sachs Green Bond Short Duration Class I (Hedged i) Accumulation,,https://www.direct.aviva.co.uk/wealth/FundChoice/SelfSelectFundsList/FundDetails/BJHGN26/SelfSelectFund
1774,Goodhart Partners Goodhart European Fund Class R Income,,https://www.direct.aviva.co.uk/wealth/FundChoice/SelfSelectFundsList/FundDetails/BVBKJD1/SelfSelectFund
1775,Goodhart Partners Goodhart Global Future Leaders Fund Class R Income,,https://www.direct.aviva.co.uk/wealth/FundChoice/SelfSelectFundsList/FundDetails/BVBKJV9/SelfSelectFund
1776,Goodhart Partners Goodhart Global Real Return Fund Class R Income,,https://www.direct.aviva.co.uk/wealth/FundChoice/SelfSelectFundsList/FundDetails/BVBKJT7/SelfSelectFund
1777,Goodhart Partners Goodhart Global Smaller Companies Fund Class R Income,,https://www.direct.aviva.co.uk/wealth/FundChoice/SelfSelectFundsList/FundDetails/BVBKJW0/SelfSelectFund
1778,Goshawk Goshawk Global Fund Class B Accumulation,,https://www.direct.aviva.co.uk/wealth/FundChoice/SelfSelectFundsList/FundDetails/BZ000X7/SelfSelectFund
1779,Goshawk Goshawk Global Fund Class C Income,,https://www.direct.aviva.co.uk/wealth/FundChoice/SelfSelectFundsList/FundDetails/BZ000Z9/SelfSelectFund
1780,Gravis Capital Gravis Clean Energy Income Class C Accumulation,,https://www.direct.aviva.co.uk/wealth/FundChoice/SelfSelectFundsList/FundDetails/BFN4H79/SelfSelectFund
1781,Gravis Capital Gravis Clean Energy Income Class C Income,,https://www.direct.aviva.co.uk/wealth/FundChoice/SelfSelectFundsList/FundDetails/BFN4H46/SelfSelectFund
1782,Gravis Capital Gravis Digital Infrastructure Income Class C Accumulation,,https://www.direct.aviva.co.uk/wealth/FundChoice/SelfSelectFundsList/FundDetails/BN2B4F4/SelfSelectFund
1783,Gravis Capital Gravis UK Infrastructure Income Class C Accumulation,,https://www.direct.aviva.co.uk/wealth/FundChoice/SelfSelectFundsList/FundDetails/BYVB3M2/SelfSelectFund
1784,Gravis Capital Gravis UK Infrastructure Income Class C Income,,https://www.direct.aviva.co.uk/wealth/FundChoice/SelfSelectFundsList/FundDetails/BYVB3J9/SelfSelectFund
1785,Gravis Capital Gravis UK Infrastructure Income Class I Accumulation,,https://www.direct.aviva.co.uk/wealth/FundChoice/SelfSelectFundsList/FundDetails/BYVB3T9/SelfSelectFund
1786,Gravis Capital Gravis UK Infrastructure Income Class I Income,,https://www.direct.aviva.co.uk/wealth/FundChoice/SelfSelectFundsList/FundDetails/BYVB3Q6/SelfSelectFund
1787,Gravis Capital Gravis UK Listed Property (Feeder) Fund Class F Accumulation,,https://www.direct.aviva.co.uk/wealth/FundChoice/SelfSelectFundsList/FundDetails/BKDZ8Y1/SelfSelectFund
1788,Gravis Capital Gravis UK Listed Property (Feeder) Fund Class F Income,,https://www.direct.aviva.co.uk/wealth/FundChoice/SelfSelectFundsList/FundDetails/BKDZ8V8/SelfSelectFund
1789,Gravis Capital Gravis UK Listed Property (PAIF) Fund Class A Accumulation,,https://www.direct.aviva.co.uk/wealth/FundChoice/SelfSelectFundsList/FundDetails/BK8VW75/SelfSelectFund
1790,Gravis Capital Gravis UK Listed Property (PAIF) Fund Class A Income,,https://www.direct.aviva.co.uk/wealth/FundChoice/SelfSelectFundsList/FundDetails/BK8VW53/SelfSelectFund
1791,Guinness Asian Equity Income Class Y Accumulation,,https://www.direct.aviva.co.uk/wealth/FundChoice/SelfSelectFundsList/FundDetails/BDHSRD9/SelfSelectFund
1792,Guinness Asian Equity Income Class Y Income,,https://www.direct.aviva.co.uk/wealth/FundChoice/SelfSelectFundsList/FundDetails/BDHSRF1/SelfSelectFund
1793,Guinness Best of Asia Class Y Accumulation,,https://www.direct.aviva.co.uk/wealth/FundChoice/SelfSelectFundsList/FundDetails/BF2VFY4/SelfSelectFund
1794,Guinness China A Share Class Y Accumulation,,https://www.direct.aviva.co.uk/wealth/FundChoice/SelfSelectFundsList/FundDetails/BMH8LR4/SelfSelectFund
1795,Guinness Emerging Markets Equity Income Class F Income,,https://www.direct.aviva.co.uk/wealth/FundChoice/SelfSelectFundsList/FundDetails/BYV24X3/SelfSelectFund
1796,Guinness Emerging Markets Equity Income Class Y Accumulation,,https://www.direct.aviva.co.uk/wealth/FundChoice/SelfSelectFundsList/FundDetails/BYV24Q6/SelfSelectFund
1797,Guinness European Equity Income Class Y Accumulation,,https://www.direct.aviva.co.uk/wealth/FundChoice/SelfSelectFundsList/FundDetails/BYVHVZ9/SelfSelectFund
1798,Guinness Global Energy Class Y Accumulation,,https://www.direct.aviva.co.uk/wealth/FundChoice/SelfSelectFundsList/FundDetails/B6XV001/SelfSelectFund
1799,Guinness Global Environment Class F Accumulation,,https://www.direct.aviva.co.uk/wealth/FundChoice/SelfSelectFundsList/FundDetails/BPY1CM9/SelfSelectFund
1800,Guinness Global Equity Income Class Y Accumulation,,https://www.direct.aviva.co.uk/wealth/FundChoice/SelfSelectFundsList/FundDetails/BVYPNY2/SelfSelectFund
1801,Guinness Global Equity Income Class Y Income,,https://www.direct.aviva.co.uk/wealth/FundChoice/SelfSelectFundsList/FundDetails/BVYPP13/SelfSelectFund
1802,Guinness Global Innovators Class Y Accumulation,,https://www.direct.aviva.co.uk/wealth/FundChoice/SelfSelectFundsList/FundDetails/BQXX3K8/SelfSelectFund
1803,Guinness Global Money Managers Class Y Accumulation,,https://www.direct.aviva.co.uk/wealth/FundChoice/SelfSelectFundsList/FundDetails/B7MJHM4/SelfSelectFund
1804,Guinness Global Quality Mid Cap Class F Accumulation,,https://www.direct.aviva.co.uk/wealth/FundChoice/SelfSelectFundsList/FundDetails/BN0W330/SelfSelectFund
1805,Guinness Global Real Assets Class Y Accumulation,,https://www.direct.aviva.co.uk/wealth/FundChoice/SelfSelectFundsList/FundDetails/BTHZ594/SelfSelectFund
1806,Guinness Global Real Assets Class Y Income,,https://www.direct.aviva.co.uk/wealth/FundChoice/SelfSelectFundsList/FundDetails/BTHZ5B6/SelfSelectFund
1807,Guinness Greater China Class Y Accumulation,,https://www.direct.aviva.co.uk/wealth/FundChoice/SelfSelectFundsList/FundDetails/BZ08YV7/SelfSelectFund
1808,Guinness Sustainable Energy Class Y Accumulation,,https://www.direct.aviva.co.uk/wealth/FundChoice/SelfSelectFundsList/FundDetails/BFYV9L7/SelfSelectFund
1809,HSBC American Index Class C Accumulation,,https://www.direct.aviva.co.uk/wealth/FundChoice/SelfSelectFundsList/FundDetails/B80QG61/SelfSelectFund
1810,HSBC American Index Class C Income,,https://www.direct.aviva.co.uk/wealth/FundChoice/SelfSelectFundsList/FundDetails/B80QG49/SelfSelectFund
1811,HSBC Balanced Class C Accumulation,,https://www.direct.aviva.co.uk/wealth/FundChoice/SelfSelectFundsList/FundDetails/BG0R529/SelfSelectFund
1812,HSBC Balanced Class C Income,,https://www.direct.aviva.co.uk/wealth/FundChoice/SelfSelectFundsList/FundDetails/BG0R4Z5/SelfSelectFund
1813,HSBC China Government Local Bond Index Class BCHGBPC Accumulation,,https://www.direct.aviva.co.uk/wealth/FundChoice/SelfSelectFundsList/FundDetails/BLNLDX0/SelfSelectFund
1814,HSBC Corporate Bond Class C Accumulation,,https://www.direct.aviva.co.uk/wealth/FundChoice/SelfSelectFundsList/FundDetails/B85KC15/SelfSelectFund
1815,HSBC Corporate Bond Class C Income,,https://www.direct.aviva.co.uk/wealth/FundChoice/SelfSelectFundsList/FundDetails/B7X4RF1/SelfSelectFund
1816,HSBC Developed World Sustainable Equity Index Class C Accumulation,,https://www.direct.aviva.co.uk/wealth/FundChoice/SelfSelectFundsList/FundDetails/BN71RZ0/SelfSelectFund
1817,HSBC Developed World Sustainable Equity Index Class C Income,,https://www.direct.aviva.co.uk/wealth/FundChoice/SelfSelectFundsList/FundDetails/BN71RY9/SelfSelectFund
1818,HSBC Europe Ex UK Equity Class C Accumulation,,https://www.direct.aviva.co.uk/wealth/FundChoice/SelfSelectFundsList/FundDetails/BNYFWD8/SelfSelectFund
1819,HSBC Europe Ex UK Equity Class C Income,,https://www.direct.aviva.co.uk/wealth/FundChoice/SelfSelectFundsList/FundDetails/BNYFWC7/SelfSelectFund
1820,HSBC European Index Class C Accumulation,,https://www.direct.aviva.co.uk/wealth/FundChoice/SelfSelectFundsList/FundDetails/B80QGH2/SelfSelectFund
1821,HSBC European Index Class C Income,,https://www.direct.aviva.co.uk/wealth/FundChoice/SelfSelectFundsList/FundDetails/B80QGD8/SelfSelectFund
1822,HSBC FTSE 100 Index Class C Accumulation,,https://www.direct.aviva.co.uk/wealth/FundChoice/SelfSelectFundsList/FundDetails/B80QFR5/SelfSelectFund
1823,HSBC FTSE 100 Index Class C Income,,https://www.direct.aviva.co.uk/wealth/FundChoice/SelfSelectFundsList/FundDetails/B80QD04/SelfSelectFund
1824,HSBC FTSE 250 Index Class C Accumulation,,https://www.direct.aviva.co.uk/wealth/FundChoice/SelfSelectFundsList/FundDetails/B80QG05/SelfSelectFund
1825,HSBC FTSE 250 Index Class C Income,,https://www.direct.aviva.co.uk/wealth/FundChoice/SelfSelectFundsList/FundDetails/B80QFZ3/SelfSelectFund
1826,HSBC FTSE All-Share Index Class C Accumulation,,https://www.direct.aviva.co.uk/wealth/FundChoice/SelfSelectFundsList/FundDetails/B80QFX1/SelfSelectFund
1827,HSBC FTSE All-Share Index Class C Income,,https://www.direct.aviva.co.uk/wealth/FundChoice/SelfSelectFundsList/FundDetails/B80QFW0/SelfSelectFund
1828,HSBC FTSE All-World Index Class C Accumulation,,https://www.direct.aviva.co.uk/wealth/FundChoice/SelfSelectFundsList/FundDetails/BMJJJF9/SelfSelectFund
1829,HSBC FTSE All-World Index Class C Income,,https://www.direct.aviva.co.uk/wealth/FundChoice/SelfSelectFundsList/FundDetails/BMJJJG0/SelfSelectFund
1830,HSBC GIF Frontier Markets Class BC Accumulation,,https://www.direct.aviva.co.uk/wealth/FundChoice/SelfSelectFundsList/FundDetails/B90G5C7/SelfSelectFund
1831,HSBC Global Aggregate Bond Index Class BD Hedged Income,,https://www.direct.aviva.co.uk/wealth/FundChoice/SelfSelectFundsList/FundDetails/BF5DZ69/SelfSelectFund
1832,HSBC Global Government Bond Index Class BDH Accumulation,,https://www.direct.aviva.co.uk/wealth/FundChoice/SelfSelectFundsList/FundDetails/BMDBVW2/SelfSelectFund
1833,HSBC Global Government Bond Index Class BDH Income,,https://www.direct.aviva.co.uk/wealth/FundChoice/SelfSelectFundsList/FundDetails/BDFD2S6/SelfSelectFund
1834,HSBC Global Listed Real Assets Class C Accumulation,,https://www.direct.aviva.co.uk/wealth/FundChoice/SelfSelectFundsList/FundDetails/B84L7Q9/SelfSelectFund
1835,HSBC Global Listed Real Assets Class C Income,,https://www.direct.aviva.co.uk/wealth/FundChoice/SelfSelectFundsList/FundDetails/B702WG4/SelfSelectFund
1836,HSBC Global Responsible Multi-Asset Adventurous Portfolio Class C Accumulation,,https://www.direct.aviva.co.uk/wealth/FundChoice/SelfSelectFundsList/FundDetails/BLKQCX1/SelfSelectFund
1837,HSBC Global Responsible Multi-Asset Adventurous Portfolio Class C Income,,https://www.direct.aviva.co.uk/wealth/FundChoice/SelfSelectFundsList/FundDetails/BLKQCW0/SelfSelectFund
1838,HSBC Global Responsible Multi-Asset Balanced Portfolio Class C Accumulation,,https://www.direct.aviva.co.uk/wealth/FundChoice/SelfSelectFundsList/FundDetails/BF1H4F7/SelfSelectFund
1839,HSBC Global Responsible Multi-Asset Balanced Portfolio Class C Income,,https://www.direct.aviva.co.uk/wealth/FundChoice/SelfSelectFundsList/FundDetails/BF1H4D5/SelfSelectFund
1840,HSBC Global Responsible Multi-Asset Cautious Portfolio Class C Accumulation,,https://www.direct.aviva.co.uk/wealth/FundChoice/SelfSelectFundsList/FundDetails/BLKQD05/SelfSelectFund
1841,HSBC Global Responsible Multi-Asset Cautious Portfolio Class C Income,,https://www.direct.aviva.co.uk/wealth/FundChoice/SelfSelectFundsList/FundDetails/BLKQCZ3/SelfSelectFund
1842,HSBC Global Responsible Multi-Asset Conservative Class C Accumulation,,https://www.direct.aviva.co.uk/wealth/FundChoice/SelfSelectFundsList/FundDetails/BF1H4H9/SelfSelectFund
1843,HSBC Global Responsible Multi-Asset Conservative Class C Income,,https://www.direct.aviva.co.uk/wealth/FundChoice/SelfSelectFundsList/FundDetails/BF1H4G8/SelfSelectFund
1844,HSBC Global Responsible Multi-Asset Dynamic Portfolio Class C Accumulation,,https://www.direct.aviva.co.uk/wealth/FundChoice/SelfSelectFundsList/FundDetails/BLKQDC7/SelfSelectFund
1845,HSBC Global Responsible Multi-Asset Dynamic Portfolio Class C Income,,https://www.direct.aviva.co.uk/wealth/FundChoice/SelfSelectFundsList/FundDetails/BLKQCJ7/SelfSelectFund
1846,HSBC Global Strategy Adventurous Portfolio Class C Accumulation,,https://www.direct.aviva.co.uk/wealth/FundChoice/SelfSelectFundsList/FundDetails/BYVXBH9/SelfSelectFund
1847,HSBC Global Strategy Adventurous Portfolio Class C Income,,https://www.direct.aviva.co.uk/wealth/FundChoice/SelfSelectFundsList/FundDetails/BYVXBG8/SelfSelectFund
1848,HSBC Global Strategy Balanced Portfolio Class C Accumulation,,https://www.direct.aviva.co.uk/wealth/FundChoice/SelfSelectFundsList/FundDetails/B76WP69/SelfSelectFund
1849,HSBC Global Strategy Balanced Portfolio Class C Income,,https://www.direct.aviva.co.uk/wealth/FundChoice/SelfSelectFundsList/FundDetails/B7PHDP0/SelfSelectFund
1850,HSBC Global Strategy Cautious Portfolio Class C Accumulation,,https://www.direct.aviva.co.uk/wealth/FundChoice/SelfSelectFundsList/FundDetails/B84DV18/SelfSelectFund
1851,HSBC Global Strategy Cautious Portfolio Class C Income,,https://www.direct.aviva.co.uk/wealth/FundChoice/SelfSelectFundsList/FundDetails/B84L866/SelfSelectFund
1852,HSBC Global Strategy Conservative Portfolio Class C Accumulation,,https://www.direct.aviva.co.uk/wealth/FundChoice/SelfSelectFundsList/FundDetails/BYVXBK2/SelfSelectFund
1853,HSBC Global Strategy Conservative Portfolio Class C Income,,https://www.direct.aviva.co.uk/wealth/FundChoice/SelfSelectFundsList/FundDetails/BYVXBJ1/SelfSelectFund
1854,HSBC Global Strategy Dynamic Portfolio Class C Accumulation,,https://www.direct.aviva.co.uk/wealth/FundChoice/SelfSelectFundsList/FundDetails/B849DT8/SelfSelectFund
1855,HSBC Global Strategy Dynamic Portfolio Class C Income,,https://www.direct.aviva.co.uk/wealth/FundChoice/SelfSelectFundsList/FundDetails/B7NM498/SelfSelectFund
1856,HSBC Global Sukuk Index Class BC Accumulation,,https://www.direct.aviva.co.uk/wealth/FundChoice/SelfSelectFundsList/FundDetails/BN4L195/SelfSelectFund
1857,HSBC Income Class C Accumulation,,https://www.direct.aviva.co.uk/wealth/FundChoice/SelfSelectFundsList/FundDetails/B8FJ159/SelfSelectFund
1858,HSBC Income Class C Income,,https://www.direct.aviva.co.uk/wealth/FundChoice/SelfSelectFundsList/FundDetails/B80L0G4/SelfSelectFund
1859,HSBC Islamic Fund - Islamic Global Equity Index Class BC Income,,https://www.direct.aviva.co.uk/wealth/FundChoice/SelfSelectFundsList/FundDetails/BJLVT85/SelfSelectFund
1860,HSBC Japan Index Class C Accumulation,,https://www.direct.aviva.co.uk/wealth/FundChoice/SelfSelectFundsList/FundDetails/B80QGN8/SelfSelectFund
1861,HSBC Japan Index Class C Income,,https://www.direct.aviva.co.uk/wealth/FundChoice/SelfSelectFundsList/FundDetails/B80QGM7/SelfSelectFund
1862,HSBC MSCI Emerging Markets Equity Index Class C Accumulation,,https://www.direct.aviva.co.uk/wealth/FundChoice/SelfSelectFundsList/FundDetails/BT8R878/SelfSelectFund
1863,HSBC MSCI Emerging Markets ex China Equity Index Class C Accumulation,,https://www.direct.aviva.co.uk/wealth/FundChoice/SelfSelectFundsList/FundDetails/BT8R890/SelfSelectFund
1864,HSBC Monthly Income Class C Accumulation,,https://www.direct.aviva.co.uk/wealth/FundChoice/SelfSelectFundsList/FundDetails/B80H868/SelfSelectFund
1865,HSBC Monthly Income Class C Income,,https://www.direct.aviva.co.uk/wealth/FundChoice/SelfSelectFundsList/FundDetails/B8L2VM9/SelfSelectFund
1866,HSBC Multi-Factor Worldwide Equity Class BDGBP Accumulation,,https://www.direct.aviva.co.uk/wealth/FundChoice/SelfSelectFundsList/FundDetails/BNHSYP0/SelfSelectFund
1867,HSBC Multi-Factor Worldwide Equity Class BDGBP Income,,https://www.direct.aviva.co.uk/wealth/FundChoice/SelfSelectFundsList/FundDetails/BMVJ2H0/SelfSelectFund
1868,HSBC Pacific Index Class C Accumulation,,https://www.direct.aviva.co.uk/wealth/FundChoice/SelfSelectFundsList/FundDetails/B80QGT4/SelfSelectFund
1869,HSBC Pacific Index Class C Income,,https://www.direct.aviva.co.uk/wealth/FundChoice/SelfSelectFundsList/FundDetails/B80QGR2/SelfSelectFund
1870,HSBC S&P 500 Equal Weight Equity Index Accumulation C Accumulation,,https://www.direct.aviva.co.uk/wealth/FundChoice/SelfSelectFundsList/FundDetails/BSZ8GD9/SelfSelectFund
1871,HSBC S&P 500 Equal Weight Equity Index Income C Income,,https://www.direct.aviva.co.uk/wealth/FundChoice/SelfSelectFundsList/FundDetails/BSZ8FB0/SelfSelectFund
1872,HSBC Shariah Multi Asset Class BC Accumulation,,https://www.direct.aviva.co.uk/wealth/FundChoice/SelfSelectFundsList/FundDetails/BR84734/SelfSelectFund
1873,HSBC Sterling Corporate Bond Index Class C Accumulation,,https://www.direct.aviva.co.uk/wealth/FundChoice/SelfSelectFundsList/FundDetails/BYV9WC9/SelfSelectFund
1874,HSBC Sterling Corporate Bond Index Class C Income,,https://www.direct.aviva.co.uk/wealth/FundChoice/SelfSelectFundsList/FundDetails/BYV9W85/SelfSelectFund
1875,HSBC UK Gilt Index Class C Accumulation,,https://www.direct.aviva.co.uk/wealth/FundChoice/SelfSelectFundsList/FundDetails/B80QG38/SelfSelectFund
1876,HSBC UK Gilt Index Class C Income,,https://www.direct.aviva.co.uk/wealth/FundChoice/SelfSelectFundsList/FundDetails/B80QG27/SelfSelectFund
1877,HSBC UK Growth & Income Class C Accumulation,,https://www.direct.aviva.co.uk/wealth/FundChoice/SelfSelectFundsList/FundDetails/B715G37/SelfSelectFund
1878,HSBC UK Growth & Income Class C Income,,https://www.direct.aviva.co.uk/wealth/FundChoice/SelfSelectFundsList/FundDetails/B86PKV5/SelfSelectFund
1879,HSBC US Multi-Factor Equity - Accumulation,,https://www.direct.aviva.co.uk/wealth/FundChoice/SelfSelectFundsList/FundDetails/B19DCX3/SelfSelectFund
1880,HSBC USA Sustainable Equity Index Class C Accumulation,,https://www.direct.aviva.co.uk/wealth/FundChoice/SelfSelectFundsList/FundDetails/BP6FT39/SelfSelectFund
1881,HSBC World Selection - Adventurous Portfolio Class C Accumulation,,https://www.direct.aviva.co.uk/wealth/FundChoice/SelfSelectFundsList/FundDetails/BQ15ZS8/SelfSelectFund
1882,HSBC World Selection - Adventurous Portfolio Class C Income,,https://www.direct.aviva.co.uk/wealth/FundChoice/SelfSelectFundsList/FundDetails/BQ15ZR7/SelfSelectFund
1883,HSBC World Selection - Balanced Portfolio Class C Accumulation,,https://www.direct.aviva.co.uk/wealth/FundChoice/SelfSelectFundsList/FundDetails/B8QYPR3/SelfSelectFund
1884,HSBC World Selection - Balanced Portfolio Class C Income,,https://www.direct.aviva.co.uk/wealth/FundChoice/SelfSelectFundsList/FundDetails/B8QYP51/SelfSelectFund
1885,HSBC World Selection - Cautious Portfolio Class C Accumulation,,https://www.direct.aviva.co.uk/wealth/FundChoice/SelfSelectFundsList/FundDetails/B7L42X6/SelfSelectFund
1886,HSBC World Selection - Cautious Portfolio Class C Income,,https://www.direct.aviva.co.uk/wealth/FundChoice/SelfSelectFundsList/FundDetails/B8GNX87/SelfSelectFund
1887,HSBC World Selection - Conservative Portfolio Class C Accumulation,,https://www.direct.aviva.co.uk/wealth/FundChoice/SelfSelectFundsList/FundDetails/BQ15ZM2/SelfSelectFund
1888,HSBC World Selection - Conservative Portfolio Class C Income,,https://www.direct.aviva.co.uk/wealth/FundChoice/SelfSelectFundsList/FundDetails/BQ15ZG6/SelfSelectFund
1889,HSBC World Selection - Dividend Distribution Portfolio Class C Accumulation,,https://www.direct.aviva.co.uk/wealth/FundChoice/SelfSelectFundsList/FundDetails/B7JK054/SelfSelectFund
1890,HSBC World Selection - Dividend Distribution Portfolio Class C Income,,https://www.direct.aviva.co.uk/wealth/FundChoice/SelfSelectFundsList/FundDetails/B84BZW1/SelfSelectFund
1891,HSBC World Selection - Dynamic Portfolio Class C Accumulation,,https://www.direct.aviva.co.uk/wealth/FundChoice/SelfSelectFundsList/FundDetails/B886CK9/SelfSelectFund
1892,HSBC World Selection - Dynamic Portfolio Class C Income,,https://www.direct.aviva.co.uk/wealth/FundChoice/SelfSelectFundsList/FundDetails/B84JBP0/SelfSelectFund
1893,HSBC World Selection - Interest Income Portfolio Class C Accumulation,,https://www.direct.aviva.co.uk/wealth/FundChoice/SelfSelectFundsList/FundDetails/B82SVC6/SelfSelectFund
1894,HSBC World Selection - Interest Income Portfolio Class C Income,,https://www.direct.aviva.co.uk/wealth/FundChoice/SelfSelectFundsList/FundDetails/B7KHQP6/SelfSelectFund
1895,Handelsbanken Wealth & Asset Management Balanced MAF Class I Accumulation,,https://www.direct.aviva.co.uk/wealth/FundChoice/SelfSelectFundsList/FundDetails/B4PT4N0/SelfSelectFund
1896,Handelsbanken Wealth & Asset Management Balanced Responsible Multi Asset Class I Accumulation,,https://www.direct.aviva.co.uk/wealth/FundChoice/SelfSelectFundsList/FundDetails/BJXS5G4/SelfSelectFund
1897,Handelsbanken Wealth & Asset Management Cautious MAF Class I Accumulation,,https://www.direct.aviva.co.uk/wealth/FundChoice/SelfSelectFundsList/FundDetails/B4P1209/SelfSelectFund
1898,Handelsbanken Wealth & Asset Management Cautious MAF Class I Income,,https://www.direct.aviva.co.uk/wealth/FundChoice/SelfSelectFundsList/FundDetails/B4KBTG9/SelfSelectFund
1899,Handelsbanken Wealth & Asset Management Defensive MAF Class I Accumulation,,https://www.direct.aviva.co.uk/wealth/FundChoice/SelfSelectFundsList/FundDetails/B7660X3/SelfSelectFund
1900,Handelsbanken Wealth & Asset Management Growth MAF Class I Accumulation,,https://www.direct.aviva.co.uk/wealth/FundChoice/SelfSelectFundsList/FundDetails/B4L57C2/SelfSelectFund
1901,Handelsbanken Wealth & Asset Management Growth Responsible Multi Asset Class I Accumulation,,https://www.direct.aviva.co.uk/wealth/FundChoice/SelfSelectFundsList/FundDetails/BJXS3X7/SelfSelectFund
1902,Handelsbanken Wealth & Asset Management Income MAF Class I Income,,https://www.direct.aviva.co.uk/wealth/FundChoice/SelfSelectFundsList/FundDetails/B52LK94/SelfSelectFund
1903,Harrington Cooper UCITS Funds ICAV HC Snyder US All Cap Equity Fund Class I Accumulation,,https://www.direct.aviva.co.uk/wealth/FundChoice/SelfSelectFundsList/FundDetails/BPSJH02/SelfSelectFund
1904,Herald Worldwide Technology Fund Class B Accumulation,,https://www.direct.aviva.co.uk/wealth/FundChoice/SelfSelectFundsList/FundDetails/B51DS86/SelfSelectFund
1905,Heriot Investment Fund Heriot Global Class A Accumulation,,https://www.direct.aviva.co.uk/wealth/FundChoice/SelfSelectFundsList/FundDetails/B99M6Y5/SelfSelectFund
1906,Heriot Investment Fund Heriot Global Class A Income,,https://www.direct.aviva.co.uk/wealth/FundChoice/SelfSelectFundsList/FundDetails/B835GN2/SelfSelectFund
1907,Heriot Investment Fund Heriot Global Smaller Companies Class A Accumulation,,https://www.direct.aviva.co.uk/wealth/FundChoice/SelfSelectFundsList/FundDetails/BNHRF76/SelfSelectFund
1908,Heriot Investment Fund Heriot Global Smaller Companies Class A Income,,https://www.direct.aviva.co.uk/wealth/FundChoice/SelfSelectFundsList/FundDetails/BNHRF87/SelfSelectFund
1909,IFSL 7IM Defensive Strategy Class X Accumulation,,https://www.direct.aviva.co.uk/wealth/FundChoice/SelfSelectFundsList/FundDetails/BQ0KCQ1/SelfSelectFund
1910,IFSL 7IM Global Opportunities Class X Accumulation,,https://www.direct.aviva.co.uk/wealth/FundChoice/SelfSelectFundsList/FundDetails/BQ0KCP0/SelfSelectFund
1911,IFSL Arbion Balanced Opportunities Class A GBP Accumulation,,https://www.direct.aviva.co.uk/wealth/FundChoice/SelfSelectFundsList/FundDetails/BKPC925/SelfSelectFund
1912,IFSL Arbion Balanced Opportunities Class A GBP Income,,https://www.direct.aviva.co.uk/wealth/FundChoice/SelfSelectFundsList/FundDetails/BKPC936/SelfSelectFund
1913,IFSL Arbion Sovereign Opportunities Class A GBP Accumulation,,https://www.direct.aviva.co.uk/wealth/FundChoice/SelfSelectFundsList/FundDetails/BKPC970/SelfSelectFund
1914,IFSL Arbion Sovereign Opportunities Class A GBP Income,,https://www.direct.aviva.co.uk/wealth/FundChoice/SelfSelectFundsList/FundDetails/BKPC981/SelfSelectFund
1915,IFSL Ascot Lloyd Fund 3 Class A Accumulation,,https://www.direct.aviva.co.uk/wealth/FundChoice/SelfSelectFundsList/FundDetails/BJXFKY8/SelfSelectFund
1916,IFSL Ascot Lloyd Fund 3 Class A Income,,https://www.direct.aviva.co.uk/wealth/FundChoice/SelfSelectFundsList/FundDetails/BJXFKZ9/SelfSelectFund
1917,IFSL Ascot Lloyd Fund 4 Class A Accumulation,,https://www.direct.aviva.co.uk/wealth/FundChoice/SelfSelectFundsList/FundDetails/BJXFZ21/SelfSelectFund
1918,IFSL Ascot Lloyd Fund 4 Class A Income,,https://www.direct.aviva.co.uk/wealth/FundChoice/SelfSelectFundsList/FundDetails/BJXFL12/SelfSelectFund
1919,IFSL Ascot Lloyd Fund 5 Class A Accumulation,,https://www.direct.aviva.co.uk/wealth/FundChoice/SelfSelectFundsList/FundDetails/BJXFL56/SelfSelectFund
1920,IFSL Ascot Lloyd Fund 5 Class A Income,,https://www.direct.aviva.co.uk/wealth/FundChoice/SelfSelectFundsList/FundDetails/BJXFL67/SelfSelectFund
1921,IFSL Ascot Lloyd Fund 6 Class A Accumulation,,https://www.direct.aviva.co.uk/wealth/FundChoice/SelfSelectFundsList/FundDetails/BJXFR92/SelfSelectFund
1922,IFSL Ascot Lloyd Fund 6 Class A Income,,https://www.direct.aviva.co.uk/wealth/FundChoice/SelfSelectFundsList/FundDetails/BJXFRB4/SelfSelectFund
1923,IFSL Ascot Lloyd Fund 7 Class A Accumulation,,https://www.direct.aviva.co.uk/wealth/FundChoice/SelfSelectFundsList/FundDetails/BJXFRQ9/SelfSelectFund
1924,IFSL Ascot Lloyd Fund 7 Class A Income,,https://www.direct.aviva.co.uk/wealth/FundChoice/SelfSelectFundsList/FundDetails/BJXFRW5/SelfSelectFund
1925,IFSL Ascot Lloyd Fund 8 Class A Accumulation,,https://www.direct.aviva.co.uk/wealth/FundChoice/SelfSelectFundsList/FundDetails/BKVFF75/SelfSelectFund
1926,IFSL Ascot Lloyd Fund 8 Class A Income,,https://www.direct.aviva.co.uk/wealth/FundChoice/SelfSelectFundsList/FundDetails/BKVFF86/SelfSelectFund
1927,IFSL Blackfinch NextGen Infrastructure Fund Class A Accumulation,,https://www.direct.aviva.co.uk/wealth/FundChoice/SelfSelectFundsList/FundDetails/BQ2MXR3/SelfSelectFund
1928,IFSL Blackfinch NextGen Infrastructure Fund Class A Income,,https://www.direct.aviva.co.uk/wealth/FundChoice/SelfSelectFundsList/FundDetails/BQ2MXX9/SelfSelectFund
1929,IFSL Blackfinch NextGen Property Securities Fund Class A Accumulation,,https://www.direct.aviva.co.uk/wealth/FundChoice/SelfSelectFundsList/FundDetails/BQ2MY03/SelfSelectFund
1930,IFSL Blackfinch NextGen Property Securities Fund Class A Income,,https://www.direct.aviva.co.uk/wealth/FundChoice/SelfSelectFundsList/FundDetails/BQ2MY14/SelfSelectFund
1931,IFSL Church House Balanced Equity Income Fund Class B Accumulation,,https://www.direct.aviva.co.uk/wealth/FundChoice/SelfSelectFundsList/FundDetails/BNBNRC9/SelfSelectFund
1932,IFSL Church House Balanced Equity Income Fund Class B Income,,https://www.direct.aviva.co.uk/wealth/FundChoice/SelfSelectFundsList/FundDetails/BNBNRB8/SelfSelectFund
1933,IFSL Church House Esk Global Equity Fund Class B Accumulation,,https://www.direct.aviva.co.uk/wealth/FundChoice/SelfSelectFundsList/FundDetails/BNBNRH4/SelfSelectFund
1934,IFSL Church House Esk Global Equity Fund Class B Income,,https://www.direct.aviva.co.uk/wealth/FundChoice/SelfSelectFundsList/FundDetails/BNBNRG3/SelfSelectFund
1935,IFSL Church House Human Capital Fund Class B Accumulation,,https://www.direct.aviva.co.uk/wealth/FundChoice/SelfSelectFundsList/FundDetails/BPXVP32/SelfSelectFund
1936,IFSL Church House Human Capital Fund Class B Income,,https://www.direct.aviva.co.uk/wealth/FundChoice/SelfSelectFundsList/FundDetails/BPXVP43/SelfSelectFund
1937,IFSL Church House Investment Grade Fixed Interest Fund Class A Accumulation,,https://www.direct.aviva.co.uk/wealth/FundChoice/SelfSelectFundsList/FundDetails/B11DPK9/SelfSelectFund
1938,IFSL Church House Investment Grade Fixed Interest Fund Class A Income,,https://www.direct.aviva.co.uk/wealth/FundChoice/SelfSelectFundsList/FundDetails/0474382/SelfSelectFund
1939,IFSL Church House Tenax Absolute Return Strategies Fund Class C Accumulation,,https://www.direct.aviva.co.uk/wealth/FundChoice/SelfSelectFundsList/FundDetails/BNBNRF2/SelfSelectFund
1940,IFSL Church House Tenax Absolute Return Strategies Fund Class C Income,,https://www.direct.aviva.co.uk/wealth/FundChoice/SelfSelectFundsList/FundDetails/BNBNRD0/SelfSelectFund
1941,IFSL Church House UK Equity Growth Fund Class Z Accumulation,,https://www.direct.aviva.co.uk/wealth/FundChoice/SelfSelectFundsList/FundDetails/BMG70S6/SelfSelectFund
1942,IFSL Church House UK Equity Growth Fund Class Z Income,,https://www.direct.aviva.co.uk/wealth/FundChoice/SelfSelectFundsList/FundDetails/BMG70R5/SelfSelectFund
1943,IFSL Church House UK Smaller Companies Fund Class B Accumulation,,https://www.direct.aviva.co.uk/wealth/FundChoice/SelfSelectFundsList/FundDetails/BLY2BF0/SelfSelectFund
1944,IFSL Equilibrium Adventurous Portfolio Class A Accumulation,,https://www.direct.aviva.co.uk/wealth/FundChoice/SelfSelectFundsList/FundDetails/BYXHQW9/SelfSelectFund
1945,IFSL Equilibrium Balanced Portfolio Class A Accumulation,,https://www.direct.aviva.co.uk/wealth/FundChoice/SelfSelectFundsList/FundDetails/BYXHQX0/SelfSelectFund
1946,IFSL Equilibrium Cautious Portfolio Class A Accumulation,,https://www.direct.aviva.co.uk/wealth/FundChoice/SelfSelectFundsList/FundDetails/BYXHQY1/SelfSelectFund
1947,IFSL Equilibrium Defensive Portfolio Class A Accumulation,,https://www.direct.aviva.co.uk/wealth/FundChoice/SelfSelectFundsList/FundDetails/BMYC715/SelfSelectFund
1948,IFSL Equilibrium Global Equity Portfolio Class A Accumulation,,https://www.direct.aviva.co.uk/wealth/FundChoice/SelfSelectFundsList/FundDetails/BMZN3Z3/SelfSelectFund
1949,IFSL Evenlode Evenlode Global Equity Fund Class B Accumulation,,https://www.direct.aviva.co.uk/wealth/FundChoice/SelfSelectFundsList/FundDetails/BMFX289/SelfSelectFund
1950,IFSL Evenlode Evenlode Global Income Fund Class B Accumulation,,https://www.direct.aviva.co.uk/wealth/FundChoice/SelfSelectFundsList/FundDetails/BF1QMV6/SelfSelectFund
1951,IFSL Evenlode Evenlode Global Income Fund Class B Income,,https://www.direct.aviva.co.uk/wealth/FundChoice/SelfSelectFundsList/FundDetails/BF1QNC4/SelfSelectFund
1952,IFSL Evenlode Evenlode Income Fund Class B Accumulation,,https://www.direct.aviva.co.uk/wealth/FundChoice/SelfSelectFundsList/FundDetails/BD0B7C4/SelfSelectFund
1953,IFSL Evenlode Evenlode Income Fund Class B Income,,https://www.direct.aviva.co.uk/wealth/FundChoice/SelfSelectFundsList/FundDetails/BD0B7D5/SelfSelectFund
1954,IFSL Magnus Max 35% Equity Class A Accumulation,,https://www.direct.aviva.co.uk/wealth/FundChoice/SelfSelectFundsList/FundDetails/BSLNS32/SelfSelectFund
1955,IFSL Magnus Max 60% Equity Class A Accumulation,,https://www.direct.aviva.co.uk/wealth/FundChoice/SelfSelectFundsList/FundDetails/BSLNS65/SelfSelectFund
1956,IFSL Magnus Max 85% Equity Class A Accumulation,,https://www.direct.aviva.co.uk/wealth/FundChoice/SelfSelectFundsList/FundDetails/BSLNS98/SelfSelectFund
1957,IFSL Marlborough European Special Situations Class P Accumulation,,https://www.direct.aviva.co.uk/wealth/FundChoice/SelfSelectFundsList/FundDetails/BR54BD5/SelfSelectFund
1958,IFSL Marlborough European Special Situations Class P Income,,https://www.direct.aviva.co.uk/wealth/FundChoice/SelfSelectFundsList/FundDetails/B90VHJ3/SelfSelectFund
1959,IFSL Marlborough Extra Income Class P Accumulation,,https://www.direct.aviva.co.uk/wealth/FundChoice/SelfSelectFundsList/FundDetails/BR54GL8/SelfSelectFund
1960,IFSL Marlborough Extra Income Class P Income,,https://www.direct.aviva.co.uk/wealth/FundChoice/SelfSelectFundsList/FundDetails/B8DGH32/SelfSelectFund
1961,IFSL Marlborough Far East Growth Class P Accumulation,,https://www.direct.aviva.co.uk/wealth/FundChoice/SelfSelectFundsList/FundDetails/B8N9CJ2/SelfSelectFund
1962,IFSL Marlborough Far East Growth Class P Income,,https://www.direct.aviva.co.uk/wealth/FundChoice/SelfSelectFundsList/FundDetails/B3Q6QH1/SelfSelectFund
1963,IFSL Marlborough Global Bond Class P Accumulation,,https://www.direct.aviva.co.uk/wealth/FundChoice/SelfSelectFundsList/FundDetails/B6ZDFJ9/SelfSelectFund
1964,IFSL Marlborough Global Bond Class P Income,,https://www.direct.aviva.co.uk/wealth/FundChoice/SelfSelectFundsList/FundDetails/B8H7D00/SelfSelectFund
1965,IFSL Marlborough Global Corporate Bond Class P Accumulation,,https://www.direct.aviva.co.uk/wealth/FundChoice/SelfSelectFundsList/FundDetails/BQNKW02/SelfSelectFund
1966,IFSL Marlborough Global Corporate Bond Class P Income,,https://www.direct.aviva.co.uk/wealth/FundChoice/SelfSelectFundsList/FundDetails/B8P5889/SelfSelectFund
1967,IFSL Marlborough Global Essential Infrastructure Class X Accumulation,,https://www.direct.aviva.co.uk/wealth/FundChoice/SelfSelectFundsList/FundDetails/BQPB2G9/SelfSelectFund
1968,IFSL Marlborough Global Essential Infrastructure Class X Income,,https://www.direct.aviva.co.uk/wealth/FundChoice/SelfSelectFundsList/FundDetails/BQPB2H0/SelfSelectFund
1969,IFSL Marlborough Global High Yield Bond Class P Accumulation,,https://www.direct.aviva.co.uk/wealth/FundChoice/SelfSelectFundsList/FundDetails/BR54GM9/SelfSelectFund
1970,IFSL Marlborough Global High Yield Bond Class P Income,,https://www.direct.aviva.co.uk/wealth/FundChoice/SelfSelectFundsList/FundDetails/B8L7D39/SelfSelectFund
1971,IFSL Marlborough Global Innovation Class P Accumulation,,https://www.direct.aviva.co.uk/wealth/FundChoice/SelfSelectFundsList/FundDetails/B830MV7/SelfSelectFund
1972,IFSL Marlborough Global SmallCap Class X Accumulation,,https://www.direct.aviva.co.uk/wealth/FundChoice/SelfSelectFundsList/FundDetails/BQPB236/SelfSelectFund
1973,IFSL Marlborough Multi Cap Income Class P Accumulation,,https://www.direct.aviva.co.uk/wealth/FundChoice/SelfSelectFundsList/FundDetails/B907VX3/SelfSelectFund
1974,IFSL Marlborough Multi Cap Income Class P Income,,https://www.direct.aviva.co.uk/wealth/FundChoice/SelfSelectFundsList/FundDetails/B908BY7/SelfSelectFund
1975,IFSL Marlborough Multi-Cap Growth Class P Accumulation,,https://www.direct.aviva.co.uk/wealth/FundChoice/SelfSelectFundsList/FundDetails/BR54GN0/SelfSelectFund
1976,IFSL Marlborough Multi-Cap Growth Class P Income,,https://www.direct.aviva.co.uk/wealth/FundChoice/SelfSelectFundsList/FundDetails/B8CQP95/SelfSelectFund
1977,IFSL Marlborough Nano-Cap Growth Class P Accumulation,,https://www.direct.aviva.co.uk/wealth/FundChoice/SelfSelectFundsList/FundDetails/BF2ZV04/SelfSelectFund
1978,IFSL Marlborough Portfolio 3 Class P Accumulation,,https://www.direct.aviva.co.uk/wealth/FundChoice/SelfSelectFundsList/FundDetails/BN2RPL5/SelfSelectFund
1979,IFSL Marlborough Portfolio 3 Class P Income,,https://www.direct.aviva.co.uk/wealth/FundChoice/SelfSelectFundsList/FundDetails/BN2RPM6/SelfSelectFund
1980,IFSL Marlborough Portfolio 4 Class P Accumulation,,https://www.direct.aviva.co.uk/wealth/FundChoice/SelfSelectFundsList/FundDetails/B83GXN4/SelfSelectFund
1981,IFSL Marlborough Portfolio 4 Class P Income,,https://www.direct.aviva.co.uk/wealth/FundChoice/SelfSelectFundsList/FundDetails/B8T2QP9/SelfSelectFund
1982,IFSL Marlborough Portfolio 5 Class P Accumulation,,https://www.direct.aviva.co.uk/wealth/FundChoice/SelfSelectFundsList/FundDetails/BTZKJP5/SelfSelectFund
1983,IFSL Marlborough Portfolio 5 Class P Income,,https://www.direct.aviva.co.uk/wealth/FundChoice/SelfSelectFundsList/FundDetails/BTZKK63/SelfSelectFund
1984,IFSL Marlborough Portfolio 6 Class P Accumulation,,https://www.direct.aviva.co.uk/wealth/FundChoice/SelfSelectFundsList/FundDetails/B4LXDY0/SelfSelectFund
1985,IFSL Marlborough Portfolio 7 Class P Accumulation,,https://www.direct.aviva.co.uk/wealth/FundChoice/SelfSelectFundsList/FundDetails/BTZKK85/SelfSelectFund
1986,IFSL Marlborough Portfolio 7 Class P Income,,https://www.direct.aviva.co.uk/wealth/FundChoice/SelfSelectFundsList/FundDetails/BTZKK96/SelfSelectFund
1987,IFSL Marlborough Portfolio 8 Class P Accumulation,,https://www.direct.aviva.co.uk/wealth/FundChoice/SelfSelectFundsList/FundDetails/B84KX91/SelfSelectFund
1988,IFSL Marlborough Special Situations Class P Accumulation,,https://www.direct.aviva.co.uk/wealth/FundChoice/SelfSelectFundsList/FundDetails/B907GH2/SelfSelectFund
1989,IFSL Marlborough UK Micro-Cap Growth Class P Accumulation,,https://www.direct.aviva.co.uk/wealth/FundChoice/SelfSelectFundsList/FundDetails/B8F8YX5/SelfSelectFund
1990,IFSL Marlborough US Focus Class P Accumulation,,https://www.direct.aviva.co.uk/wealth/FundChoice/SelfSelectFundsList/FundDetails/BR54GP2/SelfSelectFund
1991,IFSL Marlborough US Focus Class P Income,,https://www.direct.aviva.co.uk/wealth/FundChoice/SelfSelectFundsList/FundDetails/B906QV3/SelfSelectFund
1992,IFSL Meon Adaptive Growth Class P Accumulation,,https://www.direct.aviva.co.uk/wealth/FundChoice/SelfSelectFundsList/FundDetails/BMQ8V53/SelfSelectFund
1993,IFSL Meon Adaptive Growth Class P Income,,https://www.direct.aviva.co.uk/wealth/FundChoice/SelfSelectFundsList/FundDetails/BMQ8V64/SelfSelectFund
1994,IFSL Rockhold Fixed Interest Class A Accumulation,,https://www.direct.aviva.co.uk/wealth/FundChoice/SelfSelectFundsList/FundDetails/BNM3D64/SelfSelectFund
1995,IFSL Rockhold Global Equity Class A Accumulation,,https://www.direct.aviva.co.uk/wealth/FundChoice/SelfSelectFundsList/FundDetails/BNM3D75/SelfSelectFund
1996,IFSL Titan Absolute Return Class A Accumulation,,https://www.direct.aviva.co.uk/wealth/FundChoice/SelfSelectFundsList/FundDetails/BTWTL15/SelfSelectFund
1997,IFSL Titan Adventurous Class A Accumulation,,https://www.direct.aviva.co.uk/wealth/FundChoice/SelfSelectFundsList/FundDetails/BT9LYM6/SelfSelectFund
1998,IFSL Titan Balanced Class A Accumulation,,https://www.direct.aviva.co.uk/wealth/FundChoice/SelfSelectFundsList/FundDetails/BT9LYP9/SelfSelectFund
1999,IFSL Titan Cautious Class A Accumulation,,https://www.direct.aviva.co.uk/wealth/FundChoice/SelfSelectFundsList/FundDetails/BT9LYR1/SelfSelectFund
2000,IFSL Titan Defensive Class A Accumulation,,https://www.direct.aviva.co.uk/wealth/FundChoice/SelfSelectFundsList/FundDetails/BT9LYT3/SelfSelectFund
2001,IFSL Titan Global Blue Chip Class B Accumulation,,https://www.direct.aviva.co.uk/wealth/FundChoice/SelfSelectFundsList/FundDetails/BZ3T3W1/SelfSelectFund
2002,IFSL Titan Global Blue Chip Class B Income,,https://www.direct.aviva.co.uk/wealth/FundChoice/SelfSelectFundsList/FundDetails/BZ3T3X2/SelfSelectFund
2003,IFSL Titan Global Equity Class X Accumulation,,https://www.direct.aviva.co.uk/wealth/FundChoice/SelfSelectFundsList/FundDetails/BS1J9M6/SelfSelectFund
2004,IFSL Titan Growth Class A Accumulation,,https://www.direct.aviva.co.uk/wealth/FundChoice/SelfSelectFundsList/FundDetails/BT9LYW6/SelfSelectFund
2005,IFSL Titan Mazarin Balanced Class A Accumulation,,https://www.direct.aviva.co.uk/wealth/FundChoice/SelfSelectFundsList/FundDetails/BGGJHT0/SelfSelectFund
2006,IFSL Titan Mazarin Balanced Class A Income,,https://www.direct.aviva.co.uk/wealth/FundChoice/SelfSelectFundsList/FundDetails/BGGJHV2/SelfSelectFund
2007,IFSL Titan Mazarin Cautious Class A Accumulation,,https://www.direct.aviva.co.uk/wealth/FundChoice/SelfSelectFundsList/FundDetails/BGGJHR8/SelfSelectFund
2008,IFSL Titan Mazarin Cautious Class A Income,,https://www.direct.aviva.co.uk/wealth/FundChoice/SelfSelectFundsList/FundDetails/BGGJHS9/SelfSelectFund
2009,IFSL YOU Adventurous Class A Accumulation,,https://www.direct.aviva.co.uk/wealth/FundChoice/SelfSelectFundsList/FundDetails/BP6MK04/SelfSelectFund
2010,IFSL YOU Multi-Asset Blend Balanced Class A Accumulation,,https://www.direct.aviva.co.uk/wealth/FundChoice/SelfSelectFundsList/FundDetails/BJ022P7/SelfSelectFund
2011,IFSL YOU Multi-Asset Blend Cautious Accumulation,,https://www.direct.aviva.co.uk/wealth/FundChoice/SelfSelectFundsList/FundDetails/BN78XY2/SelfSelectFund
2012,IFSL YOU Multi-Asset Blend Growth Class A Accumulation,,https://www.direct.aviva.co.uk/wealth/FundChoice/SelfSelectFundsList/FundDetails/BJ022Q8/SelfSelectFund
2013,IFSL atomos Balanced Class A Accumulation,,https://www.direct.aviva.co.uk/wealth/FundChoice/SelfSelectFundsList/FundDetails/BHZ0CY1/SelfSelectFund
2014,IFSL atomos Balanced Class A Income,,https://www.direct.aviva.co.uk/wealth/FundChoice/SelfSelectFundsList/FundDetails/BHZ0CZ2/SelfSelectFund
2015,IFSL atomos Cautious Class A Accumulation,,https://www.direct.aviva.co.uk/wealth/FundChoice/SelfSelectFundsList/FundDetails/BHZ0D48/SelfSelectFund
2016,IFSL atomos Cautious Class A Income,,https://www.direct.aviva.co.uk/wealth/FundChoice/SelfSelectFundsList/FundDetails/BHZ0D59/SelfSelectFund
2017,IFSL atomos Conservative Class A Accumulation,,https://www.direct.aviva.co.uk/wealth/FundChoice/SelfSelectFundsList/FundDetails/BMY2M09/SelfSelectFund
2018,IFSL atomos Conservative Class A Income,,https://www.direct.aviva.co.uk/wealth/FundChoice/SelfSelectFundsList/FundDetails/BMY2M10/SelfSelectFund
2019,IFSL atomos Defensive Class A Accumulation,,https://www.direct.aviva.co.uk/wealth/FundChoice/SelfSelectFundsList/FundDetails/BK8VGD9/SelfSelectFund
2020,IFSL atomos Defensive Class A Income,,https://www.direct.aviva.co.uk/wealth/FundChoice/SelfSelectFundsList/FundDetails/BK8VGF1/SelfSelectFund
2021,IFSL atomos Growth Class A Accumulation,,https://www.direct.aviva.co.uk/wealth/FundChoice/SelfSelectFundsList/FundDetails/BHZ0CW9/SelfSelectFund
2022,IFSL atomos Growth Class A Income,,https://www.direct.aviva.co.uk/wealth/FundChoice/SelfSelectFundsList/FundDetails/BHZ0CX0/SelfSelectFund
2023,Impax Environmental Markets plc Asian Environmental Markets (Ireland) Class X Accumulation,,https://www.direct.aviva.co.uk/wealth/FundChoice/SelfSelectFundsList/FundDetails/BYQ9183/SelfSelectFund
2024,Impax Environmental Markets plc Asian Environmental Markets (Ireland) Class X Income,,https://www.direct.aviva.co.uk/wealth/FundChoice/SelfSelectFundsList/FundDetails/BJKWYW8/SelfSelectFund
2025,Impax Environmental Markets plc Environmental Leaders (Ireland) Class X Accumulation,,https://www.direct.aviva.co.uk/wealth/FundChoice/SelfSelectFundsList/FundDetails/BYQNSF1/SelfSelectFund
2026,Impax Environmental Markets plc Environmental Leaders (Ireland) Class X Income,,https://www.direct.aviva.co.uk/wealth/FundChoice/SelfSelectFundsList/FundDetails/BYQNSG2/SelfSelectFund
2027,Impax Environmental Markets plc Environmental Markets (Ireland) Class X Accumulation,,https://www.direct.aviva.co.uk/wealth/FundChoice/SelfSelectFundsList/FundDetails/BYQNSD9/SelfSelectFund
2028,Impax Environmental Markets plc Environmental Markets (Ireland) Class X Income,,https://www.direct.aviva.co.uk/wealth/FundChoice/SelfSelectFundsList/FundDetails/BZ1LW55/SelfSelectFund
2029,Impax Environmental Markets plc Global Emerging Markets Opportunities Class X Accumulation,,https://www.direct.aviva.co.uk/wealth/FundChoice/SelfSelectFundsList/FundDetails/BQ812P5/SelfSelectFund
2030,Impax Environmental Markets plc Global Equity Opportunities Class X Accumulation,,https://www.direct.aviva.co.uk/wealth/FundChoice/SelfSelectFundsList/FundDetails/BJKWZC5/SelfSelectFund
2031,Impax Environmental Markets plc Global Equity Opportunities Class X Income,,https://www.direct.aviva.co.uk/wealth/FundChoice/SelfSelectFundsList/FundDetails/BJKWZD6/SelfSelectFund
2032,Impax Environmental Markets plc Global High Yield Class X (Hedged) Accumulation,,https://www.direct.aviva.co.uk/wealth/FundChoice/SelfSelectFundsList/FundDetails/BPLXSN1/SelfSelectFund
2033,Impax Environmental Markets plc Global Social Leaders Class X Accumulation,,https://www.direct.aviva.co.uk/wealth/FundChoice/SelfSelectFundsList/FundDetails/BMCN572/SelfSelectFund
2034,Impax Environmental Markets plc Listed Infrastructure Class X Accumulation,,https://www.direct.aviva.co.uk/wealth/FundChoice/SelfSelectFundsList/FundDetails/BJLVFG5/SelfSelectFund
2035,Impax Environmental Markets plc Listed Infrastructure Class X Income,,https://www.direct.aviva.co.uk/wealth/FundChoice/SelfSelectFundsList/FundDetails/BJLVFK9/SelfSelectFund
2036,Invesco China Focus Equity Z (GBP) Accumulation,,https://www.direct.aviva.co.uk/wealth/FundChoice/SelfSelectFundsList/FundDetails/BJF8TZ9/SelfSelectFund
2037,Invesco Developing Initiatives Bond Z (GBP-Hgd) Accumulation,,https://www.direct.aviva.co.uk/wealth/FundChoice/SelfSelectFundsList/FundDetails/BJF8TV5/SelfSelectFund
2038,Invesco Emerging Markets Bond II Z (GBP) (CLOSED) Accumulation,,https://www.direct.aviva.co.uk/wealth/FundChoice/SelfSelectFundsList/FundDetails/BJF8TR1/SelfSelectFund
2039,Invesco Euro Bond Z (GBP-Hgd) Accumulation,,https://www.direct.aviva.co.uk/wealth/FundChoice/SelfSelectFundsList/FundDetails/BJF8V19/SelfSelectFund
2040,Invesco Euro Short Term Bond Fund Z (GBP-Hgd) Accumulation,,https://www.direct.aviva.co.uk/wealth/FundChoice/SelfSelectFundsList/FundDetails/BJF8V20/SelfSelectFund
2041,Invesco Global Consumer Trends Z (GBP) Accumulation,,https://www.direct.aviva.co.uk/wealth/FundChoice/SelfSelectFundsList/FundDetails/BG0GMJ2/SelfSelectFund
2042,Invesco Global Income Real Estate Securities Z (GBP Hgd) Accumulation,,https://www.direct.aviva.co.uk/wealth/FundChoice/SelfSelectFundsList/FundDetails/BJF8VC0/SelfSelectFund
2043,Invesco Global Investment Grade Corporate Bond Z (GBP Hgd) Accumulation,,https://www.direct.aviva.co.uk/wealth/FundChoice/SelfSelectFundsList/FundDetails/BJF8VF3/SelfSelectFund
2044,Invesco Global Investment Grade Corporate Bond Z-QD Gross (GBP-Hgd) Income,,https://www.direct.aviva.co.uk/wealth/FundChoice/SelfSelectFundsList/FundDetails/BYY2M36/SelfSelectFund
2045,Invesco ICVC Asian (UK) Class Z Accumulation,,https://www.direct.aviva.co.uk/wealth/FundChoice/SelfSelectFundsList/FundDetails/B8N44Q8/SelfSelectFund
2046,Invesco ICVC Asian (UK) Class Z Income,,https://www.direct.aviva.co.uk/wealth/FundChoice/SelfSelectFundsList/FundDetails/B8N44R9/SelfSelectFund
2047,Invesco ICVC China Equity (UK) Class Z Accumulation,,https://www.direct.aviva.co.uk/wealth/FundChoice/SelfSelectFundsList/FundDetails/B8N44V3/SelfSelectFund
2048,Invesco ICVC Corporate Bond (UK) Class Z Accumulation,,https://www.direct.aviva.co.uk/wealth/FundChoice/SelfSelectFundsList/FundDetails/B8N44Z7/SelfSelectFund
2049,Invesco ICVC Corporate Bond (UK) Class Z Income,,https://www.direct.aviva.co.uk/wealth/FundChoice/SelfSelectFundsList/FundDetails/B8N4509/SelfSelectFund
2050,Invesco ICVC Distribution (UK) Class Z Accumulation,,https://www.direct.aviva.co.uk/wealth/FundChoice/SelfSelectFundsList/FundDetails/B8N4532/SelfSelectFund
2051,Invesco ICVC Distribution (UK) Class Z Income,,https://www.direct.aviva.co.uk/wealth/FundChoice/SelfSelectFundsList/FundDetails/B8N4543/SelfSelectFund
2052,Invesco ICVC Emerging Markets ex China Fund (UK) Class Z Accumulation,,https://www.direct.aviva.co.uk/wealth/FundChoice/SelfSelectFundsList/FundDetails/B8N44B3/SelfSelectFund
2053,Invesco ICVC Emerging Markets ex China Fund (UK) Class Z Income,,https://www.direct.aviva.co.uk/wealth/FundChoice/SelfSelectFundsList/FundDetails/B8N44C4/SelfSelectFund
2054,Invesco ICVC European Equity (UK) Class Z Accumulation,,https://www.direct.aviva.co.uk/wealth/FundChoice/SelfSelectFundsList/FundDetails/B8N44J1/SelfSelectFund
2055,Invesco ICVC European Equity (UK) Class Z Income,,https://www.direct.aviva.co.uk/wealth/FundChoice/SelfSelectFundsList/FundDetails/B8N44K2/SelfSelectFund
2056,Invesco ICVC European Equity Income (UK) Class Z Accumulation,,https://www.direct.aviva.co.uk/wealth/FundChoice/SelfSelectFundsList/FundDetails/B8N44L3/SelfSelectFund
2057,Invesco ICVC European Equity Income (UK) Class Z Income,,https://www.direct.aviva.co.uk/wealth/FundChoice/SelfSelectFundsList/FundDetails/B8N44M4/SelfSelectFund
2058,Invesco ICVC European Focus (UK) Class Z Accumulation,,https://www.direct.aviva.co.uk/wealth/FundChoice/SelfSelectFundsList/FundDetails/B8N44N5/SelfSelectFund
2059,Invesco ICVC European Focus (UK) Class Z Income,,https://www.direct.aviva.co.uk/wealth/FundChoice/SelfSelectFundsList/FundDetails/B8N44P7/SelfSelectFund
2060,Invesco ICVC European Smaller Companies (UK) Class Z Accumulation,,https://www.direct.aviva.co.uk/wealth/FundChoice/SelfSelectFundsList/FundDetails/B8N46C8/SelfSelectFund
2061,Invesco ICVC Global Balanced Index (UK) (No Trail) Accumulation,,https://www.direct.aviva.co.uk/wealth/FundChoice/SelfSelectFundsList/FundDetails/B1C41W5/SelfSelectFund
2062,Invesco ICVC Global Balanced Index (UK) Class Z Accumulation,,https://www.direct.aviva.co.uk/wealth/FundChoice/SelfSelectFundsList/FundDetails/BTZH1F0/SelfSelectFund
2063,Invesco ICVC Global Bond (UK) Class Z Accumulation,,https://www.direct.aviva.co.uk/wealth/FundChoice/SelfSelectFundsList/FundDetails/B8N45F4/SelfSelectFund
2064,Invesco ICVC Global Bond (UK) Class Z Income,,https://www.direct.aviva.co.uk/wealth/FundChoice/SelfSelectFundsList/FundDetails/B8N45G5/SelfSelectFund
2065,Invesco ICVC Global Emerging Markets (UK) Class Z Accumulation,,https://www.direct.aviva.co.uk/wealth/FundChoice/SelfSelectFundsList/FundDetails/B8N4673/SelfSelectFund
2066,Invesco ICVC Global Emerging Markets (UK) Class Z Income,,https://www.direct.aviva.co.uk/wealth/FundChoice/SelfSelectFundsList/FundDetails/B8N4684/SelfSelectFund
2067,Invesco ICVC Global Equity (UK) Class Z Accumulation,,https://www.direct.aviva.co.uk/wealth/FundChoice/SelfSelectFundsList/FundDetails/B8N45Y3/SelfSelectFund
2068,Invesco ICVC Global Equity (UK) Class Z Income,,https://www.direct.aviva.co.uk/wealth/FundChoice/SelfSelectFundsList/FundDetails/B8N45Z4/SelfSelectFund
2069,Invesco ICVC Global Equity Income (UK) Class Z Accumulation,,https://www.direct.aviva.co.uk/wealth/FundChoice/SelfSelectFundsList/FundDetails/B8N4606/SelfSelectFund
2070,Invesco ICVC Global Equity Income (UK) Class Z Income,,https://www.direct.aviva.co.uk/wealth/FundChoice/SelfSelectFundsList/FundDetails/B8N4617/SelfSelectFund
2071,Invesco ICVC Global Financial Capital (UK) Class Z Accumulation,,https://www.direct.aviva.co.uk/wealth/FundChoice/SelfSelectFundsList/FundDetails/B8N45K9/SelfSelectFund
2072,Invesco ICVC Global Financial Capital (UK) Class Z Income,,https://www.direct.aviva.co.uk/wealth/FundChoice/SelfSelectFundsList/FundDetails/B8N45L0/SelfSelectFund
2073,Invesco ICVC Global Focus (UK) Class Z Accumulation,,https://www.direct.aviva.co.uk/wealth/FundChoice/SelfSelectFundsList/FundDetails/B8N4628/SelfSelectFund
2074,Invesco ICVC Global Income (UK) Class Z Accumulation,,https://www.direct.aviva.co.uk/wealth/FundChoice/SelfSelectFundsList/FundDetails/BKQV1J2/SelfSelectFund
2075,Invesco ICVC Global Income (UK) Class Z Income,,https://www.direct.aviva.co.uk/wealth/FundChoice/SelfSelectFundsList/FundDetails/BKQV1L4/SelfSelectFund
2076,Invesco ICVC Global Smaller Companies (UK) Class Z Accumulation,,https://www.direct.aviva.co.uk/wealth/FundChoice/SelfSelectFundsList/FundDetails/B8N46D9/SelfSelectFund
2077,Invesco ICVC Global Smaller Companies (UK) Class Z Income,,https://www.direct.aviva.co.uk/wealth/FundChoice/SelfSelectFundsList/FundDetails/B8N46F1/SelfSelectFund
2078,Invesco ICVC Global ex UK Core Equity Index (UK) (No Trail) Accumulation,,https://www.direct.aviva.co.uk/wealth/FundChoice/SelfSelectFundsList/FundDetails/B1C41T2/SelfSelectFund
2079,Invesco ICVC Global ex UK Core Equity Index (UK) Class Z Accumulation,,https://www.direct.aviva.co.uk/wealth/FundChoice/SelfSelectFundsList/FundDetails/BTZGZ33/SelfSelectFund
2080,Invesco ICVC Global ex UK Enhanced Index (UK) Class Z Accumulation,,https://www.direct.aviva.co.uk/wealth/FundChoice/SelfSelectFundsList/FundDetails/BZ8GWT7/SelfSelectFund
2081,Invesco ICVC Global ex UK Enhanced Index (UK) Class Z Income,,https://www.direct.aviva.co.uk/wealth/FundChoice/SelfSelectFundsList/FundDetails/BZ8GWV9/SelfSelectFund
2082,Invesco ICVC High Yield (UK) Class Z Accumulation,,https://www.direct.aviva.co.uk/wealth/FundChoice/SelfSelectFundsList/FundDetails/B8N4598/SelfSelectFund
2083,Invesco ICVC High Yield (UK) Class Z Income,,https://www.direct.aviva.co.uk/wealth/FundChoice/SelfSelectFundsList/FundDetails/B8N45B0/SelfSelectFund
2084,Invesco ICVC Income & Growth (UK) Class Z Accumulation,,https://www.direct.aviva.co.uk/wealth/FundChoice/SelfSelectFundsList/FundDetails/B8N46N9/SelfSelectFund
2085,Invesco ICVC Income & Growth (UK) Class Z Income,,https://www.direct.aviva.co.uk/wealth/FundChoice/SelfSelectFundsList/FundDetails/B8N46P1/SelfSelectFund
2086,Invesco ICVC Japanese Equity Advantage (UK) Class Z Accumulation,,https://www.direct.aviva.co.uk/wealth/FundChoice/SelfSelectFundsList/FundDetails/B8N44W4/SelfSelectFund
2087,Invesco ICVC Japanese Smaller Companies (UK) Class Z Accumulation,,https://www.direct.aviva.co.uk/wealth/FundChoice/SelfSelectFundsList/FundDetails/B8N46G2/SelfSelectFund
2088,Invesco ICVC Managed Growth (UK) Class Z Accumulation,,https://www.direct.aviva.co.uk/wealth/FundChoice/SelfSelectFundsList/FundDetails/B8N4639/SelfSelectFund
2089,Invesco ICVC Managed Growth (UK) Class Z Income,,https://www.direct.aviva.co.uk/wealth/FundChoice/SelfSelectFundsList/FundDetails/B8N4640/SelfSelectFund
2090,Invesco ICVC Managed Income (UK) Class Z Accumulation,,https://www.direct.aviva.co.uk/wealth/FundChoice/SelfSelectFundsList/FundDetails/B8N4651/SelfSelectFund
2091,Invesco ICVC Managed Income (UK) Class Z Income,,https://www.direct.aviva.co.uk/wealth/FundChoice/SelfSelectFundsList/FundDetails/B8N4662/SelfSelectFund
2092,Invesco ICVC Money (UK) (No Trail) Accumulation,,https://www.direct.aviva.co.uk/wealth/FundChoice/SelfSelectFundsList/FundDetails/3302941/SelfSelectFund
2093,Invesco ICVC Monthly Income Plus (UK) Class Z Accumulation,,https://www.direct.aviva.co.uk/wealth/FundChoice/SelfSelectFundsList/FundDetails/B8N45P4/SelfSelectFund
2094,Invesco ICVC Monthly Income Plus (UK) Class Z Income,,https://www.direct.aviva.co.uk/wealth/FundChoice/SelfSelectFundsList/FundDetails/B8N45Q5/SelfSelectFund
2095,Invesco ICVC Pacific (UK) Class Z Accumulation,,https://www.direct.aviva.co.uk/wealth/FundChoice/SelfSelectFundsList/FundDetails/B8N44X5/SelfSelectFund
2096,Invesco ICVC Pacific (UK) Class Z Income,,https://www.direct.aviva.co.uk/wealth/FundChoice/SelfSelectFundsList/FundDetails/B8N44Y6/SelfSelectFund
2097,Invesco ICVC Summit Growth 1 (UK) Class Z Accumulation,,https://www.direct.aviva.co.uk/wealth/FundChoice/SelfSelectFundsList/FundDetails/BYZHL11/SelfSelectFund
2098,Invesco ICVC Summit Growth 2 (UK) Class Z Accumulation,,https://www.direct.aviva.co.uk/wealth/FundChoice/SelfSelectFundsList/FundDetails/BYZHL44/SelfSelectFund
2099,Invesco ICVC Summit Growth 3 (UK) Class Z Accumulation,,https://www.direct.aviva.co.uk/wealth/FundChoice/SelfSelectFundsList/FundDetails/BYZHL77/SelfSelectFund
2100,Invesco ICVC Summit Growth 4 (UK) Class Z Accumulation,,https://www.direct.aviva.co.uk/wealth/FundChoice/SelfSelectFundsList/FundDetails/BYZHLB1/SelfSelectFund
2101,Invesco ICVC Summit Growth 5 (UK) Class Z Accumulation,,https://www.direct.aviva.co.uk/wealth/FundChoice/SelfSelectFundsList/FundDetails/BYZHLF5/SelfSelectFund
2102,Invesco ICVC Summit Income Fund (UK) Class Z Accumulation,,https://www.direct.aviva.co.uk/wealth/FundChoice/SelfSelectFundsList/FundDetails/BP9QDK4/SelfSelectFund
2103,Invesco ICVC Summit Income Fund (UK) Class Z Income,,https://www.direct.aviva.co.uk/wealth/FundChoice/SelfSelectFundsList/FundDetails/BP9QDL5/SelfSelectFund
2104,Invesco ICVC Summit Responsible 1 Fund (UK) Class Z Accumulation,,https://www.direct.aviva.co.uk/wealth/FundChoice/SelfSelectFundsList/FundDetails/BMFKGW2/SelfSelectFund
2105,Invesco ICVC Summit Responsible 2 Fund (UK) Class Z Accumulation,,https://www.direct.aviva.co.uk/wealth/FundChoice/SelfSelectFundsList/FundDetails/BMFKGY4/SelfSelectFund
2106,Invesco ICVC Summit Responsible 3 Fund (UK) Class Z Accumulation,,https://www.direct.aviva.co.uk/wealth/FundChoice/SelfSelectFundsList/FundDetails/BMFKH07/SelfSelectFund
2107,Invesco ICVC Summit Responsible 4 Fund (UK) Class Z Accumulation,,https://www.direct.aviva.co.uk/wealth/FundChoice/SelfSelectFundsList/FundDetails/BMFKH29/SelfSelectFund
2108,Invesco ICVC Summit Responsible 5 Fund (UK) Class Z Accumulation,,https://www.direct.aviva.co.uk/wealth/FundChoice/SelfSelectFundsList/FundDetails/BMFKH41/SelfSelectFund
2109,Invesco ICVC Tactical Bond (UK) Class Z Accumulation,,https://www.direct.aviva.co.uk/wealth/FundChoice/SelfSelectFundsList/FundDetails/B8N45T8/SelfSelectFund
2110,Invesco ICVC Tactical Bond (UK) Class Z Income,,https://www.direct.aviva.co.uk/wealth/FundChoice/SelfSelectFundsList/FundDetails/B8N45V0/SelfSelectFund
2111,Invesco ICVC UK Enhanced Index (UK) Class Z Accumulation,,https://www.direct.aviva.co.uk/wealth/FundChoice/SelfSelectFundsList/FundDetails/BZ8GWY2/SelfSelectFund
2112,Invesco ICVC UK Enhanced Index (UK) Class Z Income,,https://www.direct.aviva.co.uk/wealth/FundChoice/SelfSelectFundsList/FundDetails/BZ8GWZ3/SelfSelectFund
2113,Invesco ICVC UK Equity High Income (UK) Class Z Accumulation,,https://www.direct.aviva.co.uk/wealth/FundChoice/SelfSelectFundsList/FundDetails/B8N46L7/SelfSelectFund
2114,Invesco ICVC UK Equity High Income (UK) Class Z Income,,https://www.direct.aviva.co.uk/wealth/FundChoice/SelfSelectFundsList/FundDetails/B8N46M8/SelfSelectFund
2115,Invesco ICVC UK Equity Income (UK) Class Z Accumulation,,https://www.direct.aviva.co.uk/wealth/FundChoice/SelfSelectFundsList/FundDetails/B8N46V7/SelfSelectFund
2116,Invesco ICVC UK Equity Income (UK) Class Z Income,,https://www.direct.aviva.co.uk/wealth/FundChoice/SelfSelectFundsList/FundDetails/B8N46W8/SelfSelectFund
2117,Invesco ICVC UK Opportunities (UK) Class Z Accumulation,,https://www.direct.aviva.co.uk/wealth/FundChoice/SelfSelectFundsList/FundDetails/B8N46S4/SelfSelectFund
2118,Invesco ICVC UK Opportunities (UK) Class Z Income,,https://www.direct.aviva.co.uk/wealth/FundChoice/SelfSelectFundsList/FundDetails/B8N46T5/SelfSelectFund
2119,Invesco ICVC UK Smaller Companies Equity (UK) Class Z Accumulation,,https://www.direct.aviva.co.uk/wealth/FundChoice/SelfSelectFundsList/FundDetails/B8N46H3/SelfSelectFund
2120,Invesco ICVC UK Smaller Companies Equity (UK) Class Z Income,,https://www.direct.aviva.co.uk/wealth/FundChoice/SelfSelectFundsList/FundDetails/B8N46J5/SelfSelectFund
2121,Invesco ICVC US Enhanced Index Fund (UK) Z (Acc) Accumulation,,https://www.direct.aviva.co.uk/wealth/FundChoice/SelfSelectFundsList/FundDetails/BPK4Q53/SelfSelectFund
2122,Invesco ICVC US Equity (UK) Class Z Accumulation,,https://www.direct.aviva.co.uk/wealth/FundChoice/SelfSelectFundsList/FundDetails/B8N44D5/SelfSelectFund
2123,Invesco Japanese Equity Advantage Z (GBP) Accumulation,,https://www.direct.aviva.co.uk/wealth/FundChoice/SelfSelectFundsList/FundDetails/BF4YKJ1/SelfSelectFund
2124,Invesco Multi-Sector Credit Z (GBP-Hgd) Accumulation,,https://www.direct.aviva.co.uk/wealth/FundChoice/SelfSelectFundsList/FundDetails/BJF8TQ0/SelfSelectFund
2125,Invesco Sterling Bond Z Accumulation,,https://www.direct.aviva.co.uk/wealth/FundChoice/SelfSelectFundsList/FundDetails/BFLV578/SelfSelectFund
2126,Invesco US Investment Grade Corporate Bond (CLOSED) Z (GBP Hgd) Accumulation,,https://www.direct.aviva.co.uk/wealth/FundChoice/SelfSelectFundsList/FundDetails/BJF8VT7/SelfSelectFund
2127,Invesco US Value Equity Z (GBP) Accumulation,,https://www.direct.aviva.co.uk/wealth/FundChoice/SelfSelectFundsList/FundDetails/BJF8VW0/SelfSelectFund
2128,J O Hambro CM (Dublin) Asia ex-Japan Class I Income,,https://www.direct.aviva.co.uk/wealth/FundChoice/SelfSelectFundsList/FundDetails/B3RQ272/SelfSelectFund
2129,J O Hambro CM (Dublin) Barrow Hanley US Mid Cap Value Class I Accumulation,,https://www.direct.aviva.co.uk/wealth/FundChoice/SelfSelectFundsList/FundDetails/BNM0PN6/SelfSelectFund
2130,J O Hambro CM (Dublin) Continental European Class IP - Hedged Income,,https://www.direct.aviva.co.uk/wealth/FundChoice/SelfSelectFundsList/FundDetails/BSJCJ50/SelfSelectFund
2131,J O Hambro CM (Dublin) Continental European Class IP Income,,https://www.direct.aviva.co.uk/wealth/FundChoice/SelfSelectFundsList/FundDetails/B993PD0/SelfSelectFund
2132,J O Hambro CM (Dublin) Global Emerging Markets Opportunities Class I Income,,https://www.direct.aviva.co.uk/wealth/FundChoice/SelfSelectFundsList/FundDetails/B4002N4/SelfSelectFund
2133,J O Hambro CM (Dublin) Global Emerging Markets Opportunities Class IP Income,,https://www.direct.aviva.co.uk/wealth/FundChoice/SelfSelectFundsList/FundDetails/BYSGJY4/SelfSelectFund
2134,J O Hambro CM (Dublin) Global Opportunities Class IP Income,,https://www.direct.aviva.co.uk/wealth/FundChoice/SelfSelectFundsList/FundDetails/B89PQM5/SelfSelectFund
2135,J O Hambro CM (Dublin) Global Select Class I Income,,https://www.direct.aviva.co.uk/wealth/FundChoice/SelfSelectFundsList/FundDetails/B3DBRN2/SelfSelectFund
2136,J O Hambro CM (Dublin) Regnan Global Mobility and Logistics Class I Accumulation,,https://www.direct.aviva.co.uk/wealth/FundChoice/SelfSelectFundsList/FundDetails/BNTHYK0/SelfSelectFund
2137,J O Hambro CM (Dublin) Regnan Sustainable Water and Waste Class I Accumulation,,https://www.direct.aviva.co.uk/wealth/FundChoice/SelfSelectFundsList/FundDetails/BQS6VF3/SelfSelectFund
2138,J O Hambro CM (Dublin) UK Growth Class IP Income,,https://www.direct.aviva.co.uk/wealth/FundChoice/SelfSelectFundsList/FundDetails/3300934/SelfSelectFund
2139,J O Hambro CM Global Opportunities Class I Accumulation,,https://www.direct.aviva.co.uk/wealth/FundChoice/SelfSelectFundsList/FundDetails/BJ5JMC0/SelfSelectFund
2140,J O Hambro CM Global Opportunities Class I Income,,https://www.direct.aviva.co.uk/wealth/FundChoice/SelfSelectFundsList/FundDetails/BJ5JMD1/SelfSelectFund
2141,J O Hambro CM Regnan Sustainable Water and Waste Fund Class I Accumulation,,https://www.direct.aviva.co.uk/wealth/FundChoice/SelfSelectFundsList/FundDetails/BMYXD32/SelfSelectFund
2142,J O Hambro CM UK Dynamic Class I Accumulation,,https://www.direct.aviva.co.uk/wealth/FundChoice/SelfSelectFundsList/FundDetails/B4T7HR5/SelfSelectFund
2143,J O Hambro CM UK Dynamic Class IP Accumulation,,https://www.direct.aviva.co.uk/wealth/FundChoice/SelfSelectFundsList/FundDetails/BDZRJ10/SelfSelectFund
2144,J O Hambro CM UK Dynamic Class IP Income,,https://www.direct.aviva.co.uk/wealth/FundChoice/SelfSelectFundsList/FundDetails/BDZRJ21/SelfSelectFund
2145,J O Hambro CM UK Equity Income Class I Accumulation,,https://www.direct.aviva.co.uk/wealth/FundChoice/SelfSelectFundsList/FundDetails/B03KR50/SelfSelectFund
2146,J O Hambro CM UK Equity Income Class I Income,,https://www.direct.aviva.co.uk/wealth/FundChoice/SelfSelectFundsList/FundDetails/B03KP23/SelfSelectFund
2147,J O Hambro CM UK Equity Income Class IP Accumulation,,https://www.direct.aviva.co.uk/wealth/FundChoice/SelfSelectFundsList/FundDetails/B8FCHK5/SelfSelectFund
2148,J O Hambro CM UK Equity Income Class IP Income,,https://www.direct.aviva.co.uk/wealth/FundChoice/SelfSelectFundsList/FundDetails/B95FCK6/SelfSelectFund
2149,JK Investment JK Japan GBP (Unhedged) Accumulation,,https://www.direct.aviva.co.uk/wealth/FundChoice/SelfSelectFundsList/FundDetails/BMY4TW6/SelfSelectFund
2150,JK Investment JK Japan GBP Accumulation,,https://www.direct.aviva.co.uk/wealth/FundChoice/SelfSelectFundsList/FundDetails/BJBY7B3/SelfSelectFund
2151,JPMorgan Fund ICVC Asia Growth Class C Accumulation,,https://www.direct.aviva.co.uk/wealth/FundChoice/SelfSelectFundsList/FundDetails/B235GR4/SelfSelectFund
2152,JPMorgan Fund ICVC Asia Growth Class C Income,,https://www.direct.aviva.co.uk/wealth/FundChoice/SelfSelectFundsList/FundDetails/B235H04/SelfSelectFund
2153,JPMorgan Fund ICVC Asia Pacific Equity Class C - Net Accumulation,,https://www.direct.aviva.co.uk/wealth/FundChoice/SelfSelectFundsList/FundDetails/BJRD402/SelfSelectFund
2154,JPMorgan Fund ICVC China Class C - Net Accumulation,,https://www.direct.aviva.co.uk/wealth/FundChoice/SelfSelectFundsList/FundDetails/BLH0CG9/SelfSelectFund
2155,JPMorgan Fund ICVC Emerging Europe Equity Class C - Net Accumulation,,https://www.direct.aviva.co.uk/wealth/FundChoice/SelfSelectFundsList/FundDetails/B8DLLD5/SelfSelectFund
2156,JPMorgan Fund ICVC Emerging Europe Equity Class C - Net Income,,https://www.direct.aviva.co.uk/wealth/FundChoice/SelfSelectFundsList/FundDetails/B5NK2V6/SelfSelectFund
2157,JPMorgan Fund ICVC Emerging Europe Equity II Class C Accumulation,,https://www.direct.aviva.co.uk/wealth/FundChoice/SelfSelectFundsList/FundDetails/BNTD9T2/SelfSelectFund
2158,JPMorgan Fund ICVC Emerging Europe Equity II Class C Income,,https://www.direct.aviva.co.uk/wealth/FundChoice/SelfSelectFundsList/FundDetails/BNTD9V4/SelfSelectFund
2159,JPMorgan Fund ICVC Emerging Markets Class B Accumulation,,https://www.direct.aviva.co.uk/wealth/FundChoice/SelfSelectFundsList/FundDetails/B1YX4S7/SelfSelectFund
2160,JPMorgan Fund ICVC Emerging Markets Class B Income,,https://www.direct.aviva.co.uk/wealth/FundChoice/SelfSelectFundsList/FundDetails/B1YX4W1/SelfSelectFund
2161,JPMorgan Fund ICVC Emerging Markets Class C Net Accumulation,,https://www.direct.aviva.co.uk/wealth/FundChoice/SelfSelectFundsList/FundDetails/3088177/SelfSelectFund
2162,JPMorgan Fund ICVC Emerging Markets Class C Net Income,,https://www.direct.aviva.co.uk/wealth/FundChoice/SelfSelectFundsList/FundDetails/BBVHWS8/SelfSelectFund
2163,JPMorgan Fund ICVC Emerging Markets ESG Equity Class C Accumulation,,https://www.direct.aviva.co.uk/wealth/FundChoice/SelfSelectFundsList/FundDetails/BL0DTP3/SelfSelectFund
2164,JPMorgan Fund ICVC Emerging Markets ESG Equity Class C Income,,https://www.direct.aviva.co.uk/wealth/FundChoice/SelfSelectFundsList/FundDetails/BL0DTN1/SelfSelectFund
2165,JPMorgan Fund ICVC Emerging Markets Income Class C Accumulation,,https://www.direct.aviva.co.uk/wealth/FundChoice/SelfSelectFundsList/FundDetails/B5M5KY1/SelfSelectFund
2166,JPMorgan Fund ICVC Emerging Markets Income Class C Income,,https://www.direct.aviva.co.uk/wealth/FundChoice/SelfSelectFundsList/FundDetails/B5N1BC3/SelfSelectFund
2167,JPMorgan Fund ICVC Europe (Ex-UK) Sustainable Equity Class C Accumulation,,https://www.direct.aviva.co.uk/wealth/FundChoice/SelfSelectFundsList/FundDetails/B235HP9/SelfSelectFund
2168,JPMorgan Fund ICVC Europe (Ex-UK) Sustainable Equity Class C Income,,https://www.direct.aviva.co.uk/wealth/FundChoice/SelfSelectFundsList/FundDetails/B235HR1/SelfSelectFund
2169,JPMorgan Fund ICVC Europe (ex-UK) Research Enhanced Index Equity Class E - Net Accumulation,,https://www.direct.aviva.co.uk/wealth/FundChoice/SelfSelectFundsList/FundDetails/BKTF1F7/SelfSelectFund
2170,JPMorgan Fund ICVC Europe Dynamic (ex-UK) Class C - Net Class C [GBP] Accumulation Accumulation,,https://www.direct.aviva.co.uk/wealth/FundChoice/SelfSelectFundsList/FundDetails/B845HL6/SelfSelectFund
2171,JPMorgan Fund ICVC Europe Dynamic (ex-UK) Class C - Net Hedged Accumulation,,https://www.direct.aviva.co.uk/wealth/FundChoice/SelfSelectFundsList/FundDetails/BCV7MM9/SelfSelectFund
2172,JPMorgan Fund ICVC Europe Dynamic (ex-UK) Class C - Net Income,,https://www.direct.aviva.co.uk/wealth/FundChoice/SelfSelectFundsList/FundDetails/B7YLCD4/SelfSelectFund
2173,JPMorgan Fund ICVC Global (ex-UK) Bond Class C Accumulation,,https://www.direct.aviva.co.uk/wealth/FundChoice/SelfSelectFundsList/FundDetails/B235J08/SelfSelectFund
2174,JPMorgan Fund ICVC Global (ex-UK) Bond Class C Income,,https://www.direct.aviva.co.uk/wealth/FundChoice/SelfSelectFundsList/FundDetails/B235J19/SelfSelectFund
2175,JPMorgan Fund ICVC Global Equity Income Class C - Net (Hedged) Accumulation,,https://www.direct.aviva.co.uk/wealth/FundChoice/SelfSelectFundsList/FundDetails/B8DB5B1/SelfSelectFund
2176,JPMorgan Fund ICVC Global Equity Income Class C - Net Income,,https://www.direct.aviva.co.uk/wealth/FundChoice/SelfSelectFundsList/FundDetails/B78FJ53/SelfSelectFund
2177,JPMorgan Fund ICVC Global Equity Income Class C Accumulation,,https://www.direct.aviva.co.uk/wealth/FundChoice/SelfSelectFundsList/FundDetails/B235J20/SelfSelectFund
2178,JPMorgan Fund ICVC Global Equity Income Class C Income,,https://www.direct.aviva.co.uk/wealth/FundChoice/SelfSelectFundsList/FundDetails/B235J31/SelfSelectFund
2179,JPMorgan Fund ICVC Global Focus Class C Accumulation,,https://www.direct.aviva.co.uk/wealth/FundChoice/SelfSelectFundsList/FundDetails/BRC2MH3/SelfSelectFund
2180,JPMorgan Fund ICVC Global High Yield Bond Class C - Monthly Income,,https://www.direct.aviva.co.uk/wealth/FundChoice/SelfSelectFundsList/FundDetails/BGP6KY8/SelfSelectFund
2181,JPMorgan Fund ICVC Global High Yield Bond Class C Accumulation,,https://www.direct.aviva.co.uk/wealth/FundChoice/SelfSelectFundsList/FundDetails/B235QY1/SelfSelectFund
2182,JPMorgan Fund ICVC Global High Yield Bond Class C Income,,https://www.direct.aviva.co.uk/wealth/FundChoice/SelfSelectFundsList/FundDetails/B235R15/SelfSelectFund
2183,JPMorgan Fund ICVC Global Macro Opportunities Class C - Net Accumulation,,https://www.direct.aviva.co.uk/wealth/FundChoice/SelfSelectFundsList/FundDetails/B4WKYF8/SelfSelectFund
2184,JPMorgan Fund ICVC Global Macro Opportunities Class C - Net Income,,https://www.direct.aviva.co.uk/wealth/FundChoice/SelfSelectFundsList/FundDetails/B44CT79/SelfSelectFund
2185,JPMorgan Fund ICVC Global Macro Sustainable Class C Class C [GBP] Accumulation Accumulation,,https://www.direct.aviva.co.uk/wealth/FundChoice/SelfSelectFundsList/FundDetails/B235HC6/SelfSelectFund
2186,JPMorgan Fund ICVC Global Macro Sustainable Class C Income,,https://www.direct.aviva.co.uk/wealth/FundChoice/SelfSelectFundsList/FundDetails/B235HG0/SelfSelectFund
2187,JPMorgan Fund ICVC Global Research Enhanced Index Equity Class E - Net Accumulation,,https://www.direct.aviva.co.uk/wealth/FundChoice/SelfSelectFundsList/FundDetails/BKTDV95/SelfSelectFund
2188,JPMorgan Fund ICVC Global Sustainable Equity Fund Class C Accumulation,,https://www.direct.aviva.co.uk/wealth/FundChoice/SelfSelectFundsList/FundDetails/BMTR8P6/SelfSelectFund
2189,JPMorgan Fund ICVC Global Sustainable Equity Fund Class C Income,,https://www.direct.aviva.co.uk/wealth/FundChoice/SelfSelectFundsList/FundDetails/BMTR8N4/SelfSelectFund
2190,JPMorgan Fund ICVC Global Unconstrained Equity Class C - Net Income,,https://www.direct.aviva.co.uk/wealth/FundChoice/SelfSelectFundsList/FundDetails/B71SRV1/SelfSelectFund
2191,JPMorgan Fund ICVC Global Unconstrained Equity Class C Accumulation,,https://www.direct.aviva.co.uk/wealth/FundChoice/SelfSelectFundsList/FundDetails/B235QT6/SelfSelectFund
2192,JPMorgan Fund ICVC Japan Class C Accumulation,,https://www.direct.aviva.co.uk/wealth/FundChoice/SelfSelectFundsList/FundDetails/B235RG0/SelfSelectFund
2193,JPMorgan Fund ICVC Japan Class C Hedged Accumulation,,https://www.direct.aviva.co.uk/wealth/FundChoice/SelfSelectFundsList/FundDetails/B9Z1HQ5/SelfSelectFund
2194,JPMorgan Fund ICVC Japan Class C Income,,https://www.direct.aviva.co.uk/wealth/FundChoice/SelfSelectFundsList/FundDetails/B235RJ3/SelfSelectFund
2195,JPMorgan Fund ICVC Multi-Asset Income Class C - Monthly Income,,https://www.direct.aviva.co.uk/wealth/FundChoice/SelfSelectFundsList/FundDetails/BGP6L12/SelfSelectFund
2196,JPMorgan Fund ICVC Multi-Asset Income Class C - Net Accumulation,,https://www.direct.aviva.co.uk/wealth/FundChoice/SelfSelectFundsList/FundDetails/B4N20M2/SelfSelectFund
2197,JPMorgan Fund ICVC Multi-Asset Income Class C - Net Income,,https://www.direct.aviva.co.uk/wealth/FundChoice/SelfSelectFundsList/FundDetails/B4N20S8/SelfSelectFund
2198,JPMorgan Fund ICVC Multi-Manager Growth Class C Accumulation,,https://www.direct.aviva.co.uk/wealth/FundChoice/SelfSelectFundsList/FundDetails/B235R82/SelfSelectFund
2199,JPMorgan Fund ICVC Multi-Manager Growth Class C Income,,https://www.direct.aviva.co.uk/wealth/FundChoice/SelfSelectFundsList/FundDetails/B235RD7/SelfSelectFund
2200,JPMorgan Fund ICVC Natural Resources Class C - Net Class C [GBP] Accumulation Accumulation,,https://www.direct.aviva.co.uk/wealth/FundChoice/SelfSelectFundsList/FundDetails/B88MP08/SelfSelectFund
2201,JPMorgan Fund ICVC Natural Resources Class C - Net Income,,https://www.direct.aviva.co.uk/wealth/FundChoice/SelfSelectFundsList/FundDetails/B61M943/SelfSelectFund
2202,JPMorgan Fund ICVC Sterling Corporate Bond Class C Accumulation,,https://www.direct.aviva.co.uk/wealth/FundChoice/SelfSelectFundsList/FundDetails/B235SF6/SelfSelectFund
2203,JPMorgan Fund ICVC Sterling Corporate Bond Class C Income,,https://www.direct.aviva.co.uk/wealth/FundChoice/SelfSelectFundsList/FundDetails/B235SK1/SelfSelectFund
2204,JPMorgan Fund ICVC UK Dynamic Class C - Net Accumulation,,https://www.direct.aviva.co.uk/wealth/FundChoice/SelfSelectFundsList/FundDetails/B6X9BB3/SelfSelectFund
2205,JPMorgan Fund ICVC UK Dynamic Class C - Net Income,,https://www.direct.aviva.co.uk/wealth/FundChoice/SelfSelectFundsList/FundDetails/B6THL00/SelfSelectFund
2206,JPMorgan Fund ICVC UK Equity Core Class E Accumulation,,https://www.direct.aviva.co.uk/wealth/FundChoice/SelfSelectFundsList/FundDetails/B55QSH0/SelfSelectFund
2207,JPMorgan Fund ICVC UK Equity Core Class E Income,,https://www.direct.aviva.co.uk/wealth/FundChoice/SelfSelectFundsList/FundDetails/B58L4H4/SelfSelectFund
2208,JPMorgan Fund ICVC UK Equity Core Class E Quarterly Accumulation,,https://www.direct.aviva.co.uk/wealth/FundChoice/SelfSelectFundsList/FundDetails/BF09LN1/SelfSelectFund
2209,JPMorgan Fund ICVC UK Equity Core Class E Quarterly Income,,https://www.direct.aviva.co.uk/wealth/FundChoice/SelfSelectFundsList/FundDetails/BYM41F9/SelfSelectFund
2210,JPMorgan Fund ICVC UK Equity Growth Class C - Net Accumulation,,https://www.direct.aviva.co.uk/wealth/FundChoice/SelfSelectFundsList/FundDetails/B3FJQD7/SelfSelectFund
2211,JPMorgan Fund ICVC UK Equity Growth Class C - Net Income,,https://www.direct.aviva.co.uk/wealth/FundChoice/SelfSelectFundsList/FundDetails/B3FJQH1/SelfSelectFund
2212,JPMorgan Fund ICVC UK Government Bond Class C - Gross Accumulation,,https://www.direct.aviva.co.uk/wealth/FundChoice/SelfSelectFundsList/FundDetails/BJRDD27/SelfSelectFund
2213,JPMorgan Fund ICVC US Equity Income Class C - Net (Hedged) Income,,https://www.direct.aviva.co.uk/wealth/FundChoice/SelfSelectFundsList/FundDetails/B7N0306/SelfSelectFund
2214,JPMorgan Fund ICVC US Equity Income Class C Accumulation,,https://www.direct.aviva.co.uk/wealth/FundChoice/SelfSelectFundsList/FundDetails/B3FJQ48/SelfSelectFund
2215,JPMorgan Fund ICVC US Equity Income Class C Income,,https://www.direct.aviva.co.uk/wealth/FundChoice/SelfSelectFundsList/FundDetails/B3FJQ59/SelfSelectFund
2216,JPMorgan Fund ICVC US Research Enhanced Index Equity Class E - Net Accumulation,,https://www.direct.aviva.co.uk/wealth/FundChoice/SelfSelectFundsList/FundDetails/BJRCPT5/SelfSelectFund
2217,JPMorgan Fund ICVC US Select Class C - Net Income,,https://www.direct.aviva.co.uk/wealth/FundChoice/SelfSelectFundsList/FundDetails/B2Q5DQ9/SelfSelectFund
2218,JPMorgan Fund ICVC US Select Class C Accumulation,,https://www.direct.aviva.co.uk/wealth/FundChoice/SelfSelectFundsList/FundDetails/B2Q5DR0/SelfSelectFund
2219,JPMorgan Fund ICVC US Sustainable Equity Class C Accumulation,,https://www.direct.aviva.co.uk/wealth/FundChoice/SelfSelectFundsList/FundDetails/BLSN6P4/SelfSelectFund
2220,JPMorgan Fund ICVC Unconstrained Bond Class C - Net Accumulation,,https://www.direct.aviva.co.uk/wealth/FundChoice/SelfSelectFundsList/FundDetails/B3RJBC9/SelfSelectFund
2221,JPMorgan Fund ICVC Unconstrained Bond Class C Income,,https://www.direct.aviva.co.uk/wealth/FundChoice/SelfSelectFundsList/FundDetails/B3RJBL8/SelfSelectFund
2222,JPMorgan Fund II ICVC Europe Smaller Companies Class B Accumulation,,https://www.direct.aviva.co.uk/wealth/FundChoice/SelfSelectFundsList/FundDetails/B2359B9/SelfSelectFund
2223,JPMorgan Fund II ICVC Europe Smaller Companies Class C - Net Accumulation,,https://www.direct.aviva.co.uk/wealth/FundChoice/SelfSelectFundsList/FundDetails/B5SDTW0/SelfSelectFund
2224,JPMorgan Fund II ICVC Europe Smaller Companies Class C - Net Income,,https://www.direct.aviva.co.uk/wealth/FundChoice/SelfSelectFundsList/FundDetails/B83T7Q4/SelfSelectFund
2225,JPMorgan Fund II ICVC Global Bond Opportunities Class C - Net Accumulation,,https://www.direct.aviva.co.uk/wealth/FundChoice/SelfSelectFundsList/FundDetails/BV9GHX7/SelfSelectFund
2226,JPMorgan Fund II ICVC Global Bond Opportunities Class C - Net Income,,https://www.direct.aviva.co.uk/wealth/FundChoice/SelfSelectFundsList/FundDetails/BV9GHW6/SelfSelectFund
2227,JPMorgan Fund II ICVC UK Equity Income Class C Accumulation,,https://www.direct.aviva.co.uk/wealth/FundChoice/SelfSelectFundsList/FundDetails/BYTRDH7/SelfSelectFund
2228,JPMorgan Fund II ICVC UK Equity Income Class C Income,,https://www.direct.aviva.co.uk/wealth/FundChoice/SelfSelectFundsList/FundDetails/BYTRDJ9/SelfSelectFund
2229,JPMorgan Fund II ICVC UK Equity Plus Class C Accumulation,,https://www.direct.aviva.co.uk/wealth/FundChoice/SelfSelectFundsList/FundDetails/BW4Q9B1/SelfSelectFund
2230,JPMorgan Fund II ICVC UK Equity Plus Class C Income,,https://www.direct.aviva.co.uk/wealth/FundChoice/SelfSelectFundsList/FundDetails/BW4Q999/SelfSelectFund
2231,JPMorgan Fund II ICVC UK Equity Plus Class C Perf Accumulation,,https://www.direct.aviva.co.uk/wealth/FundChoice/SelfSelectFundsList/FundDetails/BW4Q977/SelfSelectFund
2232,JPMorgan Fund II ICVC UK Equity Plus Class C Perf Income,,https://www.direct.aviva.co.uk/wealth/FundChoice/SelfSelectFundsList/FundDetails/BW4Q988/SelfSelectFund
2233,JPMorgan Fund II ICVC UK Smaller Companies Class C - Net Accumulation,,https://www.direct.aviva.co.uk/wealth/FundChoice/SelfSelectFundsList/FundDetails/B84LQR3/SelfSelectFund
2234,JPMorgan Fund II ICVC UK Smaller Companies Class C - Net Income,,https://www.direct.aviva.co.uk/wealth/FundChoice/SelfSelectFundsList/FundDetails/B8MZ4L7/SelfSelectFund
2235,JPMorgan Fund II ICVC US Small Cap Growth Class C - Net Accumulation,,https://www.direct.aviva.co.uk/wealth/FundChoice/SelfSelectFundsList/FundDetails/B8H99P3/SelfSelectFund
2236,JPMorgan Fund II ICVC US Small Cap Growth Class C - Net Income,,https://www.direct.aviva.co.uk/wealth/FundChoice/SelfSelectFundsList/FundDetails/B88VFM7/SelfSelectFund
2237,JPMorgan Fund III ICVC Diversified Growth Class C Accumulation,,https://www.direct.aviva.co.uk/wealth/FundChoice/SelfSelectFundsList/FundDetails/B7XL365/SelfSelectFund
2238,JPMorgan Fund III ICVC Multi-Asset Cautious Class C - Net Accumulation,,https://www.direct.aviva.co.uk/wealth/FundChoice/SelfSelectFundsList/FundDetails/BJRDJV8/SelfSelectFund
2239,JPMorgan Fund III ICVC Multi-Asset Growth Class C - Net Accumulation,,https://www.direct.aviva.co.uk/wealth/FundChoice/SelfSelectFundsList/FundDetails/BJRDJX0/SelfSelectFund
2240,JPMorgan Fund III ICVC Multi-Asset Moderate Class C - Net Accumulation,,https://www.direct.aviva.co.uk/wealth/FundChoice/SelfSelectFundsList/FundDetails/BJRDJW9/SelfSelectFund
2241,JPMorgan Funds Aggregate Bond Fund (GBP Hedged) C Income,,https://www.direct.aviva.co.uk/wealth/FundChoice/SelfSelectFundsList/FundDetails/B8K6VZ5/SelfSelectFund
2242,JPMorgan Funds Climate Change Solutions Fund C Accumulation,,https://www.direct.aviva.co.uk/wealth/FundChoice/SelfSelectFundsList/FundDetails/BPLHPM1/SelfSelectFund
2243,JPMorgan Funds Climate Change Solutions Fund C Income,,https://www.direct.aviva.co.uk/wealth/FundChoice/SelfSelectFundsList/FundDetails/BPLHPR6/SelfSelectFund
2244,JPMorgan Funds Diversified Risk Fund (GBP Hedged) C Income,,https://www.direct.aviva.co.uk/wealth/FundChoice/SelfSelectFundsList/FundDetails/BNHR402/SelfSelectFund
2245,JPMorgan Funds Emerging Markets Corporate Bond Fund (GBP Hedged) C Income,,https://www.direct.aviva.co.uk/wealth/FundChoice/SelfSelectFundsList/FundDetails/BJ59X94/SelfSelectFund
2246,JPMorgan Funds Emerging Markets Debt Fund (GBP Hedged) C Income,,https://www.direct.aviva.co.uk/wealth/FundChoice/SelfSelectFundsList/FundDetails/B94VSP2/SelfSelectFund
2247,JPMorgan Funds Emerging Markets Equity Fund C Income,,https://www.direct.aviva.co.uk/wealth/FundChoice/SelfSelectFundsList/FundDetails/B8B0HN6/SelfSelectFund
2248,JPMorgan Funds Emerging Markets Local Currency Debt Fund C Income,,https://www.direct.aviva.co.uk/wealth/FundChoice/SelfSelectFundsList/FundDetails/B8CHPS7/SelfSelectFund
2249,JPMorgan Funds Emerging Markets Small Cap Fund C Income,,https://www.direct.aviva.co.uk/wealth/FundChoice/SelfSelectFundsList/FundDetails/B7L2FQ4/SelfSelectFund
2250,JPMorgan Funds Europe Dynamic Technologies Fund C Income,,https://www.direct.aviva.co.uk/wealth/FundChoice/SelfSelectFundsList/FundDetails/B76QV63/SelfSelectFund
2251,JPMorgan Funds Europe Equity Absolute Alpha Fund (GBP Hedged) C Income,,https://www.direct.aviva.co.uk/wealth/FundChoice/SelfSelectFundsList/FundDetails/BH4GX47/SelfSelectFund
2252,JPMorgan Funds Europe Equity Plus Fund C Income,,https://www.direct.aviva.co.uk/wealth/FundChoice/SelfSelectFundsList/FundDetails/B8BL2H8/SelfSelectFund
2253,JPMorgan Funds Europe Sustainable Small Cap Equity Fund C Income,,https://www.direct.aviva.co.uk/wealth/FundChoice/SelfSelectFundsList/FundDetails/BL59CY6/SelfSelectFund
2254,JPMorgan Funds Global Bond Opportunities ESG Fund (GBP Hedged) C Income,,https://www.direct.aviva.co.uk/wealth/FundChoice/SelfSelectFundsList/FundDetails/BPBLZV2/SelfSelectFund
2255,JPMorgan Funds Global Corporate Bond Fund (GBP Hedged) C Accumulation,,https://www.direct.aviva.co.uk/wealth/FundChoice/SelfSelectFundsList/FundDetails/B3QZJK2/SelfSelectFund
2256,JPMorgan Funds Global Equity Absolute Alpha Fund C (perf) (acc) - GBP (hedged) Accumulation,,https://www.direct.aviva.co.uk/wealth/FundChoice/SelfSelectFundsList/FundDetails/BRBFSW0/SelfSelectFund
2257,JPMorgan Funds Global Equity Absolute Alpha Fund C (perf) (dist) - GBP (hedged) Income,,https://www.direct.aviva.co.uk/wealth/FundChoice/SelfSelectFundsList/FundDetails/BRBFSX1/SelfSelectFund
2258,JPMorgan Funds Global Government Bond Fund (GBP Hedged) C Income,,https://www.direct.aviva.co.uk/wealth/FundChoice/SelfSelectFundsList/FundDetails/B94QFP6/SelfSelectFund
2259,JPMorgan Funds Global Government Short Duration Bond Fund (GBP Hedged) C Income,,https://www.direct.aviva.co.uk/wealth/FundChoice/SelfSelectFundsList/FundDetails/B4V4QD3/SelfSelectFund
2260,JPMorgan Funds Global Government Short Duration Bond Fund (GBP Hedged) Dummy Class 03 Accumulation,,https://www.direct.aviva.co.uk/wealth/FundChoice/SelfSelectFundsList/FundDetails/BTFZMV7/SelfSelectFund
2261,JPMorgan Funds Global Healthcare Fund A Income,,https://www.direct.aviva.co.uk/wealth/FundChoice/SelfSelectFundsList/FundDetails/B54YX47/SelfSelectFund
2262,JPMorgan Funds Global Healthcare Fund C Income,,https://www.direct.aviva.co.uk/wealth/FundChoice/SelfSelectFundsList/FundDetails/B8JDSY5/SelfSelectFund
2263,JPMorgan Funds Global Strategic Bond Fund (GBP Hedged) C Income,,https://www.direct.aviva.co.uk/wealth/FundChoice/SelfSelectFundsList/FundDetails/B85JVS2/SelfSelectFund
2264,JPMorgan Funds Korea Equity Fund C Income,,https://www.direct.aviva.co.uk/wealth/FundChoice/SelfSelectFundsList/FundDetails/BLN8J44/SelfSelectFund
2265,JPMorgan Funds Latin America Equity Fund C Accumulation,,https://www.direct.aviva.co.uk/wealth/FundChoice/SelfSelectFundsList/FundDetails/BPLQ0Y5/SelfSelectFund
2266,JPMorgan Funds Latin America Equity Fund C Income,,https://www.direct.aviva.co.uk/wealth/FundChoice/SelfSelectFundsList/FundDetails/BPW9BS4/SelfSelectFund
2267,"JPMorgan Funds Middle East, Africa and Emerging Europe Opportunities Fund C Income",,https://www.direct.aviva.co.uk/wealth/FundChoice/SelfSelectFundsList/FundDetails/BPNZYF9/SelfSelectFund
2268,JPMorgan Funds Multi-Manager Alternatives Fund (GBP Hedged) C Accumulation,,https://www.direct.aviva.co.uk/wealth/FundChoice/SelfSelectFundsList/FundDetails/BYTSJ05/SelfSelectFund
2269,JPMorgan Funds Multi-Manager Alternatives Fund (GBP Hedged) C Income,,https://www.direct.aviva.co.uk/wealth/FundChoice/SelfSelectFundsList/FundDetails/BLR77H6/SelfSelectFund
2270,JPMorgan Funds Taiwan Fund C Income,,https://www.direct.aviva.co.uk/wealth/FundChoice/SelfSelectFundsList/FundDetails/BMXMZL2/SelfSelectFund
2271,JPMorgan Funds US Equity All Cap Fund C Income,,https://www.direct.aviva.co.uk/wealth/FundChoice/SelfSelectFundsList/FundDetails/BQ5BZ37/SelfSelectFund
2272,JPMorgan Funds US Growth Fund C Income,,https://www.direct.aviva.co.uk/wealth/FundChoice/SelfSelectFundsList/FundDetails/B463WR1/SelfSelectFund
2273,JPMorgan Funds US Select Equity Plus Fund (GBP Hedged) C Income,,https://www.direct.aviva.co.uk/wealth/FundChoice/SelfSelectFundsList/FundDetails/B6SKJ40/SelfSelectFund
2274,JPMorgan Funds US Select Equity Plus Fund C Income,,https://www.direct.aviva.co.uk/wealth/FundChoice/SelfSelectFundsList/FundDetails/B83P472/SelfSelectFund
2275,JPMorgan Funds US Value Fund C Income,,https://www.direct.aviva.co.uk/wealth/FundChoice/SelfSelectFundsList/FundDetails/B7JVJ72/SelfSelectFund
2276,JPMorgan Investment Funds Europe Strategic Dividend Fund C Income,,https://www.direct.aviva.co.uk/wealth/FundChoice/SelfSelectFundsList/FundDetails/B94R173/SelfSelectFund
2277,JPMorgan Investment Funds Global High Yield Bond Fund (GBP Hedged) C Income,,https://www.direct.aviva.co.uk/wealth/FundChoice/SelfSelectFundsList/FundDetails/B94QCS8/SelfSelectFund
2278,JPMorgan Investment Funds Global Income ESG Fund (GBP Hedged) C Accumulation,,https://www.direct.aviva.co.uk/wealth/FundChoice/SelfSelectFundsList/FundDetails/BMZ5GG1/SelfSelectFund
2279,JPMorgan Investment Funds Global Income ESG Fund (GBP Hedged) C Income,,https://www.direct.aviva.co.uk/wealth/FundChoice/SelfSelectFundsList/FundDetails/BND75W5/SelfSelectFund
2280,JPMorgan Investment Funds Global Macro Sustainable Fund (GBP Hedged) C Accumulation,,https://www.direct.aviva.co.uk/wealth/FundChoice/SelfSelectFundsList/FundDetails/BK8LNF0/SelfSelectFund
2281,JPMorgan Investment Funds Global Macro Sustainable Fund (GBP Hedged) C Income,,https://www.direct.aviva.co.uk/wealth/FundChoice/SelfSelectFundsList/FundDetails/BK8LNJ4/SelfSelectFund
2282,JPMorgan Investment Funds Income Opportunity Fund (GBP Hedged) C Income,,https://www.direct.aviva.co.uk/wealth/FundChoice/SelfSelectFundsList/FundDetails/B2853G7/SelfSelectFund
2283,JPMorgan Investment Funds US Select Equity Fund C Income,,https://www.direct.aviva.co.uk/wealth/FundChoice/SelfSelectFundsList/FundDetails/B4T5FH5/SelfSelectFund
2284,Janus Henderson Capital Global Life Sciences Class H1 Income,,https://www.direct.aviva.co.uk/wealth/FundChoice/SelfSelectFundsList/FundDetails/BRJ9D74/SelfSelectFund
2285,Janus Henderson Capital Global Life Sciences Class U Accumulation,,https://www.direct.aviva.co.uk/wealth/FundChoice/SelfSelectFundsList/FundDetails/B8GQ0T6/SelfSelectFund
2286,Janus Henderson Capital Global Real Estate Equity Income Class U Income,,https://www.direct.aviva.co.uk/wealth/FundChoice/SelfSelectFundsList/FundDetails/B95B5D8/SelfSelectFund
2287,Janus Henderson Capital US Forty Class U Accumulation,,https://www.direct.aviva.co.uk/wealth/FundChoice/SelfSelectFundsList/FundDetails/B8W85S0/SelfSelectFund
2288,Janus Henderson Horizon Global Property Equities Class H2 Accumulation,,https://www.direct.aviva.co.uk/wealth/FundChoice/SelfSelectFundsList/FundDetails/BYT7474/SelfSelectFund
2289,Janus Henderson Horizon Responsible Resources Class H2 Accumulation,,https://www.direct.aviva.co.uk/wealth/FundChoice/SelfSelectFundsList/FundDetails/BRHZ103/SelfSelectFund
2290,Janus Henderson Investors Absolute Return Class I Accumulation,,https://www.direct.aviva.co.uk/wealth/FundChoice/SelfSelectFundsList/FundDetails/B5KKCX1/SelfSelectFund
2291,Janus Henderson Investors Absolute Return Fixed Income Class I Accumulation,,https://www.direct.aviva.co.uk/wealth/FundChoice/SelfSelectFundsList/FundDetails/BGK8VR9/SelfSelectFund
2292,Janus Henderson Investors Absolute Return Fixed Income Class I Income,,https://www.direct.aviva.co.uk/wealth/FundChoice/SelfSelectFundsList/FundDetails/BGK8VS0/SelfSelectFund
2293,Janus Henderson Investors All Stocks Credit Class I Accumulation,,https://www.direct.aviva.co.uk/wealth/FundChoice/SelfSelectFundsList/FundDetails/0745237/SelfSelectFund
2294,Janus Henderson Investors All Stocks Credit Class I Income,,https://www.direct.aviva.co.uk/wealth/FundChoice/SelfSelectFundsList/FundDetails/0745196/SelfSelectFund
2295,Janus Henderson Investors Asia Pacific Capital Growth Class I Accumulation,,https://www.direct.aviva.co.uk/wealth/FundChoice/SelfSelectFundsList/FundDetails/0768160/SelfSelectFund
2296,Janus Henderson Investors Asian Dividend Income Class I Accumulation,,https://www.direct.aviva.co.uk/wealth/FundChoice/SelfSelectFundsList/FundDetails/B62SGY9/SelfSelectFund
2297,Janus Henderson Investors Asian Dividend Income Class I Income,,https://www.direct.aviva.co.uk/wealth/FundChoice/SelfSelectFundsList/FundDetails/B619353/SelfSelectFund
2298,Janus Henderson Investors Cautious Managed Class I Accumulation,,https://www.direct.aviva.co.uk/wealth/FundChoice/SelfSelectFundsList/FundDetails/B6ZHN20/SelfSelectFund
2299,Janus Henderson Investors Cautious Managed Class I Income,,https://www.direct.aviva.co.uk/wealth/FundChoice/SelfSelectFundsList/FundDetails/B4P4R69/SelfSelectFund
2300,Janus Henderson Investors China Opportunities Class I Accumulation,,https://www.direct.aviva.co.uk/wealth/FundChoice/SelfSelectFundsList/FundDetails/B5T7PM3/SelfSelectFund
2301,Janus Henderson Investors Diversified Alternatives Class I Accumulation,,https://www.direct.aviva.co.uk/wealth/FundChoice/SelfSelectFundsList/FundDetails/BDZT626/SelfSelectFund
2302,Janus Henderson Investors Emerging Markets Opportunities Class I Accumulation,,https://www.direct.aviva.co.uk/wealth/FundChoice/SelfSelectFundsList/FundDetails/B87M3G1/SelfSelectFund
2303,Janus Henderson Investors European Absolute Return Class I Accumulation,,https://www.direct.aviva.co.uk/wealth/FundChoice/SelfSelectFundsList/FundDetails/B3CPX37/SelfSelectFund
2304,Janus Henderson Investors European Focus Class I Accumulation,,https://www.direct.aviva.co.uk/wealth/FundChoice/SelfSelectFundsList/FundDetails/B54J0L8/SelfSelectFund
2305,Janus Henderson Investors European Mid and Large Cap Class I Accumulation,,https://www.direct.aviva.co.uk/wealth/FundChoice/SelfSelectFundsList/FundDetails/3061769/SelfSelectFund
2306,Janus Henderson Investors European Selected Opportunities Class I Accumulation,,https://www.direct.aviva.co.uk/wealth/FundChoice/SelfSelectFundsList/FundDetails/3247365/SelfSelectFund
2307,Janus Henderson Investors European Selected Opportunities Class I Income,,https://www.direct.aviva.co.uk/wealth/FundChoice/SelfSelectFundsList/FundDetails/B412VB0/SelfSelectFund
2308,Janus Henderson Investors European Smaller Companies Class I Accumulation,,https://www.direct.aviva.co.uk/wealth/FundChoice/SelfSelectFundsList/FundDetails/0747642/SelfSelectFund
2309,Janus Henderson Investors Fixed Interest Monthly Income Class I Accumulation,,https://www.direct.aviva.co.uk/wealth/FundChoice/SelfSelectFundsList/FundDetails/BXVMC98/SelfSelectFund
2310,Janus Henderson Investors Fixed Interest Monthly Income Class I Income,,https://www.direct.aviva.co.uk/wealth/FundChoice/SelfSelectFundsList/FundDetails/B7GSYN7/SelfSelectFund
2311,Janus Henderson Investors Fixed Interest Monthly Income Class IQ Income,,https://www.direct.aviva.co.uk/wealth/FundChoice/SelfSelectFundsList/FundDetails/BKPJTJ3/SelfSelectFund
2312,Janus Henderson Investors Global Equity Income Class I Accumulation,,https://www.direct.aviva.co.uk/wealth/FundChoice/SelfSelectFundsList/FundDetails/BFDTFV4/SelfSelectFund
2313,Janus Henderson Investors Global Equity Income Class I Income,,https://www.direct.aviva.co.uk/wealth/FundChoice/SelfSelectFundsList/FundDetails/3126389/SelfSelectFund
2314,Janus Henderson Investors Global Financials Class I Accumulation,,https://www.direct.aviva.co.uk/wealth/FundChoice/SelfSelectFundsList/FundDetails/3191923/SelfSelectFund
2315,Janus Henderson Investors Global High Yield Bond Class I Accumulation,,https://www.direct.aviva.co.uk/wealth/FundChoice/SelfSelectFundsList/FundDetails/BKSB1H8/SelfSelectFund
2316,Janus Henderson Investors Global High Yield Bond Class I Income,,https://www.direct.aviva.co.uk/wealth/FundChoice/SelfSelectFundsList/FundDetails/BKSB1J0/SelfSelectFund
2317,Janus Henderson Investors Global Responsible Managed Class I Accumulation,,https://www.direct.aviva.co.uk/wealth/FundChoice/SelfSelectFundsList/FundDetails/B4LMJ38/SelfSelectFund
2318,Janus Henderson Investors Global Select Class I Accumulation,,https://www.direct.aviva.co.uk/wealth/FundChoice/SelfSelectFundsList/FundDetails/B68SFJ1/SelfSelectFund
2319,Janus Henderson Investors Global Smaller Companies Class I Accumulation,,https://www.direct.aviva.co.uk/wealth/FundChoice/SelfSelectFundsList/FundDetails/BP47T48/SelfSelectFund
2320,Janus Henderson Investors Global Sustainable Equity Class I Accumulation,,https://www.direct.aviva.co.uk/wealth/FundChoice/SelfSelectFundsList/FundDetails/B71DPP6/SelfSelectFund
2321,Janus Henderson Investors Global Sustainable Equity Class I Income,,https://www.direct.aviva.co.uk/wealth/FundChoice/SelfSelectFundsList/FundDetails/0503004/SelfSelectFund
2322,Janus Henderson Investors Global Technology Leaders Class I Accumulation,,https://www.direct.aviva.co.uk/wealth/FundChoice/SelfSelectFundsList/FundDetails/0771607/SelfSelectFund
2323,Janus Henderson Investors Institutional High Alpha UK Equity Class I Income,,https://www.direct.aviva.co.uk/wealth/FundChoice/SelfSelectFundsList/FundDetails/B1WPDJ9/SelfSelectFund
2324,Janus Henderson Investors Institutional Japan Index Opportunities Class I Accumulation,,https://www.direct.aviva.co.uk/wealth/FundChoice/SelfSelectFundsList/FundDetails/B0LZBB1/SelfSelectFund
2325,Janus Henderson Investors Institutional North American Index Opportunities Class I Accumulation,,https://www.direct.aviva.co.uk/wealth/FundChoice/SelfSelectFundsList/FundDetails/B00K2Z8/SelfSelectFund
2326,Janus Henderson Investors Institutional Overseas Bond Class I Income,,https://www.direct.aviva.co.uk/wealth/FundChoice/SelfSelectFundsList/FundDetails/0767424/SelfSelectFund
2327,Janus Henderson Investors Institutional UK Index Opportunities Trust Class I Accumulation,,https://www.direct.aviva.co.uk/wealth/FundChoice/SelfSelectFundsList/FundDetails/B02ZBX2/SelfSelectFund
2328,Janus Henderson Investors Japan Opportunities Class I Accumulation,,https://www.direct.aviva.co.uk/wealth/FundChoice/SelfSelectFundsList/FundDetails/0768502/SelfSelectFund
2329,Janus Henderson Investors Multi-Asset Absolute Return Class I Accumulation,,https://www.direct.aviva.co.uk/wealth/FundChoice/SelfSelectFundsList/FundDetails/B8113P3/SelfSelectFund
2330,Janus Henderson Investors Multi-Manager Active Class I Accumulation,,https://www.direct.aviva.co.uk/wealth/FundChoice/SelfSelectFundsList/FundDetails/B83VFR7/SelfSelectFund
2331,Janus Henderson Investors Multi-Manager Distribution Fund Class I Income,,https://www.direct.aviva.co.uk/wealth/FundChoice/SelfSelectFundsList/FundDetails/B87K990/SelfSelectFund
2332,Janus Henderson Investors Multi-Manager Diversified Fund Class I Accumulation,,https://www.direct.aviva.co.uk/wealth/FundChoice/SelfSelectFundsList/FundDetails/BHB1YY2/SelfSelectFund
2333,Janus Henderson Investors Multi-Manager Diversified Fund Class I Income,,https://www.direct.aviva.co.uk/wealth/FundChoice/SelfSelectFundsList/FundDetails/B5TPWM6/SelfSelectFund
2334,Janus Henderson Investors Multi-Manager Global Select Class I Accumulation,,https://www.direct.aviva.co.uk/wealth/FundChoice/SelfSelectFundsList/FundDetails/B8B6NJ2/SelfSelectFund
2335,Janus Henderson Investors Multi-Manager Income & Growth Fund Class I Accumulation,,https://www.direct.aviva.co.uk/wealth/FundChoice/SelfSelectFundsList/FundDetails/BFDTFW5/SelfSelectFund
2336,Janus Henderson Investors Multi-Manager Income & Growth Fund Class I Income,,https://www.direct.aviva.co.uk/wealth/FundChoice/SelfSelectFundsList/FundDetails/B88HSJ3/SelfSelectFund
2337,Janus Henderson Investors Multi-Manager Managed Class I Accumulation,,https://www.direct.aviva.co.uk/wealth/FundChoice/SelfSelectFundsList/FundDetails/B7JZZK9/SelfSelectFund
2338,Janus Henderson Investors Sterling Bond Unit Trust Class I Accumulation,,https://www.direct.aviva.co.uk/wealth/FundChoice/SelfSelectFundsList/FundDetails/B8GJGW0/SelfSelectFund
2339,Janus Henderson Investors Sterling Bond Unit Trust Class I Income,,https://www.direct.aviva.co.uk/wealth/FundChoice/SelfSelectFundsList/FundDetails/B6XY7V0/SelfSelectFund
2340,Janus Henderson Investors Strategic Bond Class I Accumulation,,https://www.direct.aviva.co.uk/wealth/FundChoice/SelfSelectFundsList/FundDetails/0753382/SelfSelectFund
2341,Janus Henderson Investors Strategic Bond Class I Income,,https://www.direct.aviva.co.uk/wealth/FundChoice/SelfSelectFundsList/FundDetails/0750208/SelfSelectFund
2342,Janus Henderson Investors Sustainable Future Technologies Fund Class I Accumulation,,https://www.direct.aviva.co.uk/wealth/FundChoice/SelfSelectFundsList/FundDetails/BN7CMW5/SelfSelectFund
2343,Janus Henderson Investors Sustainable Future Technologies Fund Class I Income,,https://www.direct.aviva.co.uk/wealth/FundChoice/SelfSelectFundsList/FundDetails/BN7CMX6/SelfSelectFund
2344,Janus Henderson Investors UK Alpha Class I Accumulation,,https://www.direct.aviva.co.uk/wealth/FundChoice/SelfSelectFundsList/FundDetails/3095683/SelfSelectFund
2345,Janus Henderson Investors UK Equity Income & Growth Class I Accumulation,,https://www.direct.aviva.co.uk/wealth/FundChoice/SelfSelectFundsList/FundDetails/0749422/SelfSelectFund
2346,Janus Henderson Investors UK Equity Income & Growth Class I Income,,https://www.direct.aviva.co.uk/wealth/FundChoice/SelfSelectFundsList/FundDetails/0749347/SelfSelectFund
2347,Janus Henderson Investors UK Responsible Income Class I Accumulation,,https://www.direct.aviva.co.uk/wealth/FundChoice/SelfSelectFundsList/FundDetails/BLH3923/SelfSelectFund
2348,Janus Henderson Investors UK Responsible Income Class I Income,,https://www.direct.aviva.co.uk/wealth/FundChoice/SelfSelectFundsList/FundDetails/0503037/SelfSelectFund
2349,Janus Henderson Investors UK Smaller Companies Class I Accumulation,,https://www.direct.aviva.co.uk/wealth/FundChoice/SelfSelectFundsList/FundDetails/0744762/SelfSelectFund
2350,Janus Henderson Investors US Growth Class I Accumulation,,https://www.direct.aviva.co.uk/wealth/FundChoice/SelfSelectFundsList/FundDetails/B3B4JF9/SelfSelectFund
2351,Janus Henderson Investors US Sustainable Equity Class I Accumulation,,https://www.direct.aviva.co.uk/wealth/FundChoice/SelfSelectFundsList/FundDetails/BPH3DD0/SelfSelectFund
2352,Jupiter Asian Income Class I Accumulation,,https://www.direct.aviva.co.uk/wealth/FundChoice/SelfSelectFundsList/FundDetails/BZ2YND8/SelfSelectFund
2353,Jupiter Asian Income Class I Income,,https://www.direct.aviva.co.uk/wealth/FundChoice/SelfSelectFundsList/FundDetails/BZ2YMT7/SelfSelectFund
2354,Jupiter China Class I Accumulation,,https://www.direct.aviva.co.uk/wealth/FundChoice/SelfSelectFundsList/FundDetails/B3ZPHC1/SelfSelectFund
2355,Jupiter China Class I Income,,https://www.direct.aviva.co.uk/wealth/FundChoice/SelfSelectFundsList/FundDetails/B86PDR2/SelfSelectFund
2356,Jupiter Corporate Bond Class I Accumulation,,https://www.direct.aviva.co.uk/wealth/FundChoice/SelfSelectFundsList/FundDetails/B743QD8/SelfSelectFund
2357,Jupiter Corporate Bond Class I Income,,https://www.direct.aviva.co.uk/wealth/FundChoice/SelfSelectFundsList/FundDetails/B743QK5/SelfSelectFund
2358,Jupiter Ecology Class I Accumulation,,https://www.direct.aviva.co.uk/wealth/FundChoice/SelfSelectFundsList/FundDetails/B4KLC26/SelfSelectFund
2359,Jupiter Ecology Class I Income,,https://www.direct.aviva.co.uk/wealth/FundChoice/SelfSelectFundsList/FundDetails/B7W6PR6/SelfSelectFund
2360,Jupiter European Class I Accumulation,,https://www.direct.aviva.co.uk/wealth/FundChoice/SelfSelectFundsList/FundDetails/B5STJW8/SelfSelectFund
2361,Jupiter European Class I Income,,https://www.direct.aviva.co.uk/wealth/FundChoice/SelfSelectFundsList/FundDetails/B4NVSH0/SelfSelectFund
2362,Jupiter European Special Situations Class I Accumulation,,https://www.direct.aviva.co.uk/wealth/FundChoice/SelfSelectFundsList/FundDetails/B60WTT9/SelfSelectFund
2363,Jupiter European Special Situations Class I Income,,https://www.direct.aviva.co.uk/wealth/FundChoice/SelfSelectFundsList/FundDetails/BQ1KNZ6/SelfSelectFund
2364,Jupiter Financial Opportunities Class I Accumulation,,https://www.direct.aviva.co.uk/wealth/FundChoice/SelfSelectFundsList/FundDetails/B5LG465/SelfSelectFund
2365,Jupiter Financial Opportunities Class I Income,,https://www.direct.aviva.co.uk/wealth/FundChoice/SelfSelectFundsList/FundDetails/B8JYV94/SelfSelectFund
2366,Jupiter Fund of Investment Trusts Class I Accumulation,,https://www.direct.aviva.co.uk/wealth/FundChoice/SelfSelectFundsList/FundDetails/B6R1VR1/SelfSelectFund
2367,Jupiter Fund of Investment Trusts Class I Income,,https://www.direct.aviva.co.uk/wealth/FundChoice/SelfSelectFundsList/FundDetails/B8JWSG4/SelfSelectFund
2368,Jupiter Global Asia Pacific Income Fund (IRL) Class I Accumulation,,https://www.direct.aviva.co.uk/wealth/FundChoice/SelfSelectFundsList/FundDetails/B8256T9/SelfSelectFund
2369,Jupiter Global Dynamic Bond Class D Accumulation,,https://www.direct.aviva.co.uk/wealth/FundChoice/SelfSelectFundsList/FundDetails/B8YQRT7/SelfSelectFund
2370,Jupiter Global Dynamic Bond ESG Class D Hedged Accumulation,,https://www.direct.aviva.co.uk/wealth/FundChoice/SelfSelectFundsList/FundDetails/BP4DTL3/SelfSelectFund
2371,Jupiter Global Emerging Markets Class I Accumulation,,https://www.direct.aviva.co.uk/wealth/FundChoice/SelfSelectFundsList/FundDetails/B4PF591/SelfSelectFund
2372,Jupiter Global Emerging Markets Class I Income,,https://www.direct.aviva.co.uk/wealth/FundChoice/SelfSelectFundsList/FundDetails/B6QGZ08/SelfSelectFund
2373,Jupiter Global Financial Innovation Class I Accumulation,,https://www.direct.aviva.co.uk/wealth/FundChoice/SelfSelectFundsList/FundDetails/B58D9P3/SelfSelectFund
2374,Jupiter Global Global High Yield Bond Class I HSC Accumulation,,https://www.direct.aviva.co.uk/wealth/FundChoice/SelfSelectFundsList/FundDetails/BK6H598/SelfSelectFund
2375,Jupiter Global Global High Yield Bond Class I Q HSC Income,,https://www.direct.aviva.co.uk/wealth/FundChoice/SelfSelectFundsList/FundDetails/BK6H5D2/SelfSelectFund
2376,Jupiter Global Gold & Silver Class R Accumulation,,https://www.direct.aviva.co.uk/wealth/FundChoice/SelfSelectFundsList/FundDetails/BYVJRH9/SelfSelectFund
2377,Jupiter Global India Select Class D Accumulation,,https://www.direct.aviva.co.uk/wealth/FundChoice/SelfSelectFundsList/FundDetails/BBPLTQ3/SelfSelectFund
2378,Jupiter Global Leaders Class I Accumulation,,https://www.direct.aviva.co.uk/wealth/FundChoice/SelfSelectFundsList/FundDetails/BKPX3M6/SelfSelectFund
2379,Jupiter Global Leaders Class I Income,,https://www.direct.aviva.co.uk/wealth/FundChoice/SelfSelectFundsList/FundDetails/BKPX3L5/SelfSelectFund
2380,Jupiter Global Leaders Class T Accumulation,,https://www.direct.aviva.co.uk/wealth/FundChoice/SelfSelectFundsList/FundDetails/BFWVP88/SelfSelectFund
2381,Jupiter Global Leaders Class T Income,,https://www.direct.aviva.co.uk/wealth/FundChoice/SelfSelectFundsList/FundDetails/BFWVP66/SelfSelectFund
2382,Jupiter Global Macro Bond Class I Accumulation,,https://www.direct.aviva.co.uk/wealth/FundChoice/SelfSelectFundsList/FundDetails/B1XG8G3/SelfSelectFund
2383,Jupiter Global Macro Bond Class I Income,,https://www.direct.aviva.co.uk/wealth/FundChoice/SelfSelectFundsList/FundDetails/B1XG8J6/SelfSelectFund
2384,Jupiter Global Merian Global Equity Absolute Return Class I Hedged Accumulation,,https://www.direct.aviva.co.uk/wealth/FundChoice/SelfSelectFundsList/FundDetails/BLP5S80/SelfSelectFund
2385,Jupiter Global Merian Global Equity Income (IRL) Class R Accumulation,,https://www.direct.aviva.co.uk/wealth/FundChoice/SelfSelectFundsList/FundDetails/BYM83B1/SelfSelectFund
2386,Jupiter Global Merian Global Equity Income (IRL) Class R Income,,https://www.direct.aviva.co.uk/wealth/FundChoice/SelfSelectFundsList/FundDetails/BYM83J9/SelfSelectFund
2387,Jupiter Global Merian North American Equity (IRL) Class I Accumulation,,https://www.direct.aviva.co.uk/wealth/FundChoice/SelfSelectFundsList/FundDetails/B8XWX87/SelfSelectFund
2388,Jupiter Global Merian North American Equity (IRL) Class I Hedged Accumulation,,https://www.direct.aviva.co.uk/wealth/FundChoice/SelfSelectFundsList/FundDetails/BYR8HP8/SelfSelectFund
2389,Jupiter Global Merian World Equity Class I Income,,https://www.direct.aviva.co.uk/wealth/FundChoice/SelfSelectFundsList/FundDetails/BYR8H58/SelfSelectFund
2390,Jupiter Global Merian World Equity Class R Accumulation,,https://www.direct.aviva.co.uk/wealth/FundChoice/SelfSelectFundsList/FundDetails/B8XXJW6/SelfSelectFund
2391,Jupiter Global Origin Global Emerging Markets Fund (IRL) Class R Accumulation,,https://www.direct.aviva.co.uk/wealth/FundChoice/SelfSelectFundsList/FundDetails/B8Y1GV7/SelfSelectFund
2392,Jupiter Global Pan European Smaller Companies Class D HSC Accumulation,,https://www.direct.aviva.co.uk/wealth/FundChoice/SelfSelectFundsList/FundDetails/BK70PJ6/SelfSelectFund
2393,Jupiter Global Strategic Absolute Return Bond Fund Class I Hedged Accumulation,,https://www.direct.aviva.co.uk/wealth/FundChoice/SelfSelectFundsList/FundDetails/BF1F1K5/SelfSelectFund
2394,Jupiter Global Systematic Consumer Trends Class I Accumulation,,https://www.direct.aviva.co.uk/wealth/FundChoice/SelfSelectFundsList/FundDetails/BRBXY26/SelfSelectFund
2395,Jupiter Global Systematic Demographic Opportunities Class I Accumulation,,https://www.direct.aviva.co.uk/wealth/FundChoice/SelfSelectFundsList/FundDetails/BRBXYJ3/SelfSelectFund
2396,Jupiter Global Systematic Disruptive Technology Class I Accumulation,,https://www.direct.aviva.co.uk/wealth/FundChoice/SelfSelectFundsList/FundDetails/BRBXXV8/SelfSelectFund
2397,Jupiter Global Systematic Healthcare Innovation Class I Accumulation,,https://www.direct.aviva.co.uk/wealth/FundChoice/SelfSelectFundsList/FundDetails/BRBXY93/SelfSelectFund
2398,Jupiter Global Systematic Physical World Class I Accumulation,,https://www.direct.aviva.co.uk/wealth/FundChoice/SelfSelectFundsList/FundDetails/BRBXYR1/SelfSelectFund
2399,Jupiter Global UK Alpha (IRL) Class I Accumulation,,https://www.direct.aviva.co.uk/wealth/FundChoice/SelfSelectFundsList/FundDetails/BFWH683/SelfSelectFund
2400,Jupiter Global UK Alpha (IRL) Class I Income,,https://www.direct.aviva.co.uk/wealth/FundChoice/SelfSelectFundsList/FundDetails/BK0SMV8/SelfSelectFund
2401,Jupiter Global UK Dynamic Long Short Equity Class I Income,,https://www.direct.aviva.co.uk/wealth/FundChoice/SelfSelectFundsList/FundDetails/BLP5976/SelfSelectFund
2402,Jupiter Global UK Specialist Equity Class I Accumulation,,https://www.direct.aviva.co.uk/wealth/FundChoice/SelfSelectFundsList/FundDetails/BYXJS85/SelfSelectFund
2403,Jupiter Global Value Equity Class I Accumulation,,https://www.direct.aviva.co.uk/wealth/FundChoice/SelfSelectFundsList/FundDetails/BF5DS37/SelfSelectFund
2404,Jupiter Global Value Equity Class I Income,,https://www.direct.aviva.co.uk/wealth/FundChoice/SelfSelectFundsList/FundDetails/BF5DS15/SelfSelectFund
2405,Jupiter India Class I Accumulation,,https://www.direct.aviva.co.uk/wealth/FundChoice/SelfSelectFundsList/FundDetails/B4TZHH9/SelfSelectFund
2406,Jupiter Japan Income Class I Accumulation,,https://www.direct.aviva.co.uk/wealth/FundChoice/SelfSelectFundsList/FundDetails/B5TGB44/SelfSelectFund
2407,Jupiter Japan Income Class I Hedged Income,,https://www.direct.aviva.co.uk/wealth/FundChoice/SelfSelectFundsList/FundDetails/B6496D9/SelfSelectFund
2408,Jupiter Japan Income Class I Income,,https://www.direct.aviva.co.uk/wealth/FundChoice/SelfSelectFundsList/FundDetails/B6QC0Z6/SelfSelectFund
2409,Jupiter Merian Asia Pacific Class I Accumulation,,https://www.direct.aviva.co.uk/wealth/FundChoice/SelfSelectFundsList/FundDetails/B1XG960/SelfSelectFund
2410,Jupiter Merian Global Equity Class I Accumulation,,https://www.direct.aviva.co.uk/wealth/FundChoice/SelfSelectFundsList/FundDetails/B1XG982/SelfSelectFund
2411,Jupiter Merian North American Equity Class I Accumulation,,https://www.direct.aviva.co.uk/wealth/FundChoice/SelfSelectFundsList/FundDetails/B1XG9G0/SelfSelectFund
2412,Jupiter Merian North American Equity Class I Income,,https://www.direct.aviva.co.uk/wealth/FundChoice/SelfSelectFundsList/FundDetails/BMWRV76/SelfSelectFund
2413,Jupiter Merlin Balanced Portfolio Class I Accumulation,,https://www.direct.aviva.co.uk/wealth/FundChoice/SelfSelectFundsList/FundDetails/B4351D9/SelfSelectFund
2414,Jupiter Merlin Balanced Portfolio Class I Income,,https://www.direct.aviva.co.uk/wealth/FundChoice/SelfSelectFundsList/FundDetails/B3X5X81/SelfSelectFund
2415,Jupiter Merlin Conservative Select Class I Accumulation,,https://www.direct.aviva.co.uk/wealth/FundChoice/SelfSelectFundsList/FundDetails/B8GDLS3/SelfSelectFund
2416,Jupiter Merlin Conservative Select Class I Income,,https://www.direct.aviva.co.uk/wealth/FundChoice/SelfSelectFundsList/FundDetails/B8GDLV6/SelfSelectFund
2417,Jupiter Merlin Growth Portfolio Class I Accumulation,,https://www.direct.aviva.co.uk/wealth/FundChoice/SelfSelectFundsList/FundDetails/B6QGLF5/SelfSelectFund
2418,Jupiter Merlin Growth Portfolio Class I Income,,https://www.direct.aviva.co.uk/wealth/FundChoice/SelfSelectFundsList/FundDetails/B8K5LH4/SelfSelectFund
2419,Jupiter Merlin Income Portfolio Class I Accumulation,,https://www.direct.aviva.co.uk/wealth/FundChoice/SelfSelectFundsList/FundDetails/B4N2L74/SelfSelectFund
2420,Jupiter Merlin Income Portfolio Class I Income,,https://www.direct.aviva.co.uk/wealth/FundChoice/SelfSelectFundsList/FundDetails/B6QMDC4/SelfSelectFund
2421,Jupiter Merlin Income and Growth Select Class I Accumulation,,https://www.direct.aviva.co.uk/wealth/FundChoice/SelfSelectFundsList/FundDetails/B5VQM72/SelfSelectFund
2422,Jupiter Merlin Income and Growth Select Class I Income,,https://www.direct.aviva.co.uk/wealth/FundChoice/SelfSelectFundsList/FundDetails/B6531T1/SelfSelectFund
2423,Jupiter Merlin Moderate Select Class I Accumulation,,https://www.direct.aviva.co.uk/wealth/FundChoice/SelfSelectFundsList/FundDetails/BMWRV32/SelfSelectFund
2424,Jupiter Merlin Moderate Select Class I Income,,https://www.direct.aviva.co.uk/wealth/FundChoice/SelfSelectFundsList/FundDetails/BMWRV21/SelfSelectFund
2425,Jupiter Merlin Monthly Income Select Class I Accumulation,,https://www.direct.aviva.co.uk/wealth/FundChoice/SelfSelectFundsList/FundDetails/B52HN04/SelfSelectFund
2426,Jupiter Merlin Monthly Income Select Class I Income,,https://www.direct.aviva.co.uk/wealth/FundChoice/SelfSelectFundsList/FundDetails/B4WDT30/SelfSelectFund
2427,Jupiter Merlin Worldwide Portfolio Class I Accumulation,,https://www.direct.aviva.co.uk/wealth/FundChoice/SelfSelectFundsList/FundDetails/B53LG95/SelfSelectFund
2428,Jupiter Merlin Worldwide Portfolio Class I Income,,https://www.direct.aviva.co.uk/wealth/FundChoice/SelfSelectFundsList/FundDetails/B8D78Y3/SelfSelectFund
2429,Jupiter Monthly Alternative Income Class I Accumulation,,https://www.direct.aviva.co.uk/wealth/FundChoice/SelfSelectFundsList/FundDetails/B4WLF92/SelfSelectFund
2430,Jupiter Monthly Alternative Income Class I Income,,https://www.direct.aviva.co.uk/wealth/FundChoice/SelfSelectFundsList/FundDetails/B4M7846/SelfSelectFund
2431,Jupiter Monthly Income Bond Class I Accumulation,,https://www.direct.aviva.co.uk/wealth/FundChoice/SelfSelectFundsList/FundDetails/B1XG8W9/SelfSelectFund
2432,Jupiter Monthly Income Bond Class I Income,,https://www.direct.aviva.co.uk/wealth/FundChoice/SelfSelectFundsList/FundDetails/B1XG8Y1/SelfSelectFund
2433,Jupiter Responsible Income Class I Accumulation,,https://www.direct.aviva.co.uk/wealth/FundChoice/SelfSelectFundsList/FundDetails/B40TGH3/SelfSelectFund
2434,Jupiter Responsible Income Class I Income,,https://www.direct.aviva.co.uk/wealth/FundChoice/SelfSelectFundsList/FundDetails/B5ZWNT5/SelfSelectFund
2435,Jupiter Strategic Bond Class I Accumulation,,https://www.direct.aviva.co.uk/wealth/FundChoice/SelfSelectFundsList/FundDetails/B4T6SD5/SelfSelectFund
2436,Jupiter Strategic Bond Class I Income,,https://www.direct.aviva.co.uk/wealth/FundChoice/SelfSelectFundsList/FundDetails/B544HM3/SelfSelectFund
2437,Jupiter UK Alpha Class I Accumulation,,https://www.direct.aviva.co.uk/wealth/FundChoice/SelfSelectFundsList/FundDetails/BFYN3R7/SelfSelectFund
2438,Jupiter UK Alpha Class I Income,,https://www.direct.aviva.co.uk/wealth/FundChoice/SelfSelectFundsList/FundDetails/BFYN3S8/SelfSelectFund
2439,Jupiter UK Dynamic Equity Class I Accumulation,,https://www.direct.aviva.co.uk/wealth/FundChoice/SelfSelectFundsList/FundDetails/B4KL9F8/SelfSelectFund
2440,Jupiter UK Dynamic Equity Class I Income,,https://www.direct.aviva.co.uk/wealth/FundChoice/SelfSelectFundsList/FundDetails/B66H8P7/SelfSelectFund
2441,Jupiter UK Growth Class I Accumulation,,https://www.direct.aviva.co.uk/wealth/FundChoice/SelfSelectFundsList/FundDetails/B54CH94/SelfSelectFund
2442,Jupiter UK Growth Class I Income,,https://www.direct.aviva.co.uk/wealth/FundChoice/SelfSelectFundsList/FundDetails/B40C597/SelfSelectFund
2443,Jupiter UK Income Class I Accumulation,,https://www.direct.aviva.co.uk/wealth/FundChoice/SelfSelectFundsList/FundDetails/B5VXKR9/SelfSelectFund
2444,Jupiter UK Income Class I Income,,https://www.direct.aviva.co.uk/wealth/FundChoice/SelfSelectFundsList/FundDetails/B6QR255/SelfSelectFund
2445,Jupiter UK Mid Cap Class I Accumulation,,https://www.direct.aviva.co.uk/wealth/FundChoice/SelfSelectFundsList/FundDetails/B1XG948/SelfSelectFund
2446,Jupiter UK Mid Cap Class I Income,,https://www.direct.aviva.co.uk/wealth/FundChoice/SelfSelectFundsList/FundDetails/B8FC6L9/SelfSelectFund
2447,Jupiter UK Mid Cap Class Z1 Accumulation,,https://www.direct.aviva.co.uk/wealth/FundChoice/SelfSelectFundsList/FundDetails/BHBX8L3/SelfSelectFund
2448,Jupiter UK Mid Cap Class Z1 Income,,https://www.direct.aviva.co.uk/wealth/FundChoice/SelfSelectFundsList/FundDetails/BHBX8M4/SelfSelectFund
2449,Jupiter UK Multi Cap Income Class W Accumulation,,https://www.direct.aviva.co.uk/wealth/FundChoice/SelfSelectFundsList/FundDetails/BRC7L26/SelfSelectFund
2450,Jupiter UK Multi Cap Income Class W Income,,https://www.direct.aviva.co.uk/wealth/FundChoice/SelfSelectFundsList/FundDetails/BRC7L37/SelfSelectFund
2451,Jupiter UK Smaller Companies Class I Accumulation,,https://www.direct.aviva.co.uk/wealth/FundChoice/SelfSelectFundsList/FundDetails/B1XG959/SelfSelectFund
2452,Jupiter UK Smaller Companies Class I Income,,https://www.direct.aviva.co.uk/wealth/FundChoice/SelfSelectFundsList/FundDetails/B8FD429/SelfSelectFund
2453,KBI Global Energy Transition Fund Class A Accumulation,,https://www.direct.aviva.co.uk/wealth/FundChoice/SelfSelectFundsList/FundDetails/B2Q0LF9/SelfSelectFund
2454,KBI Global Sustainable Infrastructure Fund Class A Accumulation,,https://www.direct.aviva.co.uk/wealth/FundChoice/SelfSelectFundsList/FundDetails/BN7CHR5/SelfSelectFund
2455,Kempen Investment Management N.V. Kempen (Lux) Global Listed Infrastructure Fund Class J Income,,https://www.direct.aviva.co.uk/wealth/FundChoice/SelfSelectFundsList/FundDetails/BN4PV42/SelfSelectFund
2456,Kempen Investment Management N.V. Kempen (Lux) Global Property Fund Class I Income,,https://www.direct.aviva.co.uk/wealth/FundChoice/SelfSelectFundsList/FundDetails/BK1WWS6/SelfSelectFund
2457,Kennox SVS Kennox Strategic Value Class A Shares Accumulation,,https://www.direct.aviva.co.uk/wealth/FundChoice/SelfSelectFundsList/FundDetails/B9B3CY8/SelfSelectFund
2458,Kennox SVS Kennox Strategic Value Class A Shares Income,,https://www.direct.aviva.co.uk/wealth/FundChoice/SelfSelectFundsList/FundDetails/B9D9Z90/SelfSelectFund
2459,Keyridge Asset Management WS Keyridge Asia Pacific Class C Accumulation,,https://www.direct.aviva.co.uk/wealth/FundChoice/SelfSelectFundsList/FundDetails/B719QW8/SelfSelectFund
2460,Keyridge Asset Management WS Keyridge Corporate Bond Class C Accumulation,,https://www.direct.aviva.co.uk/wealth/FundChoice/SelfSelectFundsList/FundDetails/B6ZMK02/SelfSelectFund
2461,Keyridge Asset Management WS Keyridge Corporate Bond Class C Income,,https://www.direct.aviva.co.uk/wealth/FundChoice/SelfSelectFundsList/FundDetails/B7BW6H2/SelfSelectFund
2462,Keyridge Asset Management WS Keyridge Diversified Monthly Income Class C Accumulation,,https://www.direct.aviva.co.uk/wealth/FundChoice/SelfSelectFundsList/FundDetails/BK5BDK8/SelfSelectFund
2463,Keyridge Asset Management WS Keyridge Diversified Monthly Income Class C Income,,https://www.direct.aviva.co.uk/wealth/FundChoice/SelfSelectFundsList/FundDetails/BK5BDD1/SelfSelectFund
2464,Keyridge Asset Management WS Keyridge Diversified Risk Managed III Class C Accumulation,,https://www.direct.aviva.co.uk/wealth/FundChoice/SelfSelectFundsList/FundDetails/BZ00554/SelfSelectFund
2465,Keyridge Asset Management WS Keyridge Diversified Risk Managed III Class C Income,,https://www.direct.aviva.co.uk/wealth/FundChoice/SelfSelectFundsList/FundDetails/BZ00565/SelfSelectFund
2466,Keyridge Asset Management WS Keyridge Diversified Risk Managed IV Class C Accumulation,,https://www.direct.aviva.co.uk/wealth/FundChoice/SelfSelectFundsList/FundDetails/BJP0X42/SelfSelectFund
2467,Keyridge Asset Management WS Keyridge Diversified Risk Managed VI Class C Accumulation,,https://www.direct.aviva.co.uk/wealth/FundChoice/SelfSelectFundsList/FundDetails/BP5J8Z7/SelfSelectFund
2468,Keyridge Asset Management WS Keyridge European Class C Accumulation,,https://www.direct.aviva.co.uk/wealth/FundChoice/SelfSelectFundsList/FundDetails/BKRC149/SelfSelectFund
2469,Keyridge Asset Management WS Keyridge Global Equity Class C Accumulation,,https://www.direct.aviva.co.uk/wealth/FundChoice/SelfSelectFundsList/FundDetails/B78SPK9/SelfSelectFund
2470,Keyridge Asset Management WS Keyridge Global Macro Bond Class C Accumulation,,https://www.direct.aviva.co.uk/wealth/FundChoice/SelfSelectFundsList/FundDetails/B4LW2X9/SelfSelectFund
2471,Keyridge Asset Management WS Keyridge Global Macro Bond Class C Income,,https://www.direct.aviva.co.uk/wealth/FundChoice/SelfSelectFundsList/FundDetails/B75H844/SelfSelectFund
2472,Keyridge Asset Management WS Keyridge North American Class C Accumulation,,https://www.direct.aviva.co.uk/wealth/FundChoice/SelfSelectFundsList/FundDetails/B73N327/SelfSelectFund
2473,Keyridge Asset Management WS Keyridge Portfolio III Class C Accumulation,,https://www.direct.aviva.co.uk/wealth/FundChoice/SelfSelectFundsList/FundDetails/B96T7P7/SelfSelectFund
2474,Keyridge Asset Management WS Keyridge Portfolio III Class C Income,,https://www.direct.aviva.co.uk/wealth/FundChoice/SelfSelectFundsList/FundDetails/B8SC7T1/SelfSelectFund
2475,Keyridge Asset Management WS Keyridge Portfolio IV Class C Accumulation,,https://www.direct.aviva.co.uk/wealth/FundChoice/SelfSelectFundsList/FundDetails/B976VR7/SelfSelectFund
2476,Keyridge Asset Management WS Keyridge Portfolio IV Class C Income,,https://www.direct.aviva.co.uk/wealth/FundChoice/SelfSelectFundsList/FundDetails/B7R5DQ3/SelfSelectFund
2477,Keyridge Asset Management WS Keyridge Portfolio V Class C Accumulation,,https://www.direct.aviva.co.uk/wealth/FundChoice/SelfSelectFundsList/FundDetails/B9BQJ24/SelfSelectFund
2478,Keyridge Asset Management WS Keyridge Portfolio VI Class C Accumulation,,https://www.direct.aviva.co.uk/wealth/FundChoice/SelfSelectFundsList/FundDetails/B9BQBN9/SelfSelectFund
2479,Keyridge Asset Management WS Keyridge Portfolio VII Class C Accumulation,,https://www.direct.aviva.co.uk/wealth/FundChoice/SelfSelectFundsList/FundDetails/B76WGJ9/SelfSelectFund
2480,Keyridge Asset Management WS Keyridge Short Duration Corporate Bond Class C Accumulation,,https://www.direct.aviva.co.uk/wealth/FundChoice/SelfSelectFundsList/FundDetails/BD0CNM9/SelfSelectFund
2481,Keyridge Asset Management WS Keyridge Short Duration Corporate Bond Class C Income,,https://www.direct.aviva.co.uk/wealth/FundChoice/SelfSelectFundsList/FundDetails/BD0CNN0/SelfSelectFund
2482,Keyridge Asset Management WS Keyridge Sterling Liquidity Fund Class I Accumulation,,https://www.direct.aviva.co.uk/wealth/FundChoice/SelfSelectFundsList/FundDetails/BYW8XV1/SelfSelectFund
2483,Keyridge Asset Management WS Keyridge Sterling Liquidity Fund Class I Income,,https://www.direct.aviva.co.uk/wealth/FundChoice/SelfSelectFundsList/FundDetails/BYW8XW2/SelfSelectFund
2484,Keyridge Asset Management WS Keyridge UK Equity & Bond Income - MERGED Class C Accumulation,,https://www.direct.aviva.co.uk/wealth/FundChoice/SelfSelectFundsList/FundDetails/B6SC4F2/SelfSelectFund
2485,Keyridge Asset Management WS Keyridge UK Equity & Bond Income - MERGED Class C Income,,https://www.direct.aviva.co.uk/wealth/FundChoice/SelfSelectFundsList/FundDetails/B6Q60S1/SelfSelectFund
2486,Keyridge Asset Management WS Keyridge UK Equity Class C Accumulation,,https://www.direct.aviva.co.uk/wealth/FundChoice/SelfSelectFundsList/FundDetails/B9J7KW6/SelfSelectFund
2487,Keyridge Asset Management WS Keyridge UK Equity Class C Income,,https://www.direct.aviva.co.uk/wealth/FundChoice/SelfSelectFundsList/FundDetails/BCZNXX1/SelfSelectFund
2488,Keyridge Asset Management WS Keyridge UK Equity Income Class C Accumulation,,https://www.direct.aviva.co.uk/wealth/FundChoice/SelfSelectFundsList/FundDetails/B73RC11/SelfSelectFund
2489,Keyridge Asset Management WS Keyridge UK Equity Income Class C Income,,https://www.direct.aviva.co.uk/wealth/FundChoice/SelfSelectFundsList/FundDetails/B403JV0/SelfSelectFund
2490,LF Investment Fund LF Equity Income Fund (SUSPENDED) Class C Accumulation,,https://www.direct.aviva.co.uk/wealth/FundChoice/SelfSelectFundsList/FundDetails/BLRZQ73/SelfSelectFund
2491,LF Investment Fund LF Equity Income Fund (SUSPENDED) Class C Income,,https://www.direct.aviva.co.uk/wealth/FundChoice/SelfSelectFundsList/FundDetails/BLRZQ62/SelfSelectFund
2492,Lansdowne Partners TM Lansdowne European Special Situations Fund Class I Accumulation,,https://www.direct.aviva.co.uk/wealth/FundChoice/SelfSelectFundsList/FundDetails/BTJRQ06/SelfSelectFund
2493,Lansdowne Partners TM Lansdowne European Special Situations Fund Class I Income,,https://www.direct.aviva.co.uk/wealth/FundChoice/SelfSelectFundsList/FundDetails/BTJRPZ4/SelfSelectFund
2494,Latitude Investment Management Latitude Global Fund GBP Acc Accumulation,,https://www.direct.aviva.co.uk/wealth/FundChoice/SelfSelectFundsList/FundDetails/BMT7RH1/SelfSelectFund
2495,Latitude Investment Management Latitude Horizon Fund GBP Acc Accumulation,,https://www.direct.aviva.co.uk/wealth/FundChoice/SelfSelectFundsList/FundDetails/BDC7CZ8/SelfSelectFund
2496,Latitude Investment Management Latitude Horizon Fund GBP Inc Income,,https://www.direct.aviva.co.uk/wealth/FundChoice/SelfSelectFundsList/FundDetails/BD37NY3/SelfSelectFund
2497,Lazard Developing Markets Class C Accumulation,,https://www.direct.aviva.co.uk/wealth/FundChoice/SelfSelectFundsList/FundDetails/B84D088/SelfSelectFund
2498,Lazard Developing Markets Class C Income,,https://www.direct.aviva.co.uk/wealth/FundChoice/SelfSelectFundsList/FundDetails/B8HCWS6/SelfSelectFund
2499,Lazard Emerging Markets Class A Accumulation,,https://www.direct.aviva.co.uk/wealth/FundChoice/SelfSelectFundsList/FundDetails/B24F1G7/SelfSelectFund
2500,Lazard Emerging Markets Class A Income,,https://www.direct.aviva.co.uk/wealth/FundChoice/SelfSelectFundsList/FundDetails/0846710/SelfSelectFund
2501,Lazard European Alpha Class C Accumulation,,https://www.direct.aviva.co.uk/wealth/FundChoice/SelfSelectFundsList/FundDetails/B7WP658/SelfSelectFund
2502,Lazard European Alpha Class C Income,,https://www.direct.aviva.co.uk/wealth/FundChoice/SelfSelectFundsList/FundDetails/B6S1MZ5/SelfSelectFund
2503,Lazard European Smaller Companies Class C Accumulation,,https://www.direct.aviva.co.uk/wealth/FundChoice/SelfSelectFundsList/FundDetails/B88ZX47/SelfSelectFund
2504,Lazard Global Emerging Markets Equity Advantage Class C Accumulation,,https://www.direct.aviva.co.uk/wealth/FundChoice/SelfSelectFundsList/FundDetails/BGYBSS4/SelfSelectFund
2505,Lazard Global Emerging Markets Equity Advantage Class E Accumulation,,https://www.direct.aviva.co.uk/wealth/FundChoice/SelfSelectFundsList/FundDetails/BTPGXF1/SelfSelectFund
2506,Lazard Global Emerging Markets Equity Class A Accumulation,,https://www.direct.aviva.co.uk/wealth/FundChoice/SelfSelectFundsList/FundDetails/BDX8CP0/SelfSelectFund
2507,Lazard Global Equity Income Class C Accumulation,,https://www.direct.aviva.co.uk/wealth/FundChoice/SelfSelectFundsList/FundDetails/B7VB8X9/SelfSelectFund
2508,Lazard Global Equity Income Class C Income,,https://www.direct.aviva.co.uk/wealth/FundChoice/SelfSelectFundsList/FundDetails/B7YWW37/SelfSelectFund
2509,Lazard Global Global Convertibles Recovery Class C Accumulation,,https://www.direct.aviva.co.uk/wealth/FundChoice/SelfSelectFundsList/FundDetails/BLD0YS9/SelfSelectFund
2510,Lazard Global Global Convertibles Recovery Class C Income,,https://www.direct.aviva.co.uk/wealth/FundChoice/SelfSelectFundsList/FundDetails/BLD0YT0/SelfSelectFund
2511,Lazard Global Global Equity Franchise Class A Accumulation,,https://www.direct.aviva.co.uk/wealth/FundChoice/SelfSelectFundsList/FundDetails/BYR8Q28/SelfSelectFund
2512,Lazard Global Global Equity Franchise Class C Accumulation,,https://www.direct.aviva.co.uk/wealth/FundChoice/SelfSelectFundsList/FundDetails/BF2N1T7/SelfSelectFund
2513,Lazard Global Global Equity Franchise Class C Income,,https://www.direct.aviva.co.uk/wealth/FundChoice/SelfSelectFundsList/FundDetails/BF2N1R5/SelfSelectFund
2514,Lazard Global Global Listed Infrastructure Equity Class A Accumulation,,https://www.direct.aviva.co.uk/wealth/FundChoice/SelfSelectFundsList/FundDetails/B5NXD34/SelfSelectFund
2515,Lazard Global Global Listed Infrastructure Equity Class A Income,,https://www.direct.aviva.co.uk/wealth/FundChoice/SelfSelectFundsList/FundDetails/B5NJXH6/SelfSelectFund
2516,Lazard Global Global Sustainable Equity Class CA Accumulation,,https://www.direct.aviva.co.uk/wealth/FundChoice/SelfSelectFundsList/FundDetails/BM952M5/SelfSelectFund
2517,Lazard Global Global Thematic Focus Class CA Accumulation,,https://www.direct.aviva.co.uk/wealth/FundChoice/SelfSelectFundsList/FundDetails/BLDBNC9/SelfSelectFund
2518,Lazard Global Global Thematic Focus Class CD Accumulation,,https://www.direct.aviva.co.uk/wealth/FundChoice/SelfSelectFundsList/FundDetails/BNDX0J5/SelfSelectFund
2519,Lazard Global Japanese Strategic Equity Class A Accumulation,,https://www.direct.aviva.co.uk/wealth/FundChoice/SelfSelectFundsList/FundDetails/BKPJJN7/SelfSelectFund
2520,Lazard Global Japanese Strategic Equity Class C Accumulation,,https://www.direct.aviva.co.uk/wealth/FundChoice/SelfSelectFundsList/FundDetails/BT8R8W3/SelfSelectFund
2521,Lazard Global Japanese Strategic Equity Class C Income,,https://www.direct.aviva.co.uk/wealth/FundChoice/SelfSelectFundsList/FundDetails/BT8R9B9/SelfSelectFund
2522,Lazard Global Rathmore Alternative Class A Hedged Accumulation,,https://www.direct.aviva.co.uk/wealth/FundChoice/SelfSelectFundsList/FundDetails/BG1V1B1/SelfSelectFund
2523,Lazard Global Rathmore Alternative Class C Income,,https://www.direct.aviva.co.uk/wealth/FundChoice/SelfSelectFundsList/FundDetails/BKPHVW4/SelfSelectFund
2524,Lazard Global Rathmore Alternative Class EA Hedged Income,,https://www.direct.aviva.co.uk/wealth/FundChoice/SelfSelectFundsList/FundDetails/BD9MNR5/SelfSelectFund
2525,Lazard Managed Balanced Class A Accumulation,,https://www.direct.aviva.co.uk/wealth/FundChoice/SelfSelectFundsList/FundDetails/B3DVTR0/SelfSelectFund
2526,Lazard Managed Balanced Class A Income,,https://www.direct.aviva.co.uk/wealth/FundChoice/SelfSelectFundsList/FundDetails/3159578/SelfSelectFund
2527,Lazard Managed Equity Class A Accumulation,,https://www.direct.aviva.co.uk/wealth/FundChoice/SelfSelectFundsList/FundDetails/3200960/SelfSelectFund
2528,Lazard MultiCap UK Income Class A Accumulation,,https://www.direct.aviva.co.uk/wealth/FundChoice/SelfSelectFundsList/FundDetails/0847036/SelfSelectFund
2529,Lazard MultiCap UK Income Class A Income,,https://www.direct.aviva.co.uk/wealth/FundChoice/SelfSelectFundsList/FundDetails/0847025/SelfSelectFund
2530,Lazard UK Omega Class C Accumulation,,https://www.direct.aviva.co.uk/wealth/FundChoice/SelfSelectFundsList/FundDetails/B8HKDX2/SelfSelectFund
2531,Lazard UK Omega Class C Income,,https://www.direct.aviva.co.uk/wealth/FundChoice/SelfSelectFundsList/FundDetails/B87ZL66/SelfSelectFund
2532,Lazard UK Omega Class EA Income,,https://www.direct.aviva.co.uk/wealth/FundChoice/SelfSelectFundsList/FundDetails/BZ0XWL8/SelfSelectFund
2533,Legal & General (N) Tracker Trust I Accumulation,,https://www.direct.aviva.co.uk/wealth/FundChoice/SelfSelectFundsList/FundDetails/B8386G4/SelfSelectFund
2534,Legal & General (N) Tracker Trust I Income,,https://www.direct.aviva.co.uk/wealth/FundChoice/SelfSelectFundsList/FundDetails/B85JJM2/SelfSelectFund
2535,Legal & General Active Global High Yield Bond I Accumulation,,https://www.direct.aviva.co.uk/wealth/FundChoice/SelfSelectFundsList/FundDetails/B0CNHJ4/SelfSelectFund
2536,Legal & General Active Global High Yield Bond I Income,,https://www.direct.aviva.co.uk/wealth/FundChoice/SelfSelectFundsList/FundDetails/B0CNHH2/SelfSelectFund
2537,Legal & General Active Short Dated Sterling Corporate Bond I Accumulation,,https://www.direct.aviva.co.uk/wealth/FundChoice/SelfSelectFundsList/FundDetails/B89QL12/SelfSelectFund
2538,Legal & General Active Short Dated Sterling Corporate Bond I Income,,https://www.direct.aviva.co.uk/wealth/FundChoice/SelfSelectFundsList/FundDetails/B7JDJQ7/SelfSelectFund
2539,Legal & General Active Sterling Corporate Bond I Accumulation,,https://www.direct.aviva.co.uk/wealth/FundChoice/SelfSelectFundsList/FundDetails/B0CNHD8/SelfSelectFund
2540,Legal & General Active Sterling Corporate Bond I Income,,https://www.direct.aviva.co.uk/wealth/FundChoice/SelfSelectFundsList/FundDetails/B0CNHC7/SelfSelectFund
2541,Legal & General Active Sterling Corporate Bond Plus Fund I Accumulation,,https://www.direct.aviva.co.uk/wealth/FundChoice/SelfSelectFundsList/FundDetails/B0CNHQ1/SelfSelectFund
2542,Legal & General Active Sterling Corporate Bond Plus Fund I Income,,https://www.direct.aviva.co.uk/wealth/FundChoice/SelfSelectFundsList/FundDetails/B0CNHP0/SelfSelectFund
2543,Legal & General All Stocks Gilt Index Trust I Accumulation,,https://www.direct.aviva.co.uk/wealth/FundChoice/SelfSelectFundsList/FundDetails/B834479/SelfSelectFund
2544,Legal & General All Stocks Gilt Index Trust I Income,,https://www.direct.aviva.co.uk/wealth/FundChoice/SelfSelectFundsList/FundDetails/B8387G1/SelfSelectFund
2545,Legal & General All Stocks Index Linked Gilt Index Trust I Accumulation,,https://www.direct.aviva.co.uk/wealth/FundChoice/SelfSelectFundsList/FundDetails/B84QXT9/SelfSelectFund
2546,Legal & General All Stocks Index Linked Gilt Index Trust I Income,,https://www.direct.aviva.co.uk/wealth/FundChoice/SelfSelectFundsList/FundDetails/B84VDP0/SelfSelectFund
2547,Legal & General Asian Pacific Equity Income I Accumulation,,https://www.direct.aviva.co.uk/wealth/FundChoice/SelfSelectFundsList/FundDetails/B409KQ0/SelfSelectFund
2548,Legal & General Asian Pacific Equity Income I Income,,https://www.direct.aviva.co.uk/wealth/FundChoice/SelfSelectFundsList/FundDetails/B7XH5V2/SelfSelectFund
2549,Legal & General Cash Trust I Accumulation,,https://www.direct.aviva.co.uk/wealth/FundChoice/SelfSelectFundsList/FundDetails/B0CNHB6/SelfSelectFund
2550,Legal & General Cash Trust I Income,,https://www.direct.aviva.co.uk/wealth/FundChoice/SelfSelectFundsList/FundDetails/BJKGG24/SelfSelectFund
2551,Legal & General Developed World Momentum Factor Index I Accumulation,,https://www.direct.aviva.co.uk/wealth/FundChoice/SelfSelectFundsList/FundDetails/BTCJDQ4/SelfSelectFund
2552,Legal & General Developed World Momentum Factor Index I Income,,https://www.direct.aviva.co.uk/wealth/FundChoice/SelfSelectFundsList/FundDetails/BTCJDM0/SelfSelectFund
2553,Legal & General Developed World Quality Factor Index I Accumulation,,https://www.direct.aviva.co.uk/wealth/FundChoice/SelfSelectFundsList/FundDetails/BTCJDJ7/SelfSelectFund
2554,Legal & General Developed World Quality Factor Index I Income,,https://www.direct.aviva.co.uk/wealth/FundChoice/SelfSelectFundsList/FundDetails/BTCJDF3/SelfSelectFund
2555,Legal & General Developed World Value Factor Index I Accumulation,,https://www.direct.aviva.co.uk/wealth/FundChoice/SelfSelectFundsList/FundDetails/BTCJDB9/SelfSelectFund
2556,Legal & General Developed World Value Factor Index I Income,,https://www.direct.aviva.co.uk/wealth/FundChoice/SelfSelectFundsList/FundDetails/BTCJD31/SelfSelectFund
2557,Legal & General Emerging Markets Government Bond (Local Currency) Index Fund I Accumulation,,https://www.direct.aviva.co.uk/wealth/FundChoice/SelfSelectFundsList/FundDetails/B8L19S8/SelfSelectFund
2558,Legal & General Emerging Markets Government Bond (Local Currency) Index Fund I Income,,https://www.direct.aviva.co.uk/wealth/FundChoice/SelfSelectFundsList/FundDetails/B8FT1G0/SelfSelectFund
2559,Legal & General Emerging Markets Government Bond (US$) Index Fund I Accumulation,,https://www.direct.aviva.co.uk/wealth/FundChoice/SelfSelectFundsList/FundDetails/B7MJV33/SelfSelectFund
2560,Legal & General Emerging Markets Government Bond (US$) Index Fund I Income,,https://www.direct.aviva.co.uk/wealth/FundChoice/SelfSelectFundsList/FundDetails/B7GWV16/SelfSelectFund
2561,Legal & General European Equity Income I Accumulation,,https://www.direct.aviva.co.uk/wealth/FundChoice/SelfSelectFundsList/FundDetails/BF18C89/SelfSelectFund
2562,Legal & General European Equity Income I Income,,https://www.direct.aviva.co.uk/wealth/FundChoice/SelfSelectFundsList/FundDetails/BF18C78/SelfSelectFund
2563,Legal & General European Index Trust I Accumulation,,https://www.direct.aviva.co.uk/wealth/FundChoice/SelfSelectFundsList/FundDetails/B0CNGR5/SelfSelectFund
2564,Legal & General European Index Trust I Income,,https://www.direct.aviva.co.uk/wealth/FundChoice/SelfSelectFundsList/FundDetails/B0CNGQ4/SelfSelectFund
2565,Legal & General Future World ESG Screened and Selected Multi-Index 3 Class I Accumulation,,https://www.direct.aviva.co.uk/wealth/FundChoice/SelfSelectFundsList/FundDetails/BMXVDQ0/SelfSelectFund
2566,Legal & General Future World ESG Screened and Selected Multi-Index 3 Class I Income,,https://www.direct.aviva.co.uk/wealth/FundChoice/SelfSelectFundsList/FundDetails/BMXVDP9/SelfSelectFund
2567,Legal & General Future World ESG Screened and Selected Multi-Index 4 Class I Accumulation,,https://www.direct.aviva.co.uk/wealth/FundChoice/SelfSelectFundsList/FundDetails/BJ0M387/SelfSelectFund
2568,Legal & General Future World ESG Screened and Selected Multi-Index 4 Class I Income,,https://www.direct.aviva.co.uk/wealth/FundChoice/SelfSelectFundsList/FundDetails/BJ0M398/SelfSelectFund
2569,Legal & General Future World ESG Screened and Selected Multi-Index 5 Class I Accumulation,,https://www.direct.aviva.co.uk/wealth/FundChoice/SelfSelectFundsList/FundDetails/BJ0LSD4/SelfSelectFund
2570,Legal & General Future World ESG Screened and Selected Multi-Index 5 Class I Income,,https://www.direct.aviva.co.uk/wealth/FundChoice/SelfSelectFundsList/FundDetails/BJ0LSF6/SelfSelectFund
2571,Legal & General Future World ESG Screened and Selected Multi-Index 6 I Accumulation,,https://www.direct.aviva.co.uk/wealth/FundChoice/SelfSelectFundsList/FundDetails/BMX5HR1/SelfSelectFund
2572,Legal & General Future World ESG Screened and Selected Multi-Index 6 I Income,,https://www.direct.aviva.co.uk/wealth/FundChoice/SelfSelectFundsList/FundDetails/BMX5HS2/SelfSelectFund
2573,Legal & General Future World ESG Screened and Selected Multi-Index 7 I Accumulation,,https://www.direct.aviva.co.uk/wealth/FundChoice/SelfSelectFundsList/FundDetails/BMX5V13/SelfSelectFund
2574,Legal & General Future World ESG Screened and Selected Multi-Index 7 I Income,,https://www.direct.aviva.co.uk/wealth/FundChoice/SelfSelectFundsList/FundDetails/BMX5V24/SelfSelectFund
2575,Legal & General Future World ESG Tilted & Optimised Developed Index Class I Accumulation,,https://www.direct.aviva.co.uk/wealth/FundChoice/SelfSelectFundsList/FundDetails/BYWQWW9/SelfSelectFund
2576,Legal & General Future World ESG Tilted & Optimised Developed Index Class I Income,,https://www.direct.aviva.co.uk/wealth/FundChoice/SelfSelectFundsList/FundDetails/BYWQWX0/SelfSelectFund
2577,Legal & General Future World ESG Tilted and Optimised Asia Pacific Index I Accumulation,,https://www.direct.aviva.co.uk/wealth/FundChoice/SelfSelectFundsList/FundDetails/BL693S6/SelfSelectFund
2578,Legal & General Future World ESG Tilted and Optimised Asia Pacific Index I Income,,https://www.direct.aviva.co.uk/wealth/FundChoice/SelfSelectFundsList/FundDetails/BL693H5/SelfSelectFund
2579,Legal & General Future World ESG Tilted and Optimised Emerging Markets Index I Accumulation,,https://www.direct.aviva.co.uk/wealth/FundChoice/SelfSelectFundsList/FundDetails/BL6C1W5/SelfSelectFund
2580,Legal & General Future World ESG Tilted and Optimised Emerging Markets Index I Income,,https://www.direct.aviva.co.uk/wealth/FundChoice/SelfSelectFundsList/FundDetails/BL6C1H0/SelfSelectFund
2581,Legal & General Future World ESG Tilted and Optimised Europe Ex UK Index I Accumulation,,https://www.direct.aviva.co.uk/wealth/FundChoice/SelfSelectFundsList/FundDetails/BL69405/SelfSelectFund
2582,Legal & General Future World ESG Tilted and Optimised Europe Ex UK Index I Income,,https://www.direct.aviva.co.uk/wealth/FundChoice/SelfSelectFundsList/FundDetails/BL647V2/SelfSelectFund
2583,Legal & General Future World ESG Tilted and Optimised Japan Index I Accumulation,,https://www.direct.aviva.co.uk/wealth/FundChoice/SelfSelectFundsList/FundDetails/BL6C2C2/SelfSelectFund
2584,Legal & General Future World ESG Tilted and Optimised Japan Index I Income,,https://www.direct.aviva.co.uk/wealth/FundChoice/SelfSelectFundsList/FundDetails/BL6C255/SelfSelectFund
2585,Legal & General Future World ESG Tilted and Optimised North America Index I Accumulation,,https://www.direct.aviva.co.uk/wealth/FundChoice/SelfSelectFundsList/FundDetails/BL6C0Q2/SelfSelectFund
2586,Legal & General Future World ESG Tilted and Optimised North America Index I Income,,https://www.direct.aviva.co.uk/wealth/FundChoice/SelfSelectFundsList/FundDetails/BL69654/SelfSelectFund
2587,Legal & General Future World ESG Tilted and Optimised UK Index Class I Accumulation,,https://www.direct.aviva.co.uk/wealth/FundChoice/SelfSelectFundsList/FundDetails/BJH4XV9/SelfSelectFund
2588,Legal & General Future World ESG Tilted and Optimised UK Index Class I Income,,https://www.direct.aviva.co.uk/wealth/FundChoice/SelfSelectFundsList/FundDetails/BJH4X97/SelfSelectFund
2589,Legal & General Future World Global Multi-Factor ESG Tilted and Optimised Index Fund I Accumulation,,https://www.direct.aviva.co.uk/wealth/FundChoice/SelfSelectFundsList/FundDetails/BF41Q72/SelfSelectFund
2590,Legal & General Future World Global Multi-Factor ESG Tilted and Optimised Index Fund I Income,,https://www.direct.aviva.co.uk/wealth/FundChoice/SelfSelectFundsList/FundDetails/BF41Q61/SelfSelectFund
2591,Legal & General Future World Global Opportunities Class I Accumulation,,https://www.direct.aviva.co.uk/wealth/FundChoice/SelfSelectFundsList/FundDetails/BFZ6041/SelfSelectFund
2592,Legal & General Future World Global Opportunities Class I Income,,https://www.direct.aviva.co.uk/wealth/FundChoice/SelfSelectFundsList/FundDetails/BFZ6030/SelfSelectFund
2593,Legal & General Future World Infrastructure Index Class I Income,,https://www.direct.aviva.co.uk/wealth/FundChoice/SelfSelectFundsList/FundDetails/BNVR9S1/SelfSelectFund
2594,Legal & General Future World Sustainable UK Equity Fund I Accumulation,,https://www.direct.aviva.co.uk/wealth/FundChoice/SelfSelectFundsList/FundDetails/B8F72V6/SelfSelectFund
2595,Legal & General Future World Sustainable UK Equity Fund I Income,,https://www.direct.aviva.co.uk/wealth/FundChoice/SelfSelectFundsList/FundDetails/B887M57/SelfSelectFund
2596,Legal & General Global 100 Index Trust I Accumulation,,https://www.direct.aviva.co.uk/wealth/FundChoice/SelfSelectFundsList/FundDetails/B0CNH05/SelfSelectFund
2597,Legal & General Global 100 Index Trust I Income,,https://www.direct.aviva.co.uk/wealth/FundChoice/SelfSelectFundsList/FundDetails/B0CNGZ3/SelfSelectFund
2598,Legal & General Global Emerging Markets Index Fund I Accumulation,,https://www.direct.aviva.co.uk/wealth/FundChoice/SelfSelectFundsList/FundDetails/B4KBDL2/SelfSelectFund
2599,Legal & General Global Emerging Markets Index Fund I Income,,https://www.direct.aviva.co.uk/wealth/FundChoice/SelfSelectFundsList/FundDetails/B4QY6B6/SelfSelectFund
2600,Legal & General Global Equity Index Fund I Accumulation,,https://www.direct.aviva.co.uk/wealth/FundChoice/SelfSelectFundsList/FundDetails/B83LW32/SelfSelectFund
2601,Legal & General Global Equity Index Fund I Income,,https://www.direct.aviva.co.uk/wealth/FundChoice/SelfSelectFundsList/FundDetails/B84K197/SelfSelectFund
2602,Legal & General Global Health and Pharmaceuticals Index Trust I Accumulation,,https://www.direct.aviva.co.uk/wealth/FundChoice/SelfSelectFundsList/FundDetails/B0CNH38/SelfSelectFund
2603,Legal & General Global Health and Pharmaceuticals Index Trust I Income,,https://www.direct.aviva.co.uk/wealth/FundChoice/SelfSelectFundsList/FundDetails/B0CNH27/SelfSelectFund
2604,Legal & General Global Inflation Linked Bond Index Fund I Accumulation,,https://www.direct.aviva.co.uk/wealth/FundChoice/SelfSelectFundsList/FundDetails/BBHXNN2/SelfSelectFund
2605,Legal & General Global Inflation Linked Bond Index Fund I Income,,https://www.direct.aviva.co.uk/wealth/FundChoice/SelfSelectFundsList/FundDetails/BBHXNM1/SelfSelectFund
2606,Legal & General Global Infrastructure Index Class I Accumulation,,https://www.direct.aviva.co.uk/wealth/FundChoice/SelfSelectFundsList/FundDetails/BF0TZG2/SelfSelectFund
2607,Legal & General Global Infrastructure Index Class I Income,,https://www.direct.aviva.co.uk/wealth/FundChoice/SelfSelectFundsList/FundDetails/BF0TZH3/SelfSelectFund
2608,Legal & General Global Real Estate Dividend Index Fund I Accumulation,,https://www.direct.aviva.co.uk/wealth/FundChoice/SelfSelectFundsList/FundDetails/BYW7CN3/SelfSelectFund
2609,Legal & General Global Real Estate Dividend Index Fund I Income,,https://www.direct.aviva.co.uk/wealth/FundChoice/SelfSelectFundsList/FundDetails/BYW7CM2/SelfSelectFund
2610,Legal & General Global Technology Index Trust I Accumulation,,https://www.direct.aviva.co.uk/wealth/FundChoice/SelfSelectFundsList/FundDetails/B0CNH16/SelfSelectFund
2611,Legal & General ICAV L&G ESG Emerging Markets Government Local Class I Unhedged Accumulation,,https://www.direct.aviva.co.uk/wealth/FundChoice/SelfSelectFundsList/FundDetails/BGXQV14/SelfSelectFund
2612,Legal & General ICAV L&G Emerging Markets Governement Bond (USD) Index Fund I Income,,https://www.direct.aviva.co.uk/wealth/FundChoice/SelfSelectFundsList/FundDetails/BGSXHN4/SelfSelectFund
2613,Legal & General International Index Trust I Accumulation,,https://www.direct.aviva.co.uk/wealth/FundChoice/SelfSelectFundsList/FundDetails/B2Q6HW6/SelfSelectFund
2614,Legal & General International Index Trust I Income,,https://www.direct.aviva.co.uk/wealth/FundChoice/SelfSelectFundsList/FundDetails/B2Q6HX7/SelfSelectFund
2615,Legal & General Japan Index Trust I Accumulation,,https://www.direct.aviva.co.uk/wealth/FundChoice/SelfSelectFundsList/FundDetails/B0CNGW0/SelfSelectFund
2616,Legal & General Japan Index Trust I Income,,https://www.direct.aviva.co.uk/wealth/FundChoice/SelfSelectFundsList/FundDetails/B0CNGV9/SelfSelectFund
2617,Legal & General MSCI World Socially Responsible Investment (SRI) Index I Accumulation,,https://www.direct.aviva.co.uk/wealth/FundChoice/SelfSelectFundsList/FundDetails/B0CNH94/SelfSelectFund
2618,Legal & General MSCI World Socially Responsible Investment (SRI) Index I Income,,https://www.direct.aviva.co.uk/wealth/FundChoice/SelfSelectFundsList/FundDetails/B0CNH83/SelfSelectFund
2619,Legal & General Mixed Investment 0-35% Fund I Accumulation,,https://www.direct.aviva.co.uk/wealth/FundChoice/SelfSelectFundsList/FundDetails/B8KRCM2/SelfSelectFund
2620,Legal & General Mixed Investment 0-35% Fund I Income,,https://www.direct.aviva.co.uk/wealth/FundChoice/SelfSelectFundsList/FundDetails/B8B8CK2/SelfSelectFund
2621,Legal & General Mixed Investment 20-60% Fund I Accumulation,,https://www.direct.aviva.co.uk/wealth/FundChoice/SelfSelectFundsList/FundDetails/BMHTPP3/SelfSelectFund
2622,Legal & General Mixed Investment 20-60% Fund I Income,,https://www.direct.aviva.co.uk/wealth/FundChoice/SelfSelectFundsList/FundDetails/BMHTPN1/SelfSelectFund
2623,Legal & General Mixed Investment 40-85% Fund I Accumulation,,https://www.direct.aviva.co.uk/wealth/FundChoice/SelfSelectFundsList/FundDetails/BMHTPW0/SelfSelectFund
2624,Legal & General Mixed Investment 40-85% Fund I Income,,https://www.direct.aviva.co.uk/wealth/FundChoice/SelfSelectFundsList/FundDetails/BMHTPV9/SelfSelectFund
2625,Legal & General Mixed Investment 40-85% Fund M Accumulation,,https://www.direct.aviva.co.uk/wealth/FundChoice/SelfSelectFundsList/FundDetails/B8028R4/SelfSelectFund
2626,Legal & General Mixed Investment Income 0-35% Fund I Accumulation,,https://www.direct.aviva.co.uk/wealth/FundChoice/SelfSelectFundsList/FundDetails/BYW6BT9/SelfSelectFund
2627,Legal & General Mixed Investment Income 0-35% Fund I Income,,https://www.direct.aviva.co.uk/wealth/FundChoice/SelfSelectFundsList/FundDetails/BYW6BS8/SelfSelectFund
2628,Legal & General Mixed Investment Income 20-60% Fund I Income,,https://www.direct.aviva.co.uk/wealth/FundChoice/SelfSelectFundsList/FundDetails/BYW6BZ5/SelfSelectFund
2629,Legal & General Multi Manager Balanced Trust I Accumulation,,https://www.direct.aviva.co.uk/wealth/FundChoice/SelfSelectFundsList/FundDetails/B8L2594/SelfSelectFund
2630,Legal & General Multi Manager Balanced Trust I Income,,https://www.direct.aviva.co.uk/wealth/FundChoice/SelfSelectFundsList/FundDetails/B8L29M5/SelfSelectFund
2631,Legal & General Multi Manager Growth Trust I Accumulation,,https://www.direct.aviva.co.uk/wealth/FundChoice/SelfSelectFundsList/FundDetails/B8L2B30/SelfSelectFund
2632,Legal & General Multi Manager Growth Trust I Income,,https://www.direct.aviva.co.uk/wealth/FundChoice/SelfSelectFundsList/FundDetails/B8L2FY9/SelfSelectFund
2633,Legal & General Multi Manager Income Trust I Accumulation,,https://www.direct.aviva.co.uk/wealth/FundChoice/SelfSelectFundsList/FundDetails/B8L2GH9/SelfSelectFund
2634,Legal & General Multi Manager Income Trust I Income,,https://www.direct.aviva.co.uk/wealth/FundChoice/SelfSelectFundsList/FundDetails/B8L2GX5/SelfSelectFund
2635,Legal & General Multi-Asset Target Return Fund I Accumulation,,https://www.direct.aviva.co.uk/wealth/FundChoice/SelfSelectFundsList/FundDetails/BD97XY7/SelfSelectFund
2636,Legal & General Multi-Asset Target Return Fund I Income,,https://www.direct.aviva.co.uk/wealth/FundChoice/SelfSelectFundsList/FundDetails/BHL3HB6/SelfSelectFund
2637,Legal & General Multi-Index 3 Fund I Accumulation,,https://www.direct.aviva.co.uk/wealth/FundChoice/SelfSelectFundsList/FundDetails/B975174/SelfSelectFund
2638,Legal & General Multi-Index 3 Fund I Income,,https://www.direct.aviva.co.uk/wealth/FundChoice/SelfSelectFundsList/FundDetails/B6VR4B0/SelfSelectFund
2639,Legal & General Multi-Index 4 Fund I Accumulation,,https://www.direct.aviva.co.uk/wealth/FundChoice/SelfSelectFundsList/FundDetails/B88Y021/SelfSelectFund
2640,Legal & General Multi-Index 4 Fund I Income,,https://www.direct.aviva.co.uk/wealth/FundChoice/SelfSelectFundsList/FundDetails/B8VZBR3/SelfSelectFund
2641,Legal & General Multi-Index 5 Fund I Accumulation,,https://www.direct.aviva.co.uk/wealth/FundChoice/SelfSelectFundsList/FundDetails/B8VZ3F5/SelfSelectFund
2642,Legal & General Multi-Index 5 Fund I Income,,https://www.direct.aviva.co.uk/wealth/FundChoice/SelfSelectFundsList/FundDetails/B95ND85/SelfSelectFund
2643,Legal & General Multi-Index 6 Fund I Accumulation,,https://www.direct.aviva.co.uk/wealth/FundChoice/SelfSelectFundsList/FundDetails/B95KML2/SelfSelectFund
2644,Legal & General Multi-Index 6 Fund I Income,,https://www.direct.aviva.co.uk/wealth/FundChoice/SelfSelectFundsList/FundDetails/B947LD9/SelfSelectFund
2645,Legal & General Multi-Index 7 Fund I Accumulation,,https://www.direct.aviva.co.uk/wealth/FundChoice/SelfSelectFundsList/FundDetails/B9LF0M8/SelfSelectFund
2646,Legal & General Multi-Index 7 Fund I Income,,https://www.direct.aviva.co.uk/wealth/FundChoice/SelfSelectFundsList/FundDetails/B9LF062/SelfSelectFund
2647,Legal & General Multi-Index Income 4 Fund I Accumulation,,https://www.direct.aviva.co.uk/wealth/FundChoice/SelfSelectFundsList/FundDetails/BZ0RRN7/SelfSelectFund
2648,Legal & General Multi-Index Income 4 Fund I Income,,https://www.direct.aviva.co.uk/wealth/FundChoice/SelfSelectFundsList/FundDetails/BZ0RRM6/SelfSelectFund
2649,Legal & General Multi-Index Income 5 Fund I Accumulation,,https://www.direct.aviva.co.uk/wealth/FundChoice/SelfSelectFundsList/FundDetails/BZ0RRW6/SelfSelectFund
2650,Legal & General Multi-Index Income 5 Fund I Income,,https://www.direct.aviva.co.uk/wealth/FundChoice/SelfSelectFundsList/FundDetails/BZ0RRV5/SelfSelectFund
2651,Legal & General Multi-Index Income 6 Fund I Accumulation,,https://www.direct.aviva.co.uk/wealth/FundChoice/SelfSelectFundsList/FundDetails/BZ0RS34/SelfSelectFund
2652,Legal & General Multi-Index Income 6 Fund I Income,,https://www.direct.aviva.co.uk/wealth/FundChoice/SelfSelectFundsList/FundDetails/BZ0RS23/SelfSelectFund
2653,Legal & General Pacific Index Trust I Accumulation,,https://www.direct.aviva.co.uk/wealth/FundChoice/SelfSelectFundsList/FundDetails/B0CNGY2/SelfSelectFund
2654,Legal & General Pacific Index Trust I Income,,https://www.direct.aviva.co.uk/wealth/FundChoice/SelfSelectFundsList/FundDetails/B0CNGX1/SelfSelectFund
2655,Legal & General S&P 500 US Equal Weight Index Fund I Accumulation,,https://www.direct.aviva.co.uk/wealth/FundChoice/SelfSelectFundsList/FundDetails/BSWT8L7/SelfSelectFund
2656,Legal & General S&P 500 US Equal Weight Index Fund I Income,,https://www.direct.aviva.co.uk/wealth/FundChoice/SelfSelectFundsList/FundDetails/BSWT787/SelfSelectFund
2657,Legal & General SICAV L&G Commodity Index I Income,,https://www.direct.aviva.co.uk/wealth/FundChoice/SelfSelectFundsList/FundDetails/BMZ8F18/SelfSelectFund
2658,Legal & General Short Dated Sterling Corporate Bond Index Fund I Accumulation,,https://www.direct.aviva.co.uk/wealth/FundChoice/SelfSelectFundsList/FundDetails/BKGR3H2/SelfSelectFund
2659,Legal & General Short Dated Sterling Corporate Bond Index Fund I Income,,https://www.direct.aviva.co.uk/wealth/FundChoice/SelfSelectFundsList/FundDetails/BKGR3G1/SelfSelectFund
2660,Legal & General Sterling Corporate Bond Index Fund I Accumulation,,https://www.direct.aviva.co.uk/wealth/FundChoice/SelfSelectFundsList/FundDetails/B4M01C4/SelfSelectFund
2661,Legal & General Sterling Corporate Bond Index Fund I Income,,https://www.direct.aviva.co.uk/wealth/FundChoice/SelfSelectFundsList/FundDetails/B72V3J9/SelfSelectFund
2662,Legal & General Strategic Bond I Accumulation,,https://www.direct.aviva.co.uk/wealth/FundChoice/SelfSelectFundsList/FundDetails/B1TWMW9/SelfSelectFund
2663,Legal & General Strategic Bond I Income,,https://www.direct.aviva.co.uk/wealth/FundChoice/SelfSelectFundsList/FundDetails/B1TWMY1/SelfSelectFund
2664,Legal & General UK 100 Index Trust I Accumulation,,https://www.direct.aviva.co.uk/wealth/FundChoice/SelfSelectFundsList/FundDetails/B0CNH50/SelfSelectFund
2665,Legal & General UK 100 Index Trust I Income,,https://www.direct.aviva.co.uk/wealth/FundChoice/SelfSelectFundsList/FundDetails/B0CNH49/SelfSelectFund
2666,Legal & General UK 350 Index Class I Accumulation,,https://www.direct.aviva.co.uk/wealth/FundChoice/SelfSelectFundsList/FundDetails/BKT6B83/SelfSelectFund
2667,Legal & General UK 350 Index Class I Income,,https://www.direct.aviva.co.uk/wealth/FundChoice/SelfSelectFundsList/FundDetails/BKT6B94/SelfSelectFund
2668,Legal & General UK Equity Income Fund I Accumulation,,https://www.direct.aviva.co.uk/wealth/FundChoice/SelfSelectFundsList/FundDetails/B6HBD75/SelfSelectFund
2669,Legal & General UK Equity Income Fund I Income,,https://www.direct.aviva.co.uk/wealth/FundChoice/SelfSelectFundsList/FundDetails/B56B1J7/SelfSelectFund
2670,Legal & General UK Index Trust I Accumulation,,https://www.direct.aviva.co.uk/wealth/FundChoice/SelfSelectFundsList/FundDetails/B0CNGN1/SelfSelectFund
2671,Legal & General UK Index Trust I Income,,https://www.direct.aviva.co.uk/wealth/FundChoice/SelfSelectFundsList/FundDetails/B0CNGM0/SelfSelectFund
2672,Legal & General UK Mid Cap Index Fund Class I Accumulation,,https://www.direct.aviva.co.uk/wealth/FundChoice/SelfSelectFundsList/FundDetails/BQ1JYX8/SelfSelectFund
2673,Legal & General UK Mid Cap Index Fund Class I Income,,https://www.direct.aviva.co.uk/wealth/FundChoice/SelfSelectFundsList/FundDetails/BQ1JYW7/SelfSelectFund
2674,Legal & General UK Property Feeder Fund I Accumulation,,https://www.direct.aviva.co.uk/wealth/FundChoice/SelfSelectFundsList/FundDetails/BK35F40/SelfSelectFund
2675,Legal & General UK Property Feeder Fund I Income,,https://www.direct.aviva.co.uk/wealth/FundChoice/SelfSelectFundsList/FundDetails/BK35F39/SelfSelectFund
2676,Legal & General UK Property Fund I Accumulation,,https://www.direct.aviva.co.uk/wealth/FundChoice/SelfSelectFundsList/FundDetails/BK35DV3/SelfSelectFund
2677,Legal & General UK Property Fund I Income,,https://www.direct.aviva.co.uk/wealth/FundChoice/SelfSelectFundsList/FundDetails/BK35DT1/SelfSelectFund
2678,Legal & General UK Smaller Companies Trust I Accumulation,,https://www.direct.aviva.co.uk/wealth/FundChoice/SelfSelectFundsList/FundDetails/B7LFF30/SelfSelectFund
2679,Legal & General UK Smaller Companies Trust I Income,,https://www.direct.aviva.co.uk/wealth/FundChoice/SelfSelectFundsList/FundDetails/B89NFZ5/SelfSelectFund
2680,Legal & General US Index Trust I Accumulation,,https://www.direct.aviva.co.uk/wealth/FundChoice/SelfSelectFundsList/FundDetails/B0CNGT7/SelfSelectFund
2681,Legal & General US Index Trust I Income,,https://www.direct.aviva.co.uk/wealth/FundChoice/SelfSelectFundsList/FundDetails/B0CNGS6/SelfSelectFund
2682,Legal & General Worldwide Trust I Accumulation,,https://www.direct.aviva.co.uk/wealth/FundChoice/SelfSelectFundsList/FundDetails/B788KH1/SelfSelectFund
2683,Legal & General Worldwide Trust I Income,,https://www.direct.aviva.co.uk/wealth/FundChoice/SelfSelectFundsList/FundDetails/B7RL8L1/SelfSelectFund
2684,Levendi Thornbridge Defined Return Fund Class A Accumulation,,https://www.direct.aviva.co.uk/wealth/FundChoice/SelfSelectFundsList/FundDetails/BYV3WG5/SelfSelectFund
2685,Levendi Thornbridge Defined Return Fund Class A Income,,https://www.direct.aviva.co.uk/wealth/FundChoice/SelfSelectFundsList/FundDetails/BYV3WH6/SelfSelectFund
2686,Levendi Thornbridge Defined Return Fund Class B Accumulation,,https://www.direct.aviva.co.uk/wealth/FundChoice/SelfSelectFundsList/FundDetails/BYV3WJ8/SelfSelectFund
2687,Lindsell Train Global Equity Class B - Distributing Income,,https://www.direct.aviva.co.uk/wealth/FundChoice/SelfSelectFundsList/FundDetails/B3NS4D2/SelfSelectFund
2688,Lindsell Train Global Equity Class B Accumulation,,https://www.direct.aviva.co.uk/wealth/FundChoice/SelfSelectFundsList/FundDetails/BP2P6W1/SelfSelectFund
2689,Lindsell Train Japanese Equity Class B - Sterling Hgd - Distributing Income,,https://www.direct.aviva.co.uk/wealth/FundChoice/SelfSelectFundsList/FundDetails/B3MSSB9/SelfSelectFund
2690,Lindsell Train Japanese Equity Class B Sterling – Distributing Income,,https://www.direct.aviva.co.uk/wealth/FundChoice/SelfSelectFundsList/FundDetails/B7FGDC4/SelfSelectFund
2691,Lindsell Train WS Lindsell Train UK Equity Accumulation Accumulation,,https://www.direct.aviva.co.uk/wealth/FundChoice/SelfSelectFundsList/FundDetails/B18B9X7/SelfSelectFund
2692,Lindsell Train WS Lindsell Train UK Equity Income Income,,https://www.direct.aviva.co.uk/wealth/FundChoice/SelfSelectFundsList/FundDetails/B18B9V5/SelfSelectFund
2693,Liontrust Balanced Class C Accumulation,,https://www.direct.aviva.co.uk/wealth/FundChoice/SelfSelectFundsList/FundDetails/B85K721/SelfSelectFund
2694,Liontrust Balanced Class C Income,,https://www.direct.aviva.co.uk/wealth/FundChoice/SelfSelectFundsList/FundDetails/B83H6G1/SelfSelectFund
2695,Liontrust China Class C Accumulation,,https://www.direct.aviva.co.uk/wealth/FundChoice/SelfSelectFundsList/FundDetails/B5Q3858/SelfSelectFund
2696,Liontrust Emerging Markets Class C Accumulation,,https://www.direct.aviva.co.uk/wealth/FundChoice/SelfSelectFundsList/FundDetails/B8J6SV1/SelfSelectFund
2697,Liontrust European Dynamic Class I Accumulation,,https://www.direct.aviva.co.uk/wealth/FundChoice/SelfSelectFundsList/FundDetails/BMW30Z5/SelfSelectFund
2698,Liontrust European Dynamic Class I Hedged Income,,https://www.direct.aviva.co.uk/wealth/FundChoice/SelfSelectFundsList/FundDetails/BMC7767/SelfSelectFund
2699,Liontrust European Dynamic Class I Income,,https://www.direct.aviva.co.uk/wealth/FundChoice/SelfSelectFundsList/FundDetails/B4ZM1M7/SelfSelectFund
2700,Liontrust GF European Strategic Equity Class C3 Accumulation,,https://www.direct.aviva.co.uk/wealth/FundChoice/SelfSelectFundsList/FundDetails/BLG2W22/SelfSelectFund
2701,Liontrust GF Global Short Dated Corporate Bond Class C5 Accumulation,,https://www.direct.aviva.co.uk/wealth/FundChoice/SelfSelectFundsList/FundDetails/BD85PY6/SelfSelectFund
2702,Liontrust GF High Yield Bond Class C5 Accumulation,,https://www.direct.aviva.co.uk/wealth/FundChoice/SelfSelectFundsList/FundDetails/BFXZFR8/SelfSelectFund
2703,Liontrust GF High Yield Bond Class C5 Income,,https://www.direct.aviva.co.uk/wealth/FundChoice/SelfSelectFundsList/FundDetails/BFXZFS9/SelfSelectFund
2704,Liontrust GF Special Situations Class C3 Accumulation,,https://www.direct.aviva.co.uk/wealth/FundChoice/SelfSelectFundsList/FundDetails/B8CL073/SelfSelectFund
2705,Liontrust GF Sustainable Future US Growth Class C5 Accumulation,,https://www.direct.aviva.co.uk/wealth/FundChoice/SelfSelectFundsList/FundDetails/BLD1KM8/SelfSelectFund
2706,Liontrust GF UK Growth Class C3 Accumulation,,https://www.direct.aviva.co.uk/wealth/FundChoice/SelfSelectFundsList/FundDetails/BP4KB29/SelfSelectFund
2707,Liontrust Global Alpha Class C Accumulation,,https://www.direct.aviva.co.uk/wealth/FundChoice/SelfSelectFundsList/FundDetails/3119055/SelfSelectFund
2708,Liontrust Global Dividend Class C Accumulation,,https://www.direct.aviva.co.uk/wealth/FundChoice/SelfSelectFundsList/FundDetails/B9225P6/SelfSelectFund
2709,Liontrust Global Dividend Class C Income,,https://www.direct.aviva.co.uk/wealth/FundChoice/SelfSelectFundsList/FundDetails/B91RFZ2/SelfSelectFund
2710,Liontrust Global Innovation Class C Accumulation,,https://www.direct.aviva.co.uk/wealth/FundChoice/SelfSelectFundsList/FundDetails/B8DLY47/SelfSelectFund
2711,Liontrust Global Innovation Class C Income,,https://www.direct.aviva.co.uk/wealth/FundChoice/SelfSelectFundsList/FundDetails/B28R341/SelfSelectFund
2712,Liontrust Global Smaller Companies Class C Accumulation,,https://www.direct.aviva.co.uk/wealth/FundChoice/SelfSelectFundsList/FundDetails/B29MXF6/SelfSelectFund
2713,Liontrust Global Technology Class C Accumulation,,https://www.direct.aviva.co.uk/wealth/FundChoice/SelfSelectFundsList/FundDetails/BYXZ5N7/SelfSelectFund
2714,Liontrust Income Class C Accumulation,,https://www.direct.aviva.co.uk/wealth/FundChoice/SelfSelectFundsList/FundDetails/B8JCR45/SelfSelectFund
2715,Liontrust Income Class C Income,,https://www.direct.aviva.co.uk/wealth/FundChoice/SelfSelectFundsList/FundDetails/B8L7B35/SelfSelectFund
2716,Liontrust India Class C Accumulation,,https://www.direct.aviva.co.uk/wealth/FundChoice/SelfSelectFundsList/FundDetails/B1L6DV5/SelfSelectFund
2717,Liontrust Japan Equity Class C (Hedged) Accumulation,,https://www.direct.aviva.co.uk/wealth/FundChoice/SelfSelectFundsList/FundDetails/BXDZFG3/SelfSelectFund
2718,Liontrust Japan Equity Class C Accumulation,,https://www.direct.aviva.co.uk/wealth/FundChoice/SelfSelectFundsList/FundDetails/BXDZFF2/SelfSelectFund
2719,Liontrust Latin America Class C Accumulation,,https://www.direct.aviva.co.uk/wealth/FundChoice/SelfSelectFundsList/FundDetails/B909HH5/SelfSelectFund
2720,Liontrust Multi Asset Blended Growth Class A (Net) Accumulation,,https://www.direct.aviva.co.uk/wealth/FundChoice/SelfSelectFundsList/FundDetails/B820T51/SelfSelectFund
2721,Liontrust Multi Asset Blended Growth Class S (Net) Accumulation,,https://www.direct.aviva.co.uk/wealth/FundChoice/SelfSelectFundsList/FundDetails/BCZW5H6/SelfSelectFund
2722,Liontrust Multi Asset Blended Intermediate Class A (Net) Accumulation,,https://www.direct.aviva.co.uk/wealth/FundChoice/SelfSelectFundsList/FundDetails/B8KLDR6/SelfSelectFund
2723,Liontrust Multi Asset Blended Intermediate Class A (Net) Income,,https://www.direct.aviva.co.uk/wealth/FundChoice/SelfSelectFundsList/FundDetails/B8FPSZ6/SelfSelectFund
2724,Liontrust Multi Asset Blended Intermediate Class S (Net) Accumulation,,https://www.direct.aviva.co.uk/wealth/FundChoice/SelfSelectFundsList/FundDetails/BCZW5K9/SelfSelectFund
2725,Liontrust Multi Asset Blended Intermediate Class S (Net) Income,,https://www.direct.aviva.co.uk/wealth/FundChoice/SelfSelectFundsList/FundDetails/BCZW5L0/SelfSelectFund
2726,Liontrust Multi Asset Blended Moderate Class A (Net) Accumulation,,https://www.direct.aviva.co.uk/wealth/FundChoice/SelfSelectFundsList/FundDetails/B85L1G6/SelfSelectFund
2727,Liontrust Multi Asset Blended Moderate Class S (Net) Accumulation,,https://www.direct.aviva.co.uk/wealth/FundChoice/SelfSelectFundsList/FundDetails/BCZW5B0/SelfSelectFund
2728,Liontrust Multi Asset Blended Moderate Class S (Net) Income,,https://www.direct.aviva.co.uk/wealth/FundChoice/SelfSelectFundsList/FundDetails/BCZW598/SelfSelectFund
2729,Liontrust Multi Asset Blended Progressive Class A (Net) Accumulation,,https://www.direct.aviva.co.uk/wealth/FundChoice/SelfSelectFundsList/FundDetails/B8JY536/SelfSelectFund
2730,Liontrust Multi Asset Blended Progressive Class S (Net) Accumulation,,https://www.direct.aviva.co.uk/wealth/FundChoice/SelfSelectFundsList/FundDetails/BCZW5J8/SelfSelectFund
2731,Liontrust Multi Asset Blended Reserve Class A Accumulation,,https://www.direct.aviva.co.uk/wealth/FundChoice/SelfSelectFundsList/FundDetails/B8BMB18/SelfSelectFund
2732,Liontrust Multi Asset Blended Reserve Class S (Net) Accumulation,,https://www.direct.aviva.co.uk/wealth/FundChoice/SelfSelectFundsList/FundDetails/BCZW5D2/SelfSelectFund
2733,Liontrust Multi Asset Blended Reserve Class S (Net) Income,,https://www.direct.aviva.co.uk/wealth/FundChoice/SelfSelectFundsList/FundDetails/BCZW5C1/SelfSelectFund
2734,Liontrust Multi Asset Dynamic Passive Adventurous Class D (Net) Accumulation,,https://www.direct.aviva.co.uk/wealth/FundChoice/SelfSelectFundsList/FundDetails/BNGNDL5/SelfSelectFund
2735,Liontrust Multi Asset Dynamic Passive Adventurous Class S (Net) Accumulation,,https://www.direct.aviva.co.uk/wealth/FundChoice/SelfSelectFundsList/FundDetails/BCZW4Y6/SelfSelectFund
2736,Liontrust Multi Asset Dynamic Passive Adventurous Class Z (Net) Accumulation,,https://www.direct.aviva.co.uk/wealth/FundChoice/SelfSelectFundsList/FundDetails/B8FKSR3/SelfSelectFund
2737,Liontrust Multi Asset Dynamic Passive Growth Class D (Net) Accumulation,,https://www.direct.aviva.co.uk/wealth/FundChoice/SelfSelectFundsList/FundDetails/BNGNDK4/SelfSelectFund
2738,Liontrust Multi Asset Dynamic Passive Growth Class S (Net) Accumulation,,https://www.direct.aviva.co.uk/wealth/FundChoice/SelfSelectFundsList/FundDetails/BCZW4X5/SelfSelectFund
2739,Liontrust Multi Asset Dynamic Passive Growth Class Z (Net) Accumulation,,https://www.direct.aviva.co.uk/wealth/FundChoice/SelfSelectFundsList/FundDetails/B8FV4F6/SelfSelectFund
2740,Liontrust Multi Asset Dynamic Passive Intermediate Class D (Net) Accumulation,,https://www.direct.aviva.co.uk/wealth/FundChoice/SelfSelectFundsList/FundDetails/BNGNDH1/SelfSelectFund
2741,Liontrust Multi Asset Dynamic Passive Intermediate Class S (Net) Accumulation,,https://www.direct.aviva.co.uk/wealth/FundChoice/SelfSelectFundsList/FundDetails/BCZW4V3/SelfSelectFund
2742,Liontrust Multi Asset Dynamic Passive Intermediate Class Z (Net) Accumulation,,https://www.direct.aviva.co.uk/wealth/FundChoice/SelfSelectFundsList/FundDetails/B8FQVG1/SelfSelectFund
2743,Liontrust Multi Asset Dynamic Passive Moderate Class D (Net) Accumulation,,https://www.direct.aviva.co.uk/wealth/FundChoice/SelfSelectFundsList/FundDetails/BNGNDG0/SelfSelectFund
2744,Liontrust Multi Asset Dynamic Passive Moderate Class D (Net) Income,,https://www.direct.aviva.co.uk/wealth/FundChoice/SelfSelectFundsList/FundDetails/BWWCYY9/SelfSelectFund
2745,Liontrust Multi Asset Dynamic Passive Moderate Class S (Net) Accumulation,,https://www.direct.aviva.co.uk/wealth/FundChoice/SelfSelectFundsList/FundDetails/BCZW4T1/SelfSelectFund
2746,Liontrust Multi Asset Dynamic Passive Moderate Class S (Net) Income,,https://www.direct.aviva.co.uk/wealth/FundChoice/SelfSelectFundsList/FundDetails/BWWCYX8/SelfSelectFund
2747,Liontrust Multi Asset Dynamic Passive Moderate Class Z (Net) Accumulation,,https://www.direct.aviva.co.uk/wealth/FundChoice/SelfSelectFundsList/FundDetails/B78RJ82/SelfSelectFund
2748,Liontrust Multi Asset Dynamic Passive Progressive Class D (Net) Accumulation,,https://www.direct.aviva.co.uk/wealth/FundChoice/SelfSelectFundsList/FundDetails/BNGNDJ3/SelfSelectFund
2749,Liontrust Multi Asset Dynamic Passive Progressive Class S (Net) Accumulation,,https://www.direct.aviva.co.uk/wealth/FundChoice/SelfSelectFundsList/FundDetails/BCZW4W4/SelfSelectFund
2750,Liontrust Multi Asset Dynamic Passive Progressive Class Z (Net) Accumulation,,https://www.direct.aviva.co.uk/wealth/FundChoice/SelfSelectFundsList/FundDetails/B843VK7/SelfSelectFund
2751,Liontrust Multi Asset Dynamic Passive Prudent Class D (Net) Accumulation,,https://www.direct.aviva.co.uk/wealth/FundChoice/SelfSelectFundsList/FundDetails/BNGNDM6/SelfSelectFund
2752,Liontrust Multi Asset Dynamic Passive Prudent Class S (Net) Accumulation,,https://www.direct.aviva.co.uk/wealth/FundChoice/SelfSelectFundsList/FundDetails/BCZW4Z7/SelfSelectFund
2753,Liontrust Multi Asset Dynamic Passive Prudent Class Z (Net) Accumulation,,https://www.direct.aviva.co.uk/wealth/FundChoice/SelfSelectFundsList/FundDetails/B8KHC88/SelfSelectFund
2754,Liontrust Multi Asset Dynamic Passive Reserve Class D (Net) Accumulation,,https://www.direct.aviva.co.uk/wealth/FundChoice/SelfSelectFundsList/FundDetails/BNGNDF9/SelfSelectFund
2755,Liontrust Multi Asset Dynamic Passive Reserve Class S (Net) Accumulation,,https://www.direct.aviva.co.uk/wealth/FundChoice/SelfSelectFundsList/FundDetails/BCZW4S0/SelfSelectFund
2756,Liontrust Multi Asset Dynamic Passive Reserve Class Z (Net) Accumulation,,https://www.direct.aviva.co.uk/wealth/FundChoice/SelfSelectFundsList/FundDetails/B8KTT49/SelfSelectFund
2757,Liontrust Multi Asset Explorer 100 Class A (Net) Accumulation,,https://www.direct.aviva.co.uk/wealth/FundChoice/SelfSelectFundsList/FundDetails/B6ZRLF9/SelfSelectFund
2758,Liontrust Multi Asset Explorer 100 Class S (Net) Accumulation,,https://www.direct.aviva.co.uk/wealth/FundChoice/SelfSelectFundsList/FundDetails/BCZW684/SelfSelectFund
2759,Liontrust Multi Asset Explorer 35 Class A Accumulation,,https://www.direct.aviva.co.uk/wealth/FundChoice/SelfSelectFundsList/FundDetails/B84QFC6/SelfSelectFund
2760,Liontrust Multi Asset Explorer 35 Class A Income,,https://www.direct.aviva.co.uk/wealth/FundChoice/SelfSelectFundsList/FundDetails/B84PSB3/SelfSelectFund
2761,Liontrust Multi Asset Explorer 35 Class S (Net) Accumulation,,https://www.direct.aviva.co.uk/wealth/FundChoice/SelfSelectFundsList/FundDetails/BCZW6N9/SelfSelectFund
2762,Liontrust Multi Asset Explorer 35 Class S (Net) Income,,https://www.direct.aviva.co.uk/wealth/FundChoice/SelfSelectFundsList/FundDetails/BCZW6M8/SelfSelectFund
2763,Liontrust Multi Asset Explorer 70 Class A (Net) Accumulation,,https://www.direct.aviva.co.uk/wealth/FundChoice/SelfSelectFundsList/FundDetails/B7JBSW0/SelfSelectFund
2764,Liontrust Multi Asset Explorer 70 Class A (Net) Income,,https://www.direct.aviva.co.uk/wealth/FundChoice/SelfSelectFundsList/FundDetails/B7KJWV0/SelfSelectFund
2765,Liontrust Multi Asset Explorer 70 Class S (Net) Accumulation,,https://www.direct.aviva.co.uk/wealth/FundChoice/SelfSelectFundsList/FundDetails/BCZW6C8/SelfSelectFund
2766,Liontrust Multi Asset Explorer 70 Class S (Net) Income,,https://www.direct.aviva.co.uk/wealth/FundChoice/SelfSelectFundsList/FundDetails/BCZW6D9/SelfSelectFund
2767,Liontrust Multi Asset Explorer 85 Class A (Net) Accumulation,,https://www.direct.aviva.co.uk/wealth/FundChoice/SelfSelectFundsList/FundDetails/B88MN82/SelfSelectFund
2768,Liontrust Multi Asset Explorer 85 Class A (Net) Income,,https://www.direct.aviva.co.uk/wealth/FundChoice/SelfSelectFundsList/FundDetails/B714GR8/SelfSelectFund
2769,Liontrust Multi Asset Explorer 85 Class S (Net) Accumulation,,https://www.direct.aviva.co.uk/wealth/FundChoice/SelfSelectFundsList/FundDetails/BCZW695/SelfSelectFund
2770,Liontrust Multi Asset Explorer 85 Class S (Net) Income,,https://www.direct.aviva.co.uk/wealth/FundChoice/SelfSelectFundsList/FundDetails/BCZW6B7/SelfSelectFund
2771,Liontrust Multi Asset Explorer Income 45 Class A Accumulation,,https://www.direct.aviva.co.uk/wealth/FundChoice/SelfSelectFundsList/FundDetails/B8HWD27/SelfSelectFund
2772,Liontrust Multi Asset Explorer Income 45 Class A Income,,https://www.direct.aviva.co.uk/wealth/FundChoice/SelfSelectFundsList/FundDetails/B7WJTH3/SelfSelectFund
2773,Liontrust Multi Asset Explorer Income 45 Class S (Net) Accumulation,,https://www.direct.aviva.co.uk/wealth/FundChoice/SelfSelectFundsList/FundDetails/BCZW6J5/SelfSelectFund
2774,Liontrust Multi Asset Explorer Income 45 Class S (Net) Income,,https://www.direct.aviva.co.uk/wealth/FundChoice/SelfSelectFundsList/FundDetails/BCZW6H3/SelfSelectFund
2775,Liontrust Multi Asset Explorer Income 60 Class A (Net) Accumulation,,https://www.direct.aviva.co.uk/wealth/FundChoice/SelfSelectFundsList/FundDetails/B7T3484/SelfSelectFund
2776,Liontrust Multi Asset Explorer Income 60 Class A (Net) Income,,https://www.direct.aviva.co.uk/wealth/FundChoice/SelfSelectFundsList/FundDetails/B7TS1K0/SelfSelectFund
2777,Liontrust Multi Asset Explorer Income 60 Class S (Net) Accumulation,,https://www.direct.aviva.co.uk/wealth/FundChoice/SelfSelectFundsList/FundDetails/BCZW6F1/SelfSelectFund
2778,Liontrust Multi Asset Explorer Income 60 Class S (Net) Income,,https://www.direct.aviva.co.uk/wealth/FundChoice/SelfSelectFundsList/FundDetails/BCZW6G2/SelfSelectFund
2779,Liontrust Multi Asset Monthly High Income Class A Accumulation,,https://www.direct.aviva.co.uk/wealth/FundChoice/SelfSelectFundsList/FundDetails/B8KC8M9/SelfSelectFund
2780,Liontrust Multi Asset Monthly High Income Class A Income,,https://www.direct.aviva.co.uk/wealth/FundChoice/SelfSelectFundsList/FundDetails/B7Y03B6/SelfSelectFund
2781,Liontrust Multi Asset Monthly High Income Class S (Net) Accumulation,,https://www.direct.aviva.co.uk/wealth/FundChoice/SelfSelectFundsList/FundDetails/BCZW5S7/SelfSelectFund
2782,Liontrust Multi Asset Monthly High Income Class S (Net) Income,,https://www.direct.aviva.co.uk/wealth/FundChoice/SelfSelectFundsList/FundDetails/BCZW5V0/SelfSelectFund
2783,Liontrust Multi Asset UK Equity Class A (Net) Income,,https://www.direct.aviva.co.uk/wealth/FundChoice/SelfSelectFundsList/FundDetails/B8882D8/SelfSelectFund
2784,Liontrust Multi Asset UK Equity Class S (Net) Accumulation,,https://www.direct.aviva.co.uk/wealth/FundChoice/SelfSelectFundsList/FundDetails/BCZW5M1/SelfSelectFund
2785,Liontrust Russia Class C Accumulation,,https://www.direct.aviva.co.uk/wealth/FundChoice/SelfSelectFundsList/FundDetails/B86WB79/SelfSelectFund
2786,Liontrust Special Situations Class I Accumulation,,https://www.direct.aviva.co.uk/wealth/FundChoice/SelfSelectFundsList/FundDetails/BG0J268/SelfSelectFund
2787,Liontrust Special Situations Class I Income,,https://www.direct.aviva.co.uk/wealth/FundChoice/SelfSelectFundsList/FundDetails/B57H4F1/SelfSelectFund
2788,Liontrust Strategic Bond Class B Accumulation,,https://www.direct.aviva.co.uk/wealth/FundChoice/SelfSelectFundsList/FundDetails/BFX14R9/SelfSelectFund
2789,Liontrust Strategic Bond Class B Income,,https://www.direct.aviva.co.uk/wealth/FundChoice/SelfSelectFundsList/FundDetails/BFX12P3/SelfSelectFund
2790,Liontrust Sustainable Future Cautious Managed Class 2 Net Income,,https://www.direct.aviva.co.uk/wealth/FundChoice/SelfSelectFundsList/FundDetails/BMN9030/SelfSelectFund
2791,Liontrust Sustainable Future Corporate Bond Class 2 Income,,https://www.direct.aviva.co.uk/wealth/FundChoice/SelfSelectFundsList/FundDetails/3002906/SelfSelectFund
2792,Liontrust Sustainable Future Corporate Bond Class 6 Accumulation,,https://www.direct.aviva.co.uk/wealth/FundChoice/SelfSelectFundsList/FundDetails/B8BPH31/SelfSelectFund
2793,Liontrust Sustainable Future Defensive Managed Class 2 Net Income,,https://www.direct.aviva.co.uk/wealth/FundChoice/SelfSelectFundsList/FundDetails/BMN9063/SelfSelectFund
2794,Liontrust Sustainable Future European Growth Class 2 Accumulation,,https://www.direct.aviva.co.uk/wealth/FundChoice/SelfSelectFundsList/FundDetails/3002939/SelfSelectFund
2795,Liontrust Sustainable Future Global Growth Class 2 Accumulation,,https://www.direct.aviva.co.uk/wealth/FundChoice/SelfSelectFundsList/FundDetails/3003006/SelfSelectFund
2796,Liontrust Sustainable Future Managed Class 2 Income,,https://www.direct.aviva.co.uk/wealth/FundChoice/SelfSelectFundsList/FundDetails/3003039/SelfSelectFund
2797,Liontrust Sustainable Future Managed Class 6 (Net) Accumulation,,https://www.direct.aviva.co.uk/wealth/FundChoice/SelfSelectFundsList/FundDetails/B8FDBQ2/SelfSelectFund
2798,Liontrust Sustainable Future Managed Growth Class 2 Accumulation,,https://www.direct.aviva.co.uk/wealth/FundChoice/SelfSelectFundsList/FundDetails/3002962/SelfSelectFund
2799,Liontrust Sustainable Future Monthly Income Bond Class B Gross Accumulation,,https://www.direct.aviva.co.uk/wealth/FundChoice/SelfSelectFundsList/FundDetails/B3Y38F6/SelfSelectFund
2800,Liontrust Sustainable Future Monthly Income Bond Class B Gross Income,,https://www.direct.aviva.co.uk/wealth/FundChoice/SelfSelectFundsList/FundDetails/B44MQ01/SelfSelectFund
2801,Liontrust Sustainable Future Monthly Income Bond Class P Gross Accumulation,,https://www.direct.aviva.co.uk/wealth/FundChoice/SelfSelectFundsList/FundDetails/B3RPTP6/SelfSelectFund
2802,Liontrust Sustainable Future Monthly Income Bond Class P Gross Income,,https://www.direct.aviva.co.uk/wealth/FundChoice/SelfSelectFundsList/FundDetails/B3W7G90/SelfSelectFund
2803,Liontrust Sustainable Future UK Growth Class 2 Accumulation,,https://www.direct.aviva.co.uk/wealth/FundChoice/SelfSelectFundsList/FundDetails/3002876/SelfSelectFund
2804,Liontrust UK Equity Class X Accumulation,,https://www.direct.aviva.co.uk/wealth/FundChoice/SelfSelectFundsList/FundDetails/B88NK73/SelfSelectFund
2805,Liontrust UK Equity Class X Income,,https://www.direct.aviva.co.uk/wealth/FundChoice/SelfSelectFundsList/FundDetails/B8BH0R2/SelfSelectFund
2806,Liontrust UK Ethical Class 2 Accumulation,,https://www.direct.aviva.co.uk/wealth/FundChoice/SelfSelectFundsList/FundDetails/B8HCSD3/SelfSelectFund
2807,Liontrust UK Growth Class I Income,,https://www.direct.aviva.co.uk/wealth/FundChoice/SelfSelectFundsList/FundDetails/BNGB8J2/SelfSelectFund
2808,Liontrust UK Growth Class I Income,,https://www.direct.aviva.co.uk/wealth/FundChoice/SelfSelectFundsList/FundDetails/B56BDS0/SelfSelectFund
2809,Liontrust UK Micro Cap Instituional Accumulation,,https://www.direct.aviva.co.uk/wealth/FundChoice/SelfSelectFundsList/FundDetails/BDFYHP1/SelfSelectFund
2810,Liontrust UK Smaller Companies Class I Accumulation,,https://www.direct.aviva.co.uk/wealth/FundChoice/SelfSelectFundsList/FundDetails/B8HWPP4/SelfSelectFund
2811,Liontrust UK Smaller Companies Class I Income,,https://www.direct.aviva.co.uk/wealth/FundChoice/SelfSelectFundsList/FundDetails/B57TMD1/SelfSelectFund
2812,Liontrust US Opportunities Class C Accumulation,,https://www.direct.aviva.co.uk/wealth/FundChoice/SelfSelectFundsList/FundDetails/B7K9LQ8/SelfSelectFund
2813,Lombard Odier All Roads Class (GBP) - NA Accumulation,,https://www.direct.aviva.co.uk/wealth/FundChoice/SelfSelectFundsList/FundDetails/BD7VGS6/SelfSelectFund
2814,Lombard Odier All Roads Class Syst. NAV Hdg (GBP) - ND Income,,https://www.direct.aviva.co.uk/wealth/FundChoice/SelfSelectFundsList/FundDetails/BQ7XD60/SelfSelectFund
2815,Lombard Odier Asia High Conviction Class Syst. NAV Hdg (GBP) - NA Accumulation,,https://www.direct.aviva.co.uk/wealth/FundChoice/SelfSelectFundsList/FundDetails/BD5Z561/SelfSelectFund
2816,Lombard Odier Asia Value Bond Class Syst. NAV Hdg (GBP) - NA Accumulation,,https://www.direct.aviva.co.uk/wealth/FundChoice/SelfSelectFundsList/FundDetails/BD5Z3T0/SelfSelectFund
2817,Lombard Odier Asia Value Bond Class Syst. NAV Hdg (GBP) - ND Income,,https://www.direct.aviva.co.uk/wealth/FundChoice/SelfSelectFundsList/FundDetails/BD5Z3V2/SelfSelectFund
2818,Lombard Odier Global Climate Bond Class Syst Multi Ccy Hdg (GBP) - N Income,,https://www.direct.aviva.co.uk/wealth/FundChoice/SelfSelectFundsList/FundDetails/BYZNFZ1/SelfSelectFund
2819,Lombard Odier Global Climate Bond Class Syst. Multi Ccy Hdg (GBP) - NA Accumulation,,https://www.direct.aviva.co.uk/wealth/FundChoice/SelfSelectFundsList/FundDetails/BYZNFY0/SelfSelectFund
2820,Lombard Odier Golden Age Class Syst. Hedg (GBP) - ND Income,,https://www.direct.aviva.co.uk/wealth/FundChoice/SelfSelectFundsList/FundDetails/BG6LW46/SelfSelectFund
2821,Lombard Odier Golden Age Class Syst. NAV Hdg (GBP) - NA Accumulation,,https://www.direct.aviva.co.uk/wealth/FundChoice/SelfSelectFundsList/FundDetails/BQ7XGM7/SelfSelectFund
2822,Lombard Odier Natural Capital Class Syst. NAV Hdg (GBP) - ND Income,,https://www.direct.aviva.co.uk/wealth/FundChoice/SelfSelectFundsList/FundDetails/BLF5LT2/SelfSelectFund
2823,Lombard Odier Natural Capital Class Syst. NAV Hdg (GBP) NA Accumulation,,https://www.direct.aviva.co.uk/wealth/FundChoice/SelfSelectFundsList/FundDetails/BLF5LS1/SelfSelectFund
2824,Lombard Odier Planetary Transition Class Syst. NAV Hdg (GBP) - NA Accumulation,,https://www.direct.aviva.co.uk/wealth/FundChoice/SelfSelectFundsList/FundDetails/BKKFC08/SelfSelectFund
2825,Lombard Odier Planetary Transition Class Syst. NAV Hdg (GBP) - ND Income,,https://www.direct.aviva.co.uk/wealth/FundChoice/SelfSelectFundsList/FundDetails/BKKFC19/SelfSelectFund
2826,Lombard Odier PrivilEdge Sands US Grwth Class NA Accumulation,,https://www.direct.aviva.co.uk/wealth/FundChoice/SelfSelectFundsList/FundDetails/BGLNPR1/SelfSelectFund
2827,Lombard Odier PrivilEdge Sands US Grwth Class NA Income,,https://www.direct.aviva.co.uk/wealth/FundChoice/SelfSelectFundsList/FundDetails/BGLNPS2/SelfSelectFund
2828,Lombard Odier PrivilEdge Sands US Grwth Class Syst. Hdg (GBP) - ND Income,,https://www.direct.aviva.co.uk/wealth/FundChoice/SelfSelectFundsList/FundDetails/BGLNQN4/SelfSelectFund
2829,Lombard Odier SHORT-TERM MONEY MARKET Lux Class NA Accumulation,,https://www.direct.aviva.co.uk/wealth/FundChoice/SelfSelectFundsList/FundDetails/BD7VP23/SelfSelectFund
2830,Lombard Odier Transition Material Class Syst. Hedg (GBP) - ND Income,,https://www.direct.aviva.co.uk/wealth/FundChoice/SelfSelectFundsList/FundDetails/BG6LQH7/SelfSelectFund
2831,Lombard Odier Transition Materials Class (GBP) - ND Accumulation,,https://www.direct.aviva.co.uk/wealth/FundChoice/SelfSelectFundsList/FundDetails/BG6LQF5/SelfSelectFund
2832,Lombard Odier World Brands Class Syst. NAV Hdg (GBP) - NA Accumulation,,https://www.direct.aviva.co.uk/wealth/FundChoice/SelfSelectFundsList/FundDetails/BFXRZ29/SelfSelectFund
2833,Lord Abbett Global Funds Lord Abbett High Yield Fund Class I GBP Hedged Accumulating Accumulation,,https://www.direct.aviva.co.uk/wealth/FundChoice/SelfSelectFundsList/FundDetails/BJ7BPG9/SelfSelectFund
2834,Lord Abbett Global Funds Lord Abbett High Yield Fund Class I GBP Hedged Distributing Income,,https://www.direct.aviva.co.uk/wealth/FundChoice/SelfSelectFundsList/FundDetails/BJ7BPJ2/SelfSelectFund
2835,Lord Abbett Global Funds Lord Abbett Innovation Growth Fund Class I GBP Accumulating Accumulation,,https://www.direct.aviva.co.uk/wealth/FundChoice/SelfSelectFundsList/FundDetails/BYZRLR7/SelfSelectFund
2836,Lord Abbett Global Funds Lord Abbett Multi Sector Income Fund Class I GBP Accumulation Hedged Accumulation,,https://www.direct.aviva.co.uk/wealth/FundChoice/SelfSelectFundsList/FundDetails/BS7K172/SelfSelectFund
2837,Lord Abbett Global Funds Lord Abbett Short Duration Income Fund Class I GBP Distributing Hedged Income,,https://www.direct.aviva.co.uk/wealth/FundChoice/SelfSelectFundsList/FundDetails/BJ7BP36/SelfSelectFund
2838,Lord Abbett Global Funds Lord Abbett Short Duration Income Fund Class I GBP Hedged Accumulating Accumulation,,https://www.direct.aviva.co.uk/wealth/FundChoice/SelfSelectFundsList/FundDetails/BJ7BP14/SelfSelectFund
2839,Lowes MI Diversified Strategy Class C Accumulation,,https://www.direct.aviva.co.uk/wealth/FundChoice/SelfSelectFundsList/FundDetails/BVVQ7J1/SelfSelectFund
2840,Lowes MI Diversified Strategy Class C Income,,https://www.direct.aviva.co.uk/wealth/FundChoice/SelfSelectFundsList/FundDetails/BVVQ7K2/SelfSelectFund
2841,Lowes UK Defined Strategy Class C Accumulation,,https://www.direct.aviva.co.uk/wealth/FundChoice/SelfSelectFundsList/FundDetails/BG0NV41/SelfSelectFund
2842,M&G (Lux) Emerging Markets Corporate Bond Class C GBP Accumulation,,https://www.direct.aviva.co.uk/wealth/FundChoice/SelfSelectFundsList/FundDetails/BKS3SS4/SelfSelectFund
2843,M&G (Lux) Episode Macro Class T-H GBP Accumulation,,https://www.direct.aviva.co.uk/wealth/FundChoice/SelfSelectFundsList/FundDetails/BG84GW9/SelfSelectFund
2844,M&G (Lux) Episode Macro Class TI-H GBP Accumulation,,https://www.direct.aviva.co.uk/wealth/FundChoice/SelfSelectFundsList/FundDetails/BG84GX0/SelfSelectFund
2845,M&G (Lux) European Strategic Value Class CI GBP Accumulation,,https://www.direct.aviva.co.uk/wealth/FundChoice/SelfSelectFundsList/FundDetails/BD0P7Y8/SelfSelectFund
2846,M&G Asian Class I GBP Accumulation,,https://www.direct.aviva.co.uk/wealth/FundChoice/SelfSelectFundsList/FundDetails/B6SQYF4/SelfSelectFund
2847,M&G Asian Class I GBP Income,,https://www.direct.aviva.co.uk/wealth/FundChoice/SelfSelectFundsList/FundDetails/B3T2RX9/SelfSelectFund
2848,M&G China Sterling I Accumulation,,https://www.direct.aviva.co.uk/wealth/FundChoice/SelfSelectFundsList/FundDetails/BS3F1B5/SelfSelectFund
2849,M&G China Sterling I Income,,https://www.direct.aviva.co.uk/wealth/FundChoice/SelfSelectFundsList/FundDetails/BS3F1C6/SelfSelectFund
2850,M&G Climate Aware Multi Asset Fund Class I GBP Accumulation,,https://www.direct.aviva.co.uk/wealth/FundChoice/SelfSelectFundsList/FundDetails/BHR4304/SelfSelectFund
2851,M&G Climate Aware Multi Asset Fund Class I GBP Income,,https://www.direct.aviva.co.uk/wealth/FundChoice/SelfSelectFundsList/FundDetails/BHR4315/SelfSelectFund
2852,M&G Corporate Bond Class I GBP Accumulation,,https://www.direct.aviva.co.uk/wealth/FundChoice/SelfSelectFundsList/FundDetails/B1YBRL5/SelfSelectFund
2853,M&G Corporate Bond Class I GBP Income,,https://www.direct.aviva.co.uk/wealth/FundChoice/SelfSelectFundsList/FundDetails/B1YBRM6/SelfSelectFund
2854,M&G Dividend Class I GBP Accumulation,,https://www.direct.aviva.co.uk/wealth/FundChoice/SelfSelectFundsList/FundDetails/B7BX482/SelfSelectFund
2855,M&G Dividend Class I GBP Income,,https://www.direct.aviva.co.uk/wealth/FundChoice/SelfSelectFundsList/FundDetails/B6T64N1/SelfSelectFund
2856,M&G ESG Screened Global Corporate Bond Fund Class I Accumulation,,https://www.direct.aviva.co.uk/wealth/FundChoice/SelfSelectFundsList/FundDetails/BN6V074/SelfSelectFund
2857,M&G ESG Screened Global Corporate Bond Fund Class I Income,,https://www.direct.aviva.co.uk/wealth/FundChoice/SelfSelectFundsList/FundDetails/BN6V1D7/SelfSelectFund
2858,M&G ESG Screened Global High Yield Bond Fund Class I-H GBP Accumulation,,https://www.direct.aviva.co.uk/wealth/FundChoice/SelfSelectFundsList/FundDetails/BJRCD57/SelfSelectFund
2859,M&G ESG Screened Global High Yield Bond Fund Class I-H GBP Income,,https://www.direct.aviva.co.uk/wealth/FundChoice/SelfSelectFundsList/FundDetails/BJRCD68/SelfSelectFund
2860,M&G Emerging Markets Bond Class I GBP Accumulation,,https://www.direct.aviva.co.uk/wealth/FundChoice/SelfSelectFundsList/FundDetails/B7GNKY5/SelfSelectFund
2861,M&G Emerging Markets Bond Class I GBP Income,,https://www.direct.aviva.co.uk/wealth/FundChoice/SelfSelectFundsList/FundDetails/B4TL2D8/SelfSelectFund
2862,M&G Emerging Markets Bond Class I-H GBP Accumulation,,https://www.direct.aviva.co.uk/wealth/FundChoice/SelfSelectFundsList/FundDetails/BZ0YDS5/SelfSelectFund
2863,M&G Emerging Markets Bond Class I-H GBP Income,,https://www.direct.aviva.co.uk/wealth/FundChoice/SelfSelectFundsList/FundDetails/BZ0YDT6/SelfSelectFund
2864,M&G Emerging Markets Bond Class PP GBP Accumulation,,https://www.direct.aviva.co.uk/wealth/FundChoice/SelfSelectFundsList/FundDetails/BG03Y97/SelfSelectFund
2865,M&G Emerging Markets Bond Class PP GBP Income,,https://www.direct.aviva.co.uk/wealth/FundChoice/SelfSelectFundsList/FundDetails/BK7XX79/SelfSelectFund
2866,M&G Episode Allocation Class I GBP Accumulation,,https://www.direct.aviva.co.uk/wealth/FundChoice/SelfSelectFundsList/FundDetails/B73RVW5/SelfSelectFund
2867,M&G Episode Allocation Class I GBP Income,,https://www.direct.aviva.co.uk/wealth/FundChoice/SelfSelectFundsList/FundDetails/B71QKV6/SelfSelectFund
2868,M&G Episode Growth Class I GBP Accumulation,,https://www.direct.aviva.co.uk/wealth/FundChoice/SelfSelectFundsList/FundDetails/B5V3ZY1/SelfSelectFund
2869,M&G Episode Growth Class I GBP Income,,https://www.direct.aviva.co.uk/wealth/FundChoice/SelfSelectFundsList/FundDetails/B708D14/SelfSelectFund
2870,M&G European Sustain Paris Aligned Class I GBP Accumulation,,https://www.direct.aviva.co.uk/wealth/FundChoice/SelfSelectFundsList/FundDetails/B5ZSNC6/SelfSelectFund
2871,M&G European Sustain Paris Aligned Class I GBP Income,,https://www.direct.aviva.co.uk/wealth/FundChoice/SelfSelectFundsList/FundDetails/B6T93L1/SelfSelectFund
2872,M&G European ex-UK Class Sterling I Accumulation,,https://www.direct.aviva.co.uk/wealth/FundChoice/SelfSelectFundsList/FundDetails/BM8HSJ1/SelfSelectFund
2873,M&G European ex-UK Class Sterling I Income,,https://www.direct.aviva.co.uk/wealth/FundChoice/SelfSelectFundsList/FundDetails/BM8HSK2/SelfSelectFund
2874,M&G Feeder of Property Portfolio (CLOSED) Class I GBP Accumulation,,https://www.direct.aviva.co.uk/wealth/FundChoice/SelfSelectFundsList/FundDetails/B7SX7S6/SelfSelectFund
2875,M&G Feeder of Property Portfolio (CLOSED) Class I GBP Income,,https://www.direct.aviva.co.uk/wealth/FundChoice/SelfSelectFundsList/FundDetails/B842HT5/SelfSelectFund
2876,M&G Gilt & Fixed Interest Income Class I GBP Accumulation,,https://www.direct.aviva.co.uk/wealth/FundChoice/SelfSelectFundsList/FundDetails/B734BY8/SelfSelectFund
2877,M&G Gilt & Fixed Interest Income Class I GBP Income,,https://www.direct.aviva.co.uk/wealth/FundChoice/SelfSelectFundsList/FundDetails/B7454D0/SelfSelectFund
2878,M&G Global AI Themes Class I Accumulation,,https://www.direct.aviva.co.uk/wealth/FundChoice/SelfSelectFundsList/FundDetails/BPSN8T0/SelfSelectFund
2879,M&G Global AI Themes Class I Income,,https://www.direct.aviva.co.uk/wealth/FundChoice/SelfSelectFundsList/FundDetails/BPSN919/SelfSelectFund
2880,M&G Global Convertibles Class I GBP Accumulation,,https://www.direct.aviva.co.uk/wealth/FundChoice/SelfSelectFundsList/FundDetails/B1Z6838/SelfSelectFund
2881,M&G Global Convertibles Class I GBP Income,,https://www.direct.aviva.co.uk/wealth/FundChoice/SelfSelectFundsList/FundDetails/B758PJ1/SelfSelectFund
2882,M&G Global Convertibles Class I-H GBP Accumulation,,https://www.direct.aviva.co.uk/wealth/FundChoice/SelfSelectFundsList/FundDetails/B8J7375/SelfSelectFund
2883,M&G Global Corporate Bond Sterling I Accumulation,,https://www.direct.aviva.co.uk/wealth/FundChoice/SelfSelectFundsList/FundDetails/BS44CS5/SelfSelectFund
2884,M&G Global Corporate Bond Sterling I Income,,https://www.direct.aviva.co.uk/wealth/FundChoice/SelfSelectFundsList/FundDetails/BS44CT6/SelfSelectFund
2885,M&G Global Dividend Class I GBP Accumulation,,https://www.direct.aviva.co.uk/wealth/FundChoice/SelfSelectFundsList/FundDetails/B39R2Q2/SelfSelectFund
2886,M&G Global Dividend Class I GBP Income,,https://www.direct.aviva.co.uk/wealth/FundChoice/SelfSelectFundsList/FundDetails/B39R2R3/SelfSelectFund
2887,M&G Global Emerging Markets Class I GBP Accumulation,,https://www.direct.aviva.co.uk/wealth/FundChoice/SelfSelectFundsList/FundDetails/B3FFXX4/SelfSelectFund
2888,M&G Global Emerging Markets Class I GBP Income,,https://www.direct.aviva.co.uk/wealth/FundChoice/SelfSelectFundsList/FundDetails/B3FFXY5/SelfSelectFund
2889,M&G Global Floating Rate High Yield Class I-H GBP Accumulation,,https://www.direct.aviva.co.uk/wealth/FundChoice/SelfSelectFundsList/FundDetails/BMP3SC5/SelfSelectFund
2890,M&G Global Floating Rate High Yield Class I-H GBP Income,,https://www.direct.aviva.co.uk/wealth/FundChoice/SelfSelectFundsList/FundDetails/BMP3SD6/SelfSelectFund
2891,M&G Global Government Bond Class I GBP Accumulation,,https://www.direct.aviva.co.uk/wealth/FundChoice/SelfSelectFundsList/FundDetails/B7Q0Q82/SelfSelectFund
2892,M&G Global Government Bond Class I GBP Income,,https://www.direct.aviva.co.uk/wealth/FundChoice/SelfSelectFundsList/FundDetails/B700F03/SelfSelectFund
2893,M&G Global High Yield Bond Class I GBP Accumulation,,https://www.direct.aviva.co.uk/wealth/FundChoice/SelfSelectFundsList/FundDetails/B4Z1M21/SelfSelectFund
2894,M&G Global High Yield Bond Class I GBP Income,,https://www.direct.aviva.co.uk/wealth/FundChoice/SelfSelectFundsList/FundDetails/B6ZD1B3/SelfSelectFund
2895,M&G Global Listed Infrastructure Class I GBP Accumulation,,https://www.direct.aviva.co.uk/wealth/FundChoice/SelfSelectFundsList/FundDetails/BF00R92/SelfSelectFund
2896,M&G Global Listed Infrastructure Class I GBP Income,,https://www.direct.aviva.co.uk/wealth/FundChoice/SelfSelectFundsList/FundDetails/BF00R81/SelfSelectFund
2897,M&G Global Listed Infrastructure Class I-H GBP Accumulation,,https://www.direct.aviva.co.uk/wealth/FundChoice/SelfSelectFundsList/FundDetails/BJXT749/SelfSelectFund
2898,M&G Global Macro Bond Class I GBP Accumulation,,https://www.direct.aviva.co.uk/wealth/FundChoice/SelfSelectFundsList/FundDetails/B78PGS5/SelfSelectFund
2899,M&G Global Macro Bond Class I GBP Income,,https://www.direct.aviva.co.uk/wealth/FundChoice/SelfSelectFundsList/FundDetails/B78PH60/SelfSelectFund
2900,M&G Global Macro Bond Class I-H GBP Accumulation,,https://www.direct.aviva.co.uk/wealth/FundChoice/SelfSelectFundsList/FundDetails/BVYJ0Y3/SelfSelectFund
2901,M&G Global Macro Bond Class I-H GBP Income,,https://www.direct.aviva.co.uk/wealth/FundChoice/SelfSelectFundsList/FundDetails/BVYJ0Z4/SelfSelectFund
2902,M&G Global Strategic Value Class I GBP Accumulation,,https://www.direct.aviva.co.uk/wealth/FundChoice/SelfSelectFundsList/FundDetails/B6173L3/SelfSelectFund
2903,M&G Global Strategic Value Class I GBP Income,,https://www.direct.aviva.co.uk/wealth/FundChoice/SelfSelectFundsList/FundDetails/B706FQ7/SelfSelectFund
2904,M&G Global Sustain Paris Aligned Class I GBP Accumulation,,https://www.direct.aviva.co.uk/wealth/FundChoice/SelfSelectFundsList/FundDetails/B77HHZ6/SelfSelectFund
2905,M&G Global Sustain Paris Aligned Class I GBP Income,,https://www.direct.aviva.co.uk/wealth/FundChoice/SelfSelectFundsList/FundDetails/B556Q87/SelfSelectFund
2906,M&G Global Target Return Class I GBP Accumulation,,https://www.direct.aviva.co.uk/wealth/FundChoice/SelfSelectFundsList/FundDetails/BYM55C7/SelfSelectFund
2907,M&G Global Themes Class I GBP Accumulation,,https://www.direct.aviva.co.uk/wealth/FundChoice/SelfSelectFundsList/FundDetails/B4WV2P7/SelfSelectFund
2908,M&G Global Themes Class I GBP Income,,https://www.direct.aviva.co.uk/wealth/FundChoice/SelfSelectFundsList/FundDetails/B76CZD6/SelfSelectFund
2909,M&G Income and Growth Class I GBP Accumulation,,https://www.direct.aviva.co.uk/wealth/FundChoice/SelfSelectFundsList/FundDetails/B4QHRP6/SelfSelectFund
2910,M&G Income and Growth Class I GBP Income,,https://www.direct.aviva.co.uk/wealth/FundChoice/SelfSelectFundsList/FundDetails/B7FSJ22/SelfSelectFund
2911,M&G Index Tracker Class A GBP Accumulation,,https://www.direct.aviva.co.uk/wealth/FundChoice/SelfSelectFundsList/FundDetails/3111095/SelfSelectFund
2912,M&G Index Tracker Class A GBP Income,,https://www.direct.aviva.co.uk/wealth/FundChoice/SelfSelectFundsList/FundDetails/3111084/SelfSelectFund
2913,M&G Index Tracker Class I GBP Accumulation,,https://www.direct.aviva.co.uk/wealth/FundChoice/SelfSelectFundsList/FundDetails/BMWBJN0/SelfSelectFund
2914,M&G Index Tracker Class I GBP Accumulation,,https://www.direct.aviva.co.uk/wealth/FundChoice/SelfSelectFundsList/FundDetails/BJXT794/SelfSelectFund
2915,M&G Index-Linked Bond Class I GBP Accumulation,,https://www.direct.aviva.co.uk/wealth/FundChoice/SelfSelectFundsList/FundDetails/B6SYH93/SelfSelectFund
2916,M&G Index-Linked Bond Class I GBP Income,,https://www.direct.aviva.co.uk/wealth/FundChoice/SelfSelectFundsList/FundDetails/B787528/SelfSelectFund
2917,M&G India Sterling I Accumulation,,https://www.direct.aviva.co.uk/wealth/FundChoice/SelfSelectFundsList/FundDetails/BSD47L4/SelfSelectFund
2918,M&G India Sterling I Income,,https://www.direct.aviva.co.uk/wealth/FundChoice/SelfSelectFundsList/FundDetails/BSD47M5/SelfSelectFund
2919,M&G Japan Class I GBP Accumulation,,https://www.direct.aviva.co.uk/wealth/FundChoice/SelfSelectFundsList/FundDetails/B74CQP7/SelfSelectFund
2920,M&G Japan Class I GBP Income,,https://www.direct.aviva.co.uk/wealth/FundChoice/SelfSelectFundsList/FundDetails/B6Z42S0/SelfSelectFund
2921,M&G Japan Smaller Companies Class I GBP Accumulation,,https://www.direct.aviva.co.uk/wealth/FundChoice/SelfSelectFundsList/FundDetails/B7FGLY2/SelfSelectFund
2922,M&G Japan Smaller Companies Class I GBP Income,,https://www.direct.aviva.co.uk/wealth/FundChoice/SelfSelectFundsList/FundDetails/B62S8P4/SelfSelectFund
2923,M&G Managed Growth Class I GBP Accumulation,,https://www.direct.aviva.co.uk/wealth/FundChoice/SelfSelectFundsList/FundDetails/B7K52D0/SelfSelectFund
2924,M&G Managed Growth Class I GBP Income,,https://www.direct.aviva.co.uk/wealth/FundChoice/SelfSelectFundsList/FundDetails/B7GTLH3/SelfSelectFund
2925,M&G North American Dividend Class I GBP Accumulation,,https://www.direct.aviva.co.uk/wealth/FundChoice/SelfSelectFundsList/FundDetails/B7565G2/SelfSelectFund
2926,M&G North American Dividend Class I GBP Income,,https://www.direct.aviva.co.uk/wealth/FundChoice/SelfSelectFundsList/FundDetails/B7F5Y73/SelfSelectFund
2927,M&G North American Dividend Class I-H GBP Accumulation,,https://www.direct.aviva.co.uk/wealth/FundChoice/SelfSelectFundsList/FundDetails/BJXT493/SelfSelectFund
2928,M&G North American Dividend Class I-H GBP Income,,https://www.direct.aviva.co.uk/wealth/FundChoice/SelfSelectFundsList/FundDetails/BJXT6X1/SelfSelectFund
2929,M&G North American Value Class I GBP Accumulation,,https://www.direct.aviva.co.uk/wealth/FundChoice/SelfSelectFundsList/FundDetails/B61S424/SelfSelectFund
2930,M&G North American Value Class I GBP Income,,https://www.direct.aviva.co.uk/wealth/FundChoice/SelfSelectFundsList/FundDetails/B77CF02/SelfSelectFund
2931,M&G Optimal Income Class I GBP Accumulation,,https://www.direct.aviva.co.uk/wealth/FundChoice/SelfSelectFundsList/FundDetails/B1H0571/SelfSelectFund
2932,M&G Optimal Income Class I GBP Income,,https://www.direct.aviva.co.uk/wealth/FundChoice/SelfSelectFundsList/FundDetails/B1H0560/SelfSelectFund
2933,M&G Positive Impact Class I GBP Accumulation,,https://www.direct.aviva.co.uk/wealth/FundChoice/SelfSelectFundsList/FundDetails/BG886B0/SelfSelectFund
2934,M&G Positive Impact Class I GBP Income,,https://www.direct.aviva.co.uk/wealth/FundChoice/SelfSelectFundsList/FundDetails/BG886C1/SelfSelectFund
2935,M&G Property Portfolio (CLOSED) Class I GBP Accumulation,,https://www.direct.aviva.co.uk/wealth/FundChoice/SelfSelectFundsList/FundDetails/B8FYD92/SelfSelectFund
2936,M&G Property Portfolio (CLOSED) Class I GBP Income,,https://www.direct.aviva.co.uk/wealth/FundChoice/SelfSelectFundsList/FundDetails/B89X8P6/SelfSelectFund
2937,M&G Recovery Class I GBP Accumulation,,https://www.direct.aviva.co.uk/wealth/FundChoice/SelfSelectFundsList/FundDetails/B4X1L37/SelfSelectFund
2938,M&G Recovery Class I GBP Income,,https://www.direct.aviva.co.uk/wealth/FundChoice/SelfSelectFundsList/FundDetails/B4VSCB5/SelfSelectFund
2939,M&G Short Dated Corporate Bond Class I GBP Accumulation,,https://www.direct.aviva.co.uk/wealth/FundChoice/SelfSelectFundsList/FundDetails/BMWSRZ9/SelfSelectFund
2940,M&G Short Dated Corporate Bond Class I GBP Income,,https://www.direct.aviva.co.uk/wealth/FundChoice/SelfSelectFundsList/FundDetails/B8JXBQ8/SelfSelectFund
2941,M&G Smaller Companies Class I GBP Accumulation,,https://www.direct.aviva.co.uk/wealth/FundChoice/SelfSelectFundsList/FundDetails/B75DFL8/SelfSelectFund
2942,M&G Smaller Companies Class I GBP Income,,https://www.direct.aviva.co.uk/wealth/FundChoice/SelfSelectFundsList/FundDetails/B7N1NG5/SelfSelectFund
2943,M&G Strategic Corporate Bond Class I GBP Accumulation,,https://www.direct.aviva.co.uk/wealth/FundChoice/SelfSelectFundsList/FundDetails/B7J4YT8/SelfSelectFund
2944,M&G Strategic Corporate Bond Class I GBP Income,,https://www.direct.aviva.co.uk/wealth/FundChoice/SelfSelectFundsList/FundDetails/B6VTPZ7/SelfSelectFund
2945,M&G Total Return Credit Investment Class C GBP Accumulation,,https://www.direct.aviva.co.uk/wealth/FundChoice/SelfSelectFundsList/FundDetails/BJN4W94/SelfSelectFund
2946,M&G Total Return Credit Investment Class D GBP Income,,https://www.direct.aviva.co.uk/wealth/FundChoice/SelfSelectFundsList/FundDetails/BJN4WC7/SelfSelectFund
2947,M&G UK Income Distribution Class I GBP Accumulation,,https://www.direct.aviva.co.uk/wealth/FundChoice/SelfSelectFundsList/FundDetails/B7C4NQ5/SelfSelectFund
2948,M&G UK Income Distribution Class I GBP Income,,https://www.direct.aviva.co.uk/wealth/FundChoice/SelfSelectFundsList/FundDetails/B70D579/SelfSelectFund
2949,M&G UK Inflation Linked Corporate Bond Class I GBP Accumulation,,https://www.direct.aviva.co.uk/wealth/FundChoice/SelfSelectFundsList/FundDetails/B460GC5/SelfSelectFund
2950,M&G UK Inflation Linked Corporate Bond Class I GBP Income,,https://www.direct.aviva.co.uk/wealth/FundChoice/SelfSelectFundsList/FundDetails/B44JC48/SelfSelectFund
2951,M&G UK Sustain Paris Aligned Class I GBP Accumulation,,https://www.direct.aviva.co.uk/wealth/FundChoice/SelfSelectFundsList/FundDetails/B6677B6/SelfSelectFund
2952,M&G UK Sustain Paris Aligned Class I GBP Income,,https://www.direct.aviva.co.uk/wealth/FundChoice/SelfSelectFundsList/FundDetails/B3R2HL9/SelfSelectFund
2953,MFS Meridian MFS Meridian Funds - Blended Research European Equity Class WH1 Accumulation,,https://www.direct.aviva.co.uk/wealth/FundChoice/SelfSelectFundsList/FundDetails/B8KHKS4/SelfSelectFund
2954,MFS Meridian MFS Meridian Funds - Continental European Equity Class WF1 Accumulation,,https://www.direct.aviva.co.uk/wealth/FundChoice/SelfSelectFundsList/FundDetails/BT8SCG8/SelfSelectFund
2955,MFS Meridian MFS Meridian Funds - Continental European Equity Class WH1 Accumulation,,https://www.direct.aviva.co.uk/wealth/FundChoice/SelfSelectFundsList/FundDetails/B3Z04J2/SelfSelectFund
2956,MFS Meridian MFS Meridian Funds - Diversified Income Class WH1 Accumulation,,https://www.direct.aviva.co.uk/wealth/FundChoice/SelfSelectFundsList/FundDetails/BRJZLL2/SelfSelectFund
2957,MFS Meridian MFS Meridian Funds - Emerging Markets Debt Class WH1 Accumulation,,https://www.direct.aviva.co.uk/wealth/FundChoice/SelfSelectFundsList/FundDetails/B4264W3/SelfSelectFund
2958,MFS Meridian MFS Meridian Funds - Emerging Markets Debt Local Currency Class WH1 Accumulation,,https://www.direct.aviva.co.uk/wealth/FundChoice/SelfSelectFundsList/FundDetails/BVC3LV1/SelfSelectFund
2959,MFS Meridian MFS Meridian Funds - Emerging Markets Equity Class WH1 Accumulation,,https://www.direct.aviva.co.uk/wealth/FundChoice/SelfSelectFundsList/FundDetails/B46JT56/SelfSelectFund
2960,MFS Meridian MFS Meridian Funds - Emerging Markets Equity Research Class WH1 Accumulation,,https://www.direct.aviva.co.uk/wealth/FundChoice/SelfSelectFundsList/FundDetails/BNNH3X2/SelfSelectFund
2961,MFS Meridian MFS Meridian Funds - Euro Credit Class W1 Accumulation,,https://www.direct.aviva.co.uk/wealth/FundChoice/SelfSelectFundsList/FundDetails/BYWL860/SelfSelectFund
2962,MFS Meridian MFS Meridian Funds - European Core Equity Class W1 Accumulation,,https://www.direct.aviva.co.uk/wealth/FundChoice/SelfSelectFundsList/FundDetails/BZ090H8/SelfSelectFund
2963,MFS Meridian MFS Meridian Funds - European Core Equity Class WH1 Accumulation,,https://www.direct.aviva.co.uk/wealth/FundChoice/SelfSelectFundsList/FundDetails/B3ZDLS9/SelfSelectFund
2964,MFS Meridian MFS Meridian Funds - European Research Class WH1 Accumulation,,https://www.direct.aviva.co.uk/wealth/FundChoice/SelfSelectFundsList/FundDetails/B3ZP1H4/SelfSelectFund
2965,MFS Meridian MFS Meridian Funds - European Value Class W1 Accumulation,,https://www.direct.aviva.co.uk/wealth/FundChoice/SelfSelectFundsList/FundDetails/BZ090M3/SelfSelectFund
2966,MFS Meridian MFS Meridian Funds - European Value Class WH1 Accumulation,,https://www.direct.aviva.co.uk/wealth/FundChoice/SelfSelectFundsList/FundDetails/B432420/SelfSelectFund
2967,MFS Meridian MFS Meridian Funds - Global Concentrated Class W1 Accumulation,,https://www.direct.aviva.co.uk/wealth/FundChoice/SelfSelectFundsList/FundDetails/BZ090J0/SelfSelectFund
2968,MFS Meridian MFS Meridian Funds - Global Concentrated Class WH1 Accumulation,,https://www.direct.aviva.co.uk/wealth/FundChoice/SelfSelectFundsList/FundDetails/B8K8YP2/SelfSelectFund
2969,MFS Meridian MFS Meridian Funds - Global Credit Class WH1 Accumulation,,https://www.direct.aviva.co.uk/wealth/FundChoice/SelfSelectFundsList/FundDetails/B44QWP0/SelfSelectFund
2970,MFS Meridian MFS Meridian Funds - Global Equity Class W1 Accumulation,,https://www.direct.aviva.co.uk/wealth/FundChoice/SelfSelectFundsList/FundDetails/BZ090K1/SelfSelectFund
2971,MFS Meridian MFS Meridian Funds - Global Equity Class WH1 Accumulation,,https://www.direct.aviva.co.uk/wealth/FundChoice/SelfSelectFundsList/FundDetails/B3ZNG51/SelfSelectFund
2972,MFS Meridian MFS Meridian Funds - Global Equity Income Class WH1 Accumulation,,https://www.direct.aviva.co.uk/wealth/FundChoice/SelfSelectFundsList/FundDetails/BYM0FX3/SelfSelectFund
2973,MFS Meridian MFS Meridian Funds - Global High Yield Class WH1 Accumulation,,https://www.direct.aviva.co.uk/wealth/FundChoice/SelfSelectFundsList/FundDetails/BVC3LX3/SelfSelectFund
2974,MFS Meridian MFS Meridian Funds - Global Intrinsic Value Class W1 Accumulation,,https://www.direct.aviva.co.uk/wealth/FundChoice/SelfSelectFundsList/FundDetails/BYWL8H1/SelfSelectFund
2975,MFS Meridian MFS Meridian Funds - Global Intrinsic Value Class WH1 Accumulation,,https://www.direct.aviva.co.uk/wealth/FundChoice/SelfSelectFundsList/FundDetails/BYWL8J3/SelfSelectFund
2976,MFS Meridian MFS Meridian Funds - Global Listed Infrastructure Class WH1 Accumulation,,https://www.direct.aviva.co.uk/wealth/FundChoice/SelfSelectFundsList/FundDetails/BPLR3T4/SelfSelectFund
2977,MFS Meridian MFS Meridian Funds - Global New Discovery Class W1 Accumulation,,https://www.direct.aviva.co.uk/wealth/FundChoice/SelfSelectFundsList/FundDetails/BL6CSB3/SelfSelectFund
2978,MFS Meridian MFS Meridian Funds - Global New Discovery Class WH1 Accumulation,,https://www.direct.aviva.co.uk/wealth/FundChoice/SelfSelectFundsList/FundDetails/BL6CSD5/SelfSelectFund
2979,MFS Meridian MFS Meridian Funds - Global Opportunistic Bond Class WH1 Accumulation,,https://www.direct.aviva.co.uk/wealth/FundChoice/SelfSelectFundsList/FundDetails/BYSY636/SelfSelectFund
2980,MFS Meridian MFS Meridian Funds - Global Strategic Equity Class WH1 Accumulation,,https://www.direct.aviva.co.uk/wealth/FundChoice/SelfSelectFundsList/FundDetails/BNQNW85/SelfSelectFund
2981,MFS Meridian MFS Meridian Funds - Global Total Return Class WH1 Accumulation,,https://www.direct.aviva.co.uk/wealth/FundChoice/SelfSelectFundsList/FundDetails/B94R6F6/SelfSelectFund
2982,MFS Meridian MFS Meridian Funds - Prudent Capital W1 Accumulation,,https://www.direct.aviva.co.uk/wealth/FundChoice/SelfSelectFundsList/FundDetails/BD07F62/SelfSelectFund
2983,MFS Meridian MFS Meridian Funds - Prudent Capital WH1 Accumulation,,https://www.direct.aviva.co.uk/wealth/FundChoice/SelfSelectFundsList/FundDetails/BD07F73/SelfSelectFund
2984,MFS Meridian MFS Meridian Funds - U.K. Equity Class W1 Accumulation,,https://www.direct.aviva.co.uk/wealth/FundChoice/SelfSelectFundsList/FundDetails/B453FC8/SelfSelectFund
2985,MFS Meridian MFS Meridian Funds - U.S. Concentrated Growth Class WH1 Accumulation,,https://www.direct.aviva.co.uk/wealth/FundChoice/SelfSelectFundsList/FundDetails/B7Z49P3/SelfSelectFund
2986,MFS Meridian MFS Meridian Funds - U.S. Corporate Bond WH1 Accumulation,,https://www.direct.aviva.co.uk/wealth/FundChoice/SelfSelectFundsList/FundDetails/BYZTT57/SelfSelectFund
2987,MFS Meridian MFS Meridian Funds - U.S. Growth Class WH1 Accumulation,,https://www.direct.aviva.co.uk/wealth/FundChoice/SelfSelectFundsList/FundDetails/BJK3960/SelfSelectFund
2988,MFS Meridian MFS Meridian Funds - U.S. Total Return Bond Class WH1 Accumulation,,https://www.direct.aviva.co.uk/wealth/FundChoice/SelfSelectFundsList/FundDetails/BVC3LZ5/SelfSelectFund
2989,MFS Meridian MFS Meridian Funds - U.S. Value Class WH1 Accumulation,,https://www.direct.aviva.co.uk/wealth/FundChoice/SelfSelectFundsList/FundDetails/B46DHG5/SelfSelectFund
2990,MI Charles Stanley MI Charles Stanley Monthly High Income Fund Class C Accumulation,,https://www.direct.aviva.co.uk/wealth/FundChoice/SelfSelectFundsList/FundDetails/B92V304/SelfSelectFund
2991,MI Charles Stanley MI Charles Stanley Monthly High Income Fund Class C Income,,https://www.direct.aviva.co.uk/wealth/FundChoice/SelfSelectFundsList/FundDetails/B92V326/SelfSelectFund
2992,MI Charles Stanley MI Charles Stanley Multi Assets Adventurous Class A Accumulation,,https://www.direct.aviva.co.uk/wealth/FundChoice/SelfSelectFundsList/FundDetails/BD89MM5/SelfSelectFund
2993,MI Charles Stanley MI Charles Stanley Multi Assets Adventurous Class A Income,,https://www.direct.aviva.co.uk/wealth/FundChoice/SelfSelectFundsList/FundDetails/BD89ML4/SelfSelectFund
2994,MI Charles Stanley MI Charles Stanley Multi Assets Cautious Class A Accumulation,,https://www.direct.aviva.co.uk/wealth/FundChoice/SelfSelectFundsList/FundDetails/BD89MF8/SelfSelectFund
2995,MI Charles Stanley MI Charles Stanley Multi Assets Cautious Class A Income,,https://www.direct.aviva.co.uk/wealth/FundChoice/SelfSelectFundsList/FundDetails/BD89MD6/SelfSelectFund
2996,MI Charles Stanley MI Charles Stanley Multi Assets Growth Class A Accumulation,,https://www.direct.aviva.co.uk/wealth/FundChoice/SelfSelectFundsList/FundDetails/BD89MK3/SelfSelectFund
2997,MI Charles Stanley MI Charles Stanley Multi Assets Growth Class A Income,,https://www.direct.aviva.co.uk/wealth/FundChoice/SelfSelectFundsList/FundDetails/BD89MJ2/SelfSelectFund
2998,MI Charles Stanley MI Charles Stanley Multi Assets Growth Class B Accumulation,,https://www.direct.aviva.co.uk/wealth/FundChoice/SelfSelectFundsList/FundDetails/B61FYV4/SelfSelectFund
2999,MI Charles Stanley MI Charles Stanley Multi Assets Moderate Class A Accumulation,,https://www.direct.aviva.co.uk/wealth/FundChoice/SelfSelectFundsList/FundDetails/BD89MH0/SelfSelectFund
3000,MI Charles Stanley MI Charles Stanley Multi Assets Moderate Class A Income,,https://www.direct.aviva.co.uk/wealth/FundChoice/SelfSelectFundsList/FundDetails/BD89MG9/SelfSelectFund
3001,MI Chelverton MI Chelverton European Select Fund Class B Accumulation,,https://www.direct.aviva.co.uk/wealth/FundChoice/SelfSelectFundsList/FundDetails/BFNL2P3/SelfSelectFund
3002,MI Chelverton MI Chelverton European Select Fund Class B Income,,https://www.direct.aviva.co.uk/wealth/FundChoice/SelfSelectFundsList/FundDetails/BFNL2N1/SelfSelectFund
3003,MI Chelverton MI Chelverton UK Equity Growth Class B Accumulation,,https://www.direct.aviva.co.uk/wealth/FundChoice/SelfSelectFundsList/FundDetails/BP855B7/SelfSelectFund
3004,MI Chelverton MI Chelverton UK Equity Growth Class B Income,,https://www.direct.aviva.co.uk/wealth/FundChoice/SelfSelectFundsList/FundDetails/BP85595/SelfSelectFund
3005,MI Chelverton MI Chelverton UK Equity Income Class B Accumulation,,https://www.direct.aviva.co.uk/wealth/FundChoice/SelfSelectFundsList/FundDetails/B1Y9J57/SelfSelectFund
3006,MI Chelverton MI Chelverton UK Equity Income Class B Income,,https://www.direct.aviva.co.uk/wealth/FundChoice/SelfSelectFundsList/FundDetails/B1FD646/SelfSelectFund
3007,MI Hawksmoor Distribution Fund Class C Accumulation,,https://www.direct.aviva.co.uk/wealth/FundChoice/SelfSelectFundsList/FundDetails/BJ4GVL4/SelfSelectFund
3008,MI Hawksmoor Distribution Fund Class C Income,,https://www.direct.aviva.co.uk/wealth/FundChoice/SelfSelectFundsList/FundDetails/BJ4GVM5/SelfSelectFund
3009,MI Hawksmoor Global Opportunities Fund Class C Accumulation,,https://www.direct.aviva.co.uk/wealth/FundChoice/SelfSelectFundsList/FundDetails/BG38228/SelfSelectFund
3010,MI Hawksmoor Vanbrugh Fund Class C Accumulation,,https://www.direct.aviva.co.uk/wealth/FundChoice/SelfSelectFundsList/FundDetails/BJ4GVQ9/SelfSelectFund
3011,MI Hawksmoor Vanbrugh Fund Class C Income,,https://www.direct.aviva.co.uk/wealth/FundChoice/SelfSelectFundsList/FundDetails/BJ4GVR0/SelfSelectFund
3012,MI MA Funds MI Classic Passive Portfolio Aggressive Fund - Accumulation,,https://www.direct.aviva.co.uk/wealth/FundChoice/SelfSelectFundsList/FundDetails/BNHW560/SelfSelectFund
3013,MI MA Funds MI Classic Passive Portfolio Defensive Fund - Accumulation,,https://www.direct.aviva.co.uk/wealth/FundChoice/SelfSelectFundsList/FundDetails/BNHW559/SelfSelectFund
3014,MI MA Funds MI Global Passive Portfolio Aggressive Fund - Accumulation,,https://www.direct.aviva.co.uk/wealth/FundChoice/SelfSelectFundsList/FundDetails/BNHW582/SelfSelectFund
3015,MI MA Funds MI Global Passive Portfolio Defensive Fund - Accumulation,,https://www.direct.aviva.co.uk/wealth/FundChoice/SelfSelectFundsList/FundDetails/BNHW571/SelfSelectFund
3016,MI MA Funds MI Global Portfolio Aggressive Fund - Accumulation,,https://www.direct.aviva.co.uk/wealth/FundChoice/SelfSelectFundsList/FundDetails/BNHW548/SelfSelectFund
3017,MI MA Funds MI Global Portfolio Defensive Fund - Accumulation,,https://www.direct.aviva.co.uk/wealth/FundChoice/SelfSelectFundsList/FundDetails/BNHW593/SelfSelectFund
3018,MI RBC Brewin Dolphin Voyager Max 100% Equity A Accumulation,,https://www.direct.aviva.co.uk/wealth/FundChoice/SelfSelectFundsList/FundDetails/BLF9VD8/SelfSelectFund
3019,MI RBC Brewin Dolphin Voyager Max 100% Equity A Income,,https://www.direct.aviva.co.uk/wealth/FundChoice/SelfSelectFundsList/FundDetails/BLF9VF0/SelfSelectFund
3020,MI RBC Brewin Dolphin Voyager Max 40% Equity A Accumulation,,https://www.direct.aviva.co.uk/wealth/FundChoice/SelfSelectFundsList/FundDetails/BLF9RQ3/SelfSelectFund
3021,MI RBC Brewin Dolphin Voyager Max 40% Equity A Income,,https://www.direct.aviva.co.uk/wealth/FundChoice/SelfSelectFundsList/FundDetails/BLF9TN4/SelfSelectFund
3022,MI RBC Brewin Dolphin Voyager Max 60% Equity A Accumulation,,https://www.direct.aviva.co.uk/wealth/FundChoice/SelfSelectFundsList/FundDetails/BLF9TW3/SelfSelectFund
3023,MI RBC Brewin Dolphin Voyager Max 60% Equity A Income,,https://www.direct.aviva.co.uk/wealth/FundChoice/SelfSelectFundsList/FundDetails/BLF9TX4/SelfSelectFund
3024,MI RBC Brewin Dolphin Voyager Max 70% Equity A Accumulation,,https://www.direct.aviva.co.uk/wealth/FundChoice/SelfSelectFundsList/FundDetails/BLF9V05/SelfSelectFund
3025,MI RBC Brewin Dolphin Voyager Max 70% Equity A Income,,https://www.direct.aviva.co.uk/wealth/FundChoice/SelfSelectFundsList/FundDetails/BLF9V16/SelfSelectFund
3026,MI RBC Brewin Dolphin Voyager Max 80% Equity A Accumulation,,https://www.direct.aviva.co.uk/wealth/FundChoice/SelfSelectFundsList/FundDetails/BLF9V49/SelfSelectFund
3027,MI RBC Brewin Dolphin Voyager Max 80% Equity A Income,,https://www.direct.aviva.co.uk/wealth/FundChoice/SelfSelectFundsList/FundDetails/BLF9V50/SelfSelectFund
3028,MI RBC Brewin Dolphin Voyager Max 90% Equity A Accumulation,,https://www.direct.aviva.co.uk/wealth/FundChoice/SelfSelectFundsList/FundDetails/BLF9V83/SelfSelectFund
3029,MI RBC Brewin Dolphin Voyager Max 90% Equity A Income,,https://www.direct.aviva.co.uk/wealth/FundChoice/SelfSelectFundsList/FundDetails/BLF9V94/SelfSelectFund
3030,MI RBC Brewin Dolphin Voyager Passive Max 100% Equity Class B Accumulation,,https://www.direct.aviva.co.uk/wealth/FundChoice/SelfSelectFundsList/FundDetails/BVN3B76/SelfSelectFund
3031,MI RBC Brewin Dolphin Voyager Passive Max 100% Equity Class B Income,,https://www.direct.aviva.co.uk/wealth/FundChoice/SelfSelectFundsList/FundDetails/BVN3B87/SelfSelectFund
3032,MI RBC Brewin Dolphin Voyager Passive Max 40% Equity Class B Accumulation,,https://www.direct.aviva.co.uk/wealth/FundChoice/SelfSelectFundsList/FundDetails/BVN36K4/SelfSelectFund
3033,MI RBC Brewin Dolphin Voyager Passive Max 40% Equity Class B Income,,https://www.direct.aviva.co.uk/wealth/FundChoice/SelfSelectFundsList/FundDetails/BVN39Y9/SelfSelectFund
3034,MI RBC Brewin Dolphin Voyager Passive Max 60% Equity Class B Accumulation,,https://www.direct.aviva.co.uk/wealth/FundChoice/SelfSelectFundsList/FundDetails/BVN39Z0/SelfSelectFund
3035,MI RBC Brewin Dolphin Voyager Passive Max 60% Equity Class B Income,,https://www.direct.aviva.co.uk/wealth/FundChoice/SelfSelectFundsList/FundDetails/BVN3B09/SelfSelectFund
3036,MI RBC Brewin Dolphin Voyager Passive Max 70% Equity Class B Accumulation,,https://www.direct.aviva.co.uk/wealth/FundChoice/SelfSelectFundsList/FundDetails/BVN3B10/SelfSelectFund
3037,MI RBC Brewin Dolphin Voyager Passive Max 70% Equity Class B Income,,https://www.direct.aviva.co.uk/wealth/FundChoice/SelfSelectFundsList/FundDetails/BVN3B21/SelfSelectFund
3038,MI RBC Brewin Dolphin Voyager Passive Max 80% Equity Class B Accumulation,,https://www.direct.aviva.co.uk/wealth/FundChoice/SelfSelectFundsList/FundDetails/BVN3B32/SelfSelectFund
3039,MI RBC Brewin Dolphin Voyager Passive Max 80% Equity Class B Income,,https://www.direct.aviva.co.uk/wealth/FundChoice/SelfSelectFundsList/FundDetails/BVN3B43/SelfSelectFund
3040,MI RBC Brewin Dolphin Voyager Passive Max 90% Equity Class B Accumulation,,https://www.direct.aviva.co.uk/wealth/FundChoice/SelfSelectFundsList/FundDetails/BVN3B54/SelfSelectFund
3041,MI RBC Brewin Dolphin Voyager Passive Max 90% Equity Class B Income,,https://www.direct.aviva.co.uk/wealth/FundChoice/SelfSelectFundsList/FundDetails/BVN3B65/SelfSelectFund
3042,MI Select Managers Alternatives Class O Accumulation,,https://www.direct.aviva.co.uk/wealth/FundChoice/SelfSelectFundsList/FundDetails/BL69L71/SelfSelectFund
3043,MI Select Managers Alternatives Class O Income,,https://www.direct.aviva.co.uk/wealth/FundChoice/SelfSelectFundsList/FundDetails/BL69L82/SelfSelectFund
3044,MI Select Managers Bond Fund Class O Accumulation,,https://www.direct.aviva.co.uk/wealth/FundChoice/SelfSelectFundsList/FundDetails/BK8Y4J0/SelfSelectFund
3045,MI Select Managers Bond Fund Class O Income,,https://www.direct.aviva.co.uk/wealth/FundChoice/SelfSelectFundsList/FundDetails/BK8Y4F6/SelfSelectFund
3046,MI Select Managers North American Equity Class O Accumulation,,https://www.direct.aviva.co.uk/wealth/FundChoice/SelfSelectFundsList/FundDetails/BK8Y4Q7/SelfSelectFund
3047,MI Select Managers North American Equity Class O Income,,https://www.direct.aviva.co.uk/wealth/FundChoice/SelfSelectFundsList/FundDetails/BK8Y4P6/SelfSelectFund
3048,MI Select Managers UK Equity Fund Class O Accumulation,,https://www.direct.aviva.co.uk/wealth/FundChoice/SelfSelectFundsList/FundDetails/BK8Y4L2/SelfSelectFund
3049,MI Select Managers UK Equity Fund Class O Income,,https://www.direct.aviva.co.uk/wealth/FundChoice/SelfSelectFundsList/FundDetails/BK8Y4K1/SelfSelectFund
3050,MI Select Managers UK Equity Income Fund Class O Accumulation,,https://www.direct.aviva.co.uk/wealth/FundChoice/SelfSelectFundsList/FundDetails/BK8Y4N4/SelfSelectFund
3051,MI Select Managers UK Equity Income Fund Class O Income,,https://www.direct.aviva.co.uk/wealth/FundChoice/SelfSelectFundsList/FundDetails/BK8Y4M3/SelfSelectFund
3052,MI Thornbridge MI Thornbridge Global Opportunities Class C Accumulation,,https://www.direct.aviva.co.uk/wealth/FundChoice/SelfSelectFundsList/FundDetails/B5TP8W8/SelfSelectFund
3053,MI Thornbridge MI Thornbridge Global Opportunities Class C Income,,https://www.direct.aviva.co.uk/wealth/FundChoice/SelfSelectFundsList/FundDetails/B5SZCM7/SelfSelectFund
3054,MI TwentyFour Investment Funds Asset Backed Opportunities Class I Gross Accumulation,,https://www.direct.aviva.co.uk/wealth/FundChoice/SelfSelectFundsList/FundDetails/BRJV820/SelfSelectFund
3055,MI TwentyFour Investment Funds Asset Backed Opportunities Class I Gross Income,,https://www.direct.aviva.co.uk/wealth/FundChoice/SelfSelectFundsList/FundDetails/BD5D3D8/SelfSelectFund
3056,MI TwentyFour Investment Funds Dynamic Bond Class I Gross Accumulation,,https://www.direct.aviva.co.uk/wealth/FundChoice/SelfSelectFundsList/FundDetails/B5VNH23/SelfSelectFund
3057,MI TwentyFour Investment Funds Dynamic Bond Class I Gross Income,,https://www.direct.aviva.co.uk/wealth/FundChoice/SelfSelectFundsList/FundDetails/B57GX40/SelfSelectFund
3058,MI TwentyFour Investment Funds Dynamic Bond Class I Net Accumulation,,https://www.direct.aviva.co.uk/wealth/FundChoice/SelfSelectFundsList/FundDetails/B5VRV67/SelfSelectFund
3059,MI TwentyFour Investment Funds Dynamic Bond Class I Net Income,,https://www.direct.aviva.co.uk/wealth/FundChoice/SelfSelectFundsList/FundDetails/B57TXN8/SelfSelectFund
3060,MI TwentyFour Investment Funds Dynamic Bond Class M Gross Income,,https://www.direct.aviva.co.uk/wealth/FundChoice/SelfSelectFundsList/FundDetails/B8BG8H5/SelfSelectFund
3061,MI TwentyFour Investment Funds Monument Bond Class I GROSS Accumulation,,https://www.direct.aviva.co.uk/wealth/FundChoice/SelfSelectFundsList/FundDetails/B4XMPS3/SelfSelectFund
3062,MI TwentyFour Investment Funds Monument Bond Class I GROSS Income,,https://www.direct.aviva.co.uk/wealth/FundChoice/SelfSelectFundsList/FundDetails/B4XCQT1/SelfSelectFund
3063,MI TwentyFour Investment Funds Monument Bond Class I Net Accumulation,,https://www.direct.aviva.co.uk/wealth/FundChoice/SelfSelectFundsList/FundDetails/B3V5V89/SelfSelectFund
3064,MI TwentyFour Investment Funds Monument Bond Class I Net Income,,https://www.direct.aviva.co.uk/wealth/FundChoice/SelfSelectFundsList/FundDetails/B3XVTT2/SelfSelectFund
3065,MI Verbatim Multi Index Portfolio 3 - Accumulation,,https://www.direct.aviva.co.uk/wealth/FundChoice/SelfSelectFundsList/FundDetails/B4W2H77/SelfSelectFund
3066,MI Verbatim Multi Index Portfolio 4 - Accumulation,,https://www.direct.aviva.co.uk/wealth/FundChoice/SelfSelectFundsList/FundDetails/B4N5YW9/SelfSelectFund
3067,MI Verbatim Multi Index Portfolio 5 - Accumulation,,https://www.direct.aviva.co.uk/wealth/FundChoice/SelfSelectFundsList/FundDetails/B4WHDG3/SelfSelectFund
3068,MI Verbatim Multi Index Portfolio 6 - Accumulation,,https://www.direct.aviva.co.uk/wealth/FundChoice/SelfSelectFundsList/FundDetails/B4W0ZG6/SelfSelectFund
3069,MI Verbatim Portfolio 3 Class B Accumulation,,https://www.direct.aviva.co.uk/wealth/FundChoice/SelfSelectFundsList/FundDetails/B3PSD11/SelfSelectFund
3070,MI Verbatim Portfolio 4 Class B Accumulation,,https://www.direct.aviva.co.uk/wealth/FundChoice/SelfSelectFundsList/FundDetails/B3P42N4/SelfSelectFund
3071,MI Verbatim Portfolio 5 Growth Class B Accumulation,,https://www.direct.aviva.co.uk/wealth/FundChoice/SelfSelectFundsList/FundDetails/B3P2HB1/SelfSelectFund
3072,MI Verbatim Portfolio 6 Class B Accumulation,,https://www.direct.aviva.co.uk/wealth/FundChoice/SelfSelectFundsList/FundDetails/B3MPJG2/SelfSelectFund
3073,MI Verbatim Portfolio 7 Class B Accumulation,,https://www.direct.aviva.co.uk/wealth/FundChoice/SelfSelectFundsList/FundDetails/B3PVM13/SelfSelectFund
3074,Macquarie Nomura Global Listed Infrastructure Fund Class A3 GBP Accumulation,,https://www.direct.aviva.co.uk/wealth/FundChoice/SelfSelectFundsList/FundDetails/BMYZ8P5/SelfSelectFund
3075,Macquarie Nomura Global Listed Infrastructure Fund Class A3 GBP Q(dist) Income,,https://www.direct.aviva.co.uk/wealth/FundChoice/SelfSelectFundsList/FundDetails/BMYZ8Q6/SelfSelectFund
3076,Macquarie Nomura Global Listed Real Assets Fund A3 GBP Accumulation,,https://www.direct.aviva.co.uk/wealth/FundChoice/SelfSelectFundsList/FundDetails/BMYZ8M2/SelfSelectFund
3077,Macquarie Nomura Global Listed Real Assets Fund A3 GBP Q(dist) Income,,https://www.direct.aviva.co.uk/wealth/FundChoice/SelfSelectFundsList/FundDetails/BMYZ8N3/SelfSelectFund
3078,Man Group Asia Pacific (ex-Japan) Equity Alternative Class IN H Accumulation,,https://www.direct.aviva.co.uk/wealth/FundChoice/SelfSelectFundsList/FundDetails/BN15T85/SelfSelectFund
3079,Man Group Balanced Managed Professional C Accumulation,,https://www.direct.aviva.co.uk/wealth/FundChoice/SelfSelectFundsList/FundDetails/B87M316/SelfSelectFund
3080,Man Group Event Driven Alternative Class H GBP Income,,https://www.direct.aviva.co.uk/wealth/FundChoice/SelfSelectFundsList/FundDetails/BJJNGX7/SelfSelectFund
3081,Man Group GLG Asia (ex Japan) Equity Professional C Accumulation,,https://www.direct.aviva.co.uk/wealth/FundChoice/SelfSelectFundsList/FundDetails/BMCMVT3/SelfSelectFund
3082,Man Group GLG Continental European Growth Professional Acc C Accumulation,,https://www.direct.aviva.co.uk/wealth/FundChoice/SelfSelectFundsList/FundDetails/B011948/SelfSelectFund
3083,Man Group GLG Continental European Growth Professional Acc C Hedged Accumulation,,https://www.direct.aviva.co.uk/wealth/FundChoice/SelfSelectFundsList/FundDetails/BYNRH37/SelfSelectFund
3084,Man Group GLG Dynamic Income Class I Accumulation,,https://www.direct.aviva.co.uk/wealth/FundChoice/SelfSelectFundsList/FundDetails/BR89P80/SelfSelectFund
3085,Man Group GLG Dynamic Income Class I H GBP G-Dist Q Shares Income,,https://www.direct.aviva.co.uk/wealth/FundChoice/SelfSelectFundsList/FundDetails/BS2B114/SelfSelectFund
3086,Man Group GLG Dynamic Income Class IB H Accumulation,,https://www.direct.aviva.co.uk/wealth/FundChoice/SelfSelectFundsList/FundDetails/BQB39C4/SelfSelectFund
3087,Man Group GLG Global Convertibles Class IM H Accumulation,,https://www.direct.aviva.co.uk/wealth/FundChoice/SelfSelectFundsList/FundDetails/B4Q6924/SelfSelectFund
3088,Man Group GLG Global Emerging Markets Debt Total Return Class I H GBP Accumulation,,https://www.direct.aviva.co.uk/wealth/FundChoice/SelfSelectFundsList/FundDetails/BD3B6C4/SelfSelectFund
3089,Man Group GLG Global Investment Grade Opportunities Class I H Accumulation,,https://www.direct.aviva.co.uk/wealth/FundChoice/SelfSelectFundsList/FundDetails/BMTPDR7/SelfSelectFund
3090,Man Group GLG High Yield Opportunities Professional Accumulation Shares (Class C) Accumulation,,https://www.direct.aviva.co.uk/wealth/FundChoice/SelfSelectFundsList/FundDetails/BJK3W05/SelfSelectFund
3091,Man Group GLG High Yield Opportunities Professional Income Shares (Class D) Income,,https://www.direct.aviva.co.uk/wealth/FundChoice/SelfSelectFundsList/FundDetails/BJK3W27/SelfSelectFund
3092,Man Group GLG Income Class D Income,,https://www.direct.aviva.co.uk/wealth/FundChoice/SelfSelectFundsList/FundDetails/B0117D3/SelfSelectFund
3093,Man Group GLG Income Professional Class C Accumulation,,https://www.direct.aviva.co.uk/wealth/FundChoice/SelfSelectFundsList/FundDetails/B0117C2/SelfSelectFund
3094,Man Group GLG Japan CoreAlpha Equity Class I Accumulation,,https://www.direct.aviva.co.uk/wealth/FundChoice/SelfSelectFundsList/FundDetails/B62QF46/SelfSelectFund
3095,Man Group GLG Japan CoreAlpha Equity Class I H GBP Income,,https://www.direct.aviva.co.uk/wealth/FundChoice/SelfSelectFundsList/FundDetails/BJ3VGM6/SelfSelectFund
3096,Man Group GLG Sterling Corporate Bond Professional C Accumulation,,https://www.direct.aviva.co.uk/wealth/FundChoice/SelfSelectFundsList/FundDetails/BNLYQX6/SelfSelectFund
3097,Man Group GLG Sterling Corporate Bond Professional D Income,,https://www.direct.aviva.co.uk/wealth/FundChoice/SelfSelectFundsList/FundDetails/BNLYQY7/SelfSelectFund
3098,Man Group GLG Undervalued Assets Class C Accumulation,,https://www.direct.aviva.co.uk/wealth/FundChoice/SelfSelectFundsList/FundDetails/BFH3NC9/SelfSelectFund
3099,Man Group GLG Undervalued Assets Class D Income,,https://www.direct.aviva.co.uk/wealth/FundChoice/SelfSelectFundsList/FundDetails/BFH3NB8/SelfSelectFund
3100,Man Group Global Investment Grade Opportunities Class I H Income,,https://www.direct.aviva.co.uk/wealth/FundChoice/SelfSelectFundsList/FundDetails/BT259V9/SelfSelectFund
3101,Man Group High Yield Opportunities Class I H Accumulation,,https://www.direct.aviva.co.uk/wealth/FundChoice/SelfSelectFundsList/FundDetails/BDTYYN4/SelfSelectFund
3102,Man Group Japan CoreAlpha Professional Accumulation,,https://www.direct.aviva.co.uk/wealth/FundChoice/SelfSelectFundsList/FundDetails/B0119B5/SelfSelectFund
3103,Man Group Japan CoreAlpha Professional Income,,https://www.direct.aviva.co.uk/wealth/FundChoice/SelfSelectFundsList/FundDetails/B3F4751/SelfSelectFund
3104,Man Group Stockmarket Managed Professional C Accumulation,,https://www.direct.aviva.co.uk/wealth/FundChoice/SelfSelectFundsList/FundDetails/B7X6MB8/SelfSelectFund
3105,Man Group TargetRisk Class I H GBP Accumulation,,https://www.direct.aviva.co.uk/wealth/FundChoice/SelfSelectFundsList/FundDetails/BRJT7N8/SelfSelectFund
3106,Margetts AFH DA Asia ex Japan Equity Class R Accumulation,,https://www.direct.aviva.co.uk/wealth/FundChoice/SelfSelectFundsList/FundDetails/BYXGFX0/SelfSelectFund
3107,Margetts AFH DA European Equity Class R Accumulation,,https://www.direct.aviva.co.uk/wealth/FundChoice/SelfSelectFundsList/FundDetails/BYXG9P0/SelfSelectFund
3108,Margetts AFH DA Global Emerging Markets Equity Class R Accumulation,,https://www.direct.aviva.co.uk/wealth/FundChoice/SelfSelectFundsList/FundDetails/BYXG9R2/SelfSelectFund
3109,Margetts AFH DA North American Equity Class R Accumulation,,https://www.direct.aviva.co.uk/wealth/FundChoice/SelfSelectFundsList/FundDetails/BYXG9T4/SelfSelectFund
3110,Margetts AFH DA UK Equity Class R Accumulation,,https://www.direct.aviva.co.uk/wealth/FundChoice/SelfSelectFundsList/FundDetails/BKX8BB8/SelfSelectFund
3111,Margetts AFH DA UK Smaller Companies Class R Accumulation,,https://www.direct.aviva.co.uk/wealth/FundChoice/SelfSelectFundsList/FundDetails/BYXG9Y9/SelfSelectFund
3112,Margetts AFH Tactical Core Class R Accumulation,,https://www.direct.aviva.co.uk/wealth/FundChoice/SelfSelectFundsList/FundDetails/B8KTVT8/SelfSelectFund
3113,Margetts AFH Tactical Core Class R Income,,https://www.direct.aviva.co.uk/wealth/FundChoice/SelfSelectFundsList/FundDetails/B8K9HG7/SelfSelectFund
3114,Margetts Blenheim Diversified Alternatives Class R Accumulation,,https://www.direct.aviva.co.uk/wealth/FundChoice/SelfSelectFundsList/FundDetails/BNDQ9F3/SelfSelectFund
3115,Margetts Blenheim Diversified Alternatives Class R Income,,https://www.direct.aviva.co.uk/wealth/FundChoice/SelfSelectFundsList/FundDetails/BNDQ9D1/SelfSelectFund
3116,Margetts Blenheim Diversified Fixed Income Class R Accumulation,,https://www.direct.aviva.co.uk/wealth/FundChoice/SelfSelectFundsList/FundDetails/BNDQ8X4/SelfSelectFund
3117,Margetts Blenheim Diversified Fixed Income Class R Income,,https://www.direct.aviva.co.uk/wealth/FundChoice/SelfSelectFundsList/FundDetails/BNDQ8W3/SelfSelectFund
3118,Margetts Blenheim Diversified Property Class R Accumulation,,https://www.direct.aviva.co.uk/wealth/FundChoice/SelfSelectFundsList/FundDetails/BNDQ997/SelfSelectFund
3119,Margetts Blenheim Diversified Property Class R Income,,https://www.direct.aviva.co.uk/wealth/FundChoice/SelfSelectFundsList/FundDetails/BNDQ986/SelfSelectFund
3120,Margetts Blenheim Ethical Growth Fund Class R Accumulation,,https://www.direct.aviva.co.uk/wealth/FundChoice/SelfSelectFundsList/FundDetails/BRRFD30/SelfSelectFund
3121,Margetts Blenheim Ethical Growth Fund Class R Income,,https://www.direct.aviva.co.uk/wealth/FundChoice/SelfSelectFundsList/FundDetails/BRRFD41/SelfSelectFund
3122,Margetts Blenheim Ethical Oportunities Fund Class R Accumulation,,https://www.direct.aviva.co.uk/wealth/FundChoice/SelfSelectFundsList/FundDetails/BNDQ9K8/SelfSelectFund
3123,Margetts Blenheim Ethical Oportunities Fund Class R Income,,https://www.direct.aviva.co.uk/wealth/FundChoice/SelfSelectFundsList/FundDetails/BNDQ9J7/SelfSelectFund
3124,Margetts Blenheim Overseas Equity Class R Accumulation,,https://www.direct.aviva.co.uk/wealth/FundChoice/SelfSelectFundsList/FundDetails/BNDQ919/SelfSelectFund
3125,Margetts Blenheim Overseas Equity Class R Income,,https://www.direct.aviva.co.uk/wealth/FundChoice/SelfSelectFundsList/FundDetails/BNDQ908/SelfSelectFund
3126,Margetts Blenheim UK Equity Class R Accumulation,,https://www.direct.aviva.co.uk/wealth/FundChoice/SelfSelectFundsList/FundDetails/BNDQ953/SelfSelectFund
3127,Margetts Blenheim UK Equity Class R Income,,https://www.direct.aviva.co.uk/wealth/FundChoice/SelfSelectFundsList/FundDetails/BNDQ942/SelfSelectFund
3128,Margetts Clarion Explorer Class P Accumulation,,https://www.direct.aviva.co.uk/wealth/FundChoice/SelfSelectFundsList/FundDetails/BMT7VM4/SelfSelectFund
3129,Margetts Clarion Meridian Class P Accumulation,,https://www.direct.aviva.co.uk/wealth/FundChoice/SelfSelectFundsList/FundDetails/BMT7VK2/SelfSelectFund
3130,Margetts Clarion Navigator Class P Accumulation,,https://www.direct.aviva.co.uk/wealth/FundChoice/SelfSelectFundsList/FundDetails/BMT82F7/SelfSelectFund
3131,Margetts Clarion Prudence Class P Accumulation,,https://www.direct.aviva.co.uk/wealth/FundChoice/SelfSelectFundsList/FundDetails/BMT82H9/SelfSelectFund
3132,Margetts International Strategy Class R Accumulation,,https://www.direct.aviva.co.uk/wealth/FundChoice/SelfSelectFundsList/FundDetails/B8FN1Z1/SelfSelectFund
3133,Margetts International Strategy Class S Accumulation,,https://www.direct.aviva.co.uk/wealth/FundChoice/SelfSelectFundsList/FundDetails/BJQR3Q4/SelfSelectFund
3134,Margetts MGTS AFH DA Japan Equity Class R Accumulation,,https://www.direct.aviva.co.uk/wealth/FundChoice/SelfSelectFundsList/FundDetails/BTXZZD2/SelfSelectFund
3135,Margetts MGTS AFH Multi-Asset 2 Class R Accumulation,,https://www.direct.aviva.co.uk/wealth/FundChoice/SelfSelectFundsList/FundDetails/BN6L6S7/SelfSelectFund
3136,Margetts MGTS AFH Multi-Asset 2 Class R Income,,https://www.direct.aviva.co.uk/wealth/FundChoice/SelfSelectFundsList/FundDetails/BN6L6T8/SelfSelectFund
3137,Margetts MGTS AFH Multi-Asset 3 Class R Accumulation,,https://www.direct.aviva.co.uk/wealth/FundChoice/SelfSelectFundsList/FundDetails/BN6L6V0/SelfSelectFund
3138,Margetts MGTS AFH Multi-Asset 3 Class R Income,,https://www.direct.aviva.co.uk/wealth/FundChoice/SelfSelectFundsList/FundDetails/BN6L6W1/SelfSelectFund
3139,Margetts MGTS AFH Multi-Asset 4 Class R Accumulation,,https://www.direct.aviva.co.uk/wealth/FundChoice/SelfSelectFundsList/FundDetails/BN6L6X2/SelfSelectFund
3140,Margetts MGTS AFH Multi-Asset 4 Class R Income,,https://www.direct.aviva.co.uk/wealth/FundChoice/SelfSelectFundsList/FundDetails/BN6L6Y3/SelfSelectFund
3141,Margetts MGTS Aequitas Adventurous Class R Accumulation,,https://www.direct.aviva.co.uk/wealth/FundChoice/SelfSelectFundsList/FundDetails/BM92CQ0/SelfSelectFund
3142,Margetts MGTS Aequitas Balanced Class R Accumulation,,https://www.direct.aviva.co.uk/wealth/FundChoice/SelfSelectFundsList/FundDetails/BMF7HW0/SelfSelectFund
3143,Margetts MGTS Aequitas Balanced Class R Income,,https://www.direct.aviva.co.uk/wealth/FundChoice/SelfSelectFundsList/FundDetails/BM92CP9/SelfSelectFund
3144,Margetts MGTS Aequitas Cautious Class R Accumulation,,https://www.direct.aviva.co.uk/wealth/FundChoice/SelfSelectFundsList/FundDetails/BMF7F59/SelfSelectFund
3145,Margetts MGTS Aequitas Cautious Class R Income,,https://www.direct.aviva.co.uk/wealth/FundChoice/SelfSelectFundsList/FundDetails/BMF7HV9/SelfSelectFund
3146,Margetts MGTS Aequitas Defensive Class R Accumulation,,https://www.direct.aviva.co.uk/wealth/FundChoice/SelfSelectFundsList/FundDetails/BMF7DG6/SelfSelectFund
3147,Margetts MGTS Aequitas Defensive Class R Income,,https://www.direct.aviva.co.uk/wealth/FundChoice/SelfSelectFundsList/FundDetails/BMF7F48/SelfSelectFund
3148,Margetts MGTS Attivo Investments Diversified 20-30 Class R Accumulation,,https://www.direct.aviva.co.uk/wealth/FundChoice/SelfSelectFundsList/FundDetails/BMW96V1/SelfSelectFund
3149,Margetts MGTS Attivo Investments Diversified 20-30 Class R Income,,https://www.direct.aviva.co.uk/wealth/FundChoice/SelfSelectFundsList/FundDetails/BMW96T9/SelfSelectFund
3150,Margetts MGTS Attivo Investments Diversified 35-45 Class R Accumulation,,https://www.direct.aviva.co.uk/wealth/FundChoice/SelfSelectFundsList/FundDetails/BMW96Q6/SelfSelectFund
3151,Margetts MGTS Attivo Investments Diversified 35-45 Class R Income,,https://www.direct.aviva.co.uk/wealth/FundChoice/SelfSelectFundsList/FundDetails/BMW96P5/SelfSelectFund
3152,Margetts MGTS Attivo Investments Diversified 50-60 Class R Accumulation,,https://www.direct.aviva.co.uk/wealth/FundChoice/SelfSelectFundsList/FundDetails/BMW96X3/SelfSelectFund
3153,Margetts MGTS Attivo Investments Diversified 50-60 Class R Income,,https://www.direct.aviva.co.uk/wealth/FundChoice/SelfSelectFundsList/FundDetails/BMW96W2/SelfSelectFund
3154,Margetts MGTS Attivo Investments Diversified 70-80 Class R Accumulation,,https://www.direct.aviva.co.uk/wealth/FundChoice/SelfSelectFundsList/FundDetails/BMW96S8/SelfSelectFund
3155,Margetts MGTS Attivo Investments Diversified 70-80 Class R Income,,https://www.direct.aviva.co.uk/wealth/FundChoice/SelfSelectFundsList/FundDetails/BMW96R7/SelfSelectFund
3156,Margetts MGTS Attivo Investments Diversified 90-100 Class R Accumulation,,https://www.direct.aviva.co.uk/wealth/FundChoice/SelfSelectFundsList/FundDetails/BMW96N3/SelfSelectFund
3157,Margetts MGTS Attivo Investments Diversified 90-100 Class R Income,,https://www.direct.aviva.co.uk/wealth/FundChoice/SelfSelectFundsList/FundDetails/BMW96Y4/SelfSelectFund
3158,Margetts MGTS Downing Fox 100% Equity Class A Accumulation,,https://www.direct.aviva.co.uk/wealth/FundChoice/SelfSelectFundsList/FundDetails/BQBCV81/SelfSelectFund
3159,Margetts MGTS Downing Fox 40% Equity Class A Accumulation,,https://www.direct.aviva.co.uk/wealth/FundChoice/SelfSelectFundsList/FundDetails/BQBCTT8/SelfSelectFund
3160,Margetts MGTS Downing Fox 60% Equity Class A Accumulation,,https://www.direct.aviva.co.uk/wealth/FundChoice/SelfSelectFundsList/FundDetails/BQBCTY3/SelfSelectFund
3161,Margetts MGTS Downing Fox 80% Equity Class A Accumulation,,https://www.direct.aviva.co.uk/wealth/FundChoice/SelfSelectFundsList/FundDetails/BQBCV36/SelfSelectFund
3162,Margetts MGTS Fairstone Alternatives Class R Accumulation,,https://www.direct.aviva.co.uk/wealth/FundChoice/SelfSelectFundsList/FundDetails/BSY5KS4/SelfSelectFund
3163,Margetts MGTS Fairstone Equity Class R Accumulation,,https://www.direct.aviva.co.uk/wealth/FundChoice/SelfSelectFundsList/FundDetails/BSY5KT5/SelfSelectFund
3164,Margetts MGTS Fairstone Fixed Income Class R Accumulation,,https://www.direct.aviva.co.uk/wealth/FundChoice/SelfSelectFundsList/FundDetails/BSY5KV7/SelfSelectFund
3165,Margetts MGTS Future Money Dynamic Growth Fund Class R Accumulation,,https://www.direct.aviva.co.uk/wealth/FundChoice/SelfSelectFundsList/FundDetails/B8FFPK0/SelfSelectFund
3166,Margetts MGTS Future Money Dynamic Growth Fund Class S Accumulation,,https://www.direct.aviva.co.uk/wealth/FundChoice/SelfSelectFundsList/FundDetails/BN92HK6/SelfSelectFund
3167,Margetts MGTS Future Money Income Fund Class S Accumulation,,https://www.direct.aviva.co.uk/wealth/FundChoice/SelfSelectFundsList/FundDetails/BN92H39/SelfSelectFund
3168,Margetts MGTS Future Money Income Fund Class S Income,,https://www.direct.aviva.co.uk/wealth/FundChoice/SelfSelectFundsList/FundDetails/BN92H28/SelfSelectFund
3169,Margetts MGTS Future Money Real Growth Fund Class R Accumulation,,https://www.direct.aviva.co.uk/wealth/FundChoice/SelfSelectFundsList/FundDetails/B7WPBV9/SelfSelectFund
3170,Margetts MGTS Future Money Real Growth Fund Class S Accumulation,,https://www.direct.aviva.co.uk/wealth/FundChoice/SelfSelectFundsList/FundDetails/BN92FJ1/SelfSelectFund
3171,Margetts MGTS Future Money Real Value Fund Class R Accumulation,,https://www.direct.aviva.co.uk/wealth/FundChoice/SelfSelectFundsList/FundDetails/B89JN48/SelfSelectFund
3172,Margetts MGTS Future Money Real Value Fund Class S Accumulation,,https://www.direct.aviva.co.uk/wealth/FundChoice/SelfSelectFundsList/FundDetails/BN92814/SelfSelectFund
3173,Margetts MGTS IBOSS 1 Class R Accumulation,,https://www.direct.aviva.co.uk/wealth/FundChoice/SelfSelectFundsList/FundDetails/BD8R5D1/SelfSelectFund
3174,Margetts MGTS IBOSS 1 Class R Income,,https://www.direct.aviva.co.uk/wealth/FundChoice/SelfSelectFundsList/FundDetails/BD8R5F3/SelfSelectFund
3175,Margetts MGTS IBOSS 2 Class R Accumulation,,https://www.direct.aviva.co.uk/wealth/FundChoice/SelfSelectFundsList/FundDetails/BD8R5G4/SelfSelectFund
3176,Margetts MGTS IBOSS 2 Class R Income,,https://www.direct.aviva.co.uk/wealth/FundChoice/SelfSelectFundsList/FundDetails/BD8R5H5/SelfSelectFund
3177,Margetts MGTS IBOSS 4 Class R Accumulation,,https://www.direct.aviva.co.uk/wealth/FundChoice/SelfSelectFundsList/FundDetails/BD8R5J7/SelfSelectFund
3178,Margetts MGTS IBOSS 6 Class R Accumulation,,https://www.direct.aviva.co.uk/wealth/FundChoice/SelfSelectFundsList/FundDetails/BD8R5K8/SelfSelectFund
3179,Margetts MGTS IDAD Future Wealth Fund Class A Accumulation,,https://www.direct.aviva.co.uk/wealth/FundChoice/SelfSelectFundsList/FundDetails/BN7JHF4/SelfSelectFund
3180,Margetts MGTS Newsight Adventurous Fund Class A Accumulation,,https://www.direct.aviva.co.uk/wealth/FundChoice/SelfSelectFundsList/FundDetails/BTZN396/SelfSelectFund
3181,Margetts MGTS Newsight Adventurous Fund Class A Income,,https://www.direct.aviva.co.uk/wealth/FundChoice/SelfSelectFundsList/FundDetails/BTZN3B8/SelfSelectFund
3182,Margetts MGTS Newsight Balanced Class A Accumulation,,https://www.direct.aviva.co.uk/wealth/FundChoice/SelfSelectFundsList/FundDetails/BP69VS0/SelfSelectFund
3183,Margetts MGTS Newsight Balanced Class A Income,,https://www.direct.aviva.co.uk/wealth/FundChoice/SelfSelectFundsList/FundDetails/BP69VT1/SelfSelectFund
3184,Margetts MGTS Newsight Cautious Fund Class A Accumulation,,https://www.direct.aviva.co.uk/wealth/FundChoice/SelfSelectFundsList/FundDetails/BTZN211/SelfSelectFund
3185,Margetts MGTS Newsight Cautious Fund Class A Income,,https://www.direct.aviva.co.uk/wealth/FundChoice/SelfSelectFundsList/FundDetails/BTZN363/SelfSelectFund
3186,Margetts MGTS Newsight Growth Fund Class A Accumulation,,https://www.direct.aviva.co.uk/wealth/FundChoice/SelfSelectFundsList/FundDetails/BTZN374/SelfSelectFund
3187,Margetts MGTS Newsight Growth Fund Class A Income,,https://www.direct.aviva.co.uk/wealth/FundChoice/SelfSelectFundsList/FundDetails/BTZN385/SelfSelectFund
3188,Margetts MGTS Prima Adventurous Class A Accumulation,,https://www.direct.aviva.co.uk/wealth/FundChoice/SelfSelectFundsList/FundDetails/BN938J5/SelfSelectFund
3189,Margetts MGTS Prima Balanced Class A Accumulation,,https://www.direct.aviva.co.uk/wealth/FundChoice/SelfSelectFundsList/FundDetails/BN938H3/SelfSelectFund
3190,Margetts MGTS Prima Cautious Class A Accumulation,,https://www.direct.aviva.co.uk/wealth/FundChoice/SelfSelectFundsList/FundDetails/BN938G2/SelfSelectFund
3191,Margetts MGTS Progeny Dynamic Bond Accumulation,,https://www.direct.aviva.co.uk/wealth/FundChoice/SelfSelectFundsList/FundDetails/BM8F1X0/SelfSelectFund
3192,Margetts MGTS Progeny Dynamic Bond Income,,https://www.direct.aviva.co.uk/wealth/FundChoice/SelfSelectFundsList/FundDetails/BM8F1Y1/SelfSelectFund
3193,Margetts MGTS Progeny Dynamic Equity Accumulation,,https://www.direct.aviva.co.uk/wealth/FundChoice/SelfSelectFundsList/FundDetails/BM8F1Z2/SelfSelectFund
3194,Margetts MGTS Progeny Dynamic Equity Income,,https://www.direct.aviva.co.uk/wealth/FundChoice/SelfSelectFundsList/FundDetails/BM8F204/SelfSelectFund
3195,Margetts MGTS Progeny Income ProFolio 30-50% Shares Income Class Income,,https://www.direct.aviva.co.uk/wealth/FundChoice/SelfSelectFundsList/FundDetails/BQKNL29/SelfSelectFund
3196,Margetts MGTS Progeny Income ProFolio 50-70% Shares Income Class Income,,https://www.direct.aviva.co.uk/wealth/FundChoice/SelfSelectFundsList/FundDetails/BQKNL30/SelfSelectFund
3197,Margetts MGTS Progeny ProFolio Model 30-50% Shares Accumulation,,https://www.direct.aviva.co.uk/wealth/FundChoice/SelfSelectFundsList/FundDetails/BP6WHV4/SelfSelectFund
3198,Margetts MGTS Progeny ProFolio Model 30-50% Shares Income,,https://www.direct.aviva.co.uk/wealth/FundChoice/SelfSelectFundsList/FundDetails/BP6WHW5/SelfSelectFund
3199,Margetts MGTS Progeny ProFolio Model 50-70% Shares Accumulation,,https://www.direct.aviva.co.uk/wealth/FundChoice/SelfSelectFundsList/FundDetails/BP6WJ07/SelfSelectFund
3200,Margetts MGTS Progeny ProFolio Model 50-70% Shares Income,,https://www.direct.aviva.co.uk/wealth/FundChoice/SelfSelectFundsList/FundDetails/BP6WJ18/SelfSelectFund
3201,Margetts MGTS Progeny ProFolio Model 70-90% Shares Accumulation,,https://www.direct.aviva.co.uk/wealth/FundChoice/SelfSelectFundsList/FundDetails/BP6WJP2/SelfSelectFund
3202,Margetts MGTS Progeny ProFolio Model 70-90% Shares Income,,https://www.direct.aviva.co.uk/wealth/FundChoice/SelfSelectFundsList/FundDetails/BP6WJQ3/SelfSelectFund
3203,Margetts MGTS Progeny Systematic Bond Accumulation,,https://www.direct.aviva.co.uk/wealth/FundChoice/SelfSelectFundsList/FundDetails/BM8F3N4/SelfSelectFund
3204,Margetts MGTS Progeny Systematic Bond Income,,https://www.direct.aviva.co.uk/wealth/FundChoice/SelfSelectFundsList/FundDetails/BM8F3P6/SelfSelectFund
3205,Margetts MGTS Progeny Systematic Equity Accumulation,,https://www.direct.aviva.co.uk/wealth/FundChoice/SelfSelectFundsList/FundDetails/BM8F3L2/SelfSelectFund
3206,Margetts MGTS Progeny Systematic Equity Income,,https://www.direct.aviva.co.uk/wealth/FundChoice/SelfSelectFundsList/FundDetails/BM8F3M3/SelfSelectFund
3207,Margetts MGTS Progeny Systematic ProFolio 40 Class A Accumulation,,https://www.direct.aviva.co.uk/wealth/FundChoice/SelfSelectFundsList/FundDetails/BS5WKB7/SelfSelectFund
3208,Margetts MGTS Progeny Systematic ProFolio 40 Class A Income,,https://www.direct.aviva.co.uk/wealth/FundChoice/SelfSelectFundsList/FundDetails/BS5WK95/SelfSelectFund
3209,Margetts MGTS Progeny Systematic ProFolio 60 Class A Accumulation,,https://www.direct.aviva.co.uk/wealth/FundChoice/SelfSelectFundsList/FundDetails/BS5WKG2/SelfSelectFund
3210,Margetts MGTS Progeny Systematic ProFolio 60 Class A Income,,https://www.direct.aviva.co.uk/wealth/FundChoice/SelfSelectFundsList/FundDetails/BS5WKF1/SelfSelectFund
3211,Margetts MGTS Progeny Systematic ProFolio 80 Class A Accumulation,,https://www.direct.aviva.co.uk/wealth/FundChoice/SelfSelectFundsList/FundDetails/BS5WKL7/SelfSelectFund
3212,Margetts MGTS Progeny Systematic ProFolio 80 Class A Income,,https://www.direct.aviva.co.uk/wealth/FundChoice/SelfSelectFundsList/FundDetails/BS5WKK6/SelfSelectFund
3213,Margetts MGTS Progeny Systematic ProFolio Bond Accumulation Class Accumulation,,https://www.direct.aviva.co.uk/wealth/FundChoice/SelfSelectFundsList/FundDetails/BTRTPB8/SelfSelectFund
3214,Margetts MGTS Progeny Systematic ProFolio Bond Income Class Income,,https://www.direct.aviva.co.uk/wealth/FundChoice/SelfSelectFundsList/FundDetails/BTRTPC9/SelfSelectFund
3215,Margetts MGTS Progeny Systematic ProFolio Equity Accumulation Class Accumulation,,https://www.direct.aviva.co.uk/wealth/FundChoice/SelfSelectFundsList/FundDetails/BTRTPD0/SelfSelectFund
3216,Margetts MGTS Progeny Systematic ProFolio Equity Income Class Income,,https://www.direct.aviva.co.uk/wealth/FundChoice/SelfSelectFundsList/FundDetails/BTRTPF2/SelfSelectFund
3217,Margetts MGTS Qualis Defensive Class I Accumulation,,https://www.direct.aviva.co.uk/wealth/FundChoice/SelfSelectFundsList/FundDetails/BQ66LH7/SelfSelectFund
3218,Margetts MGTS Qualis Growth Class I Accumulation,,https://www.direct.aviva.co.uk/wealth/FundChoice/SelfSelectFundsList/FundDetails/BQ66LK0/SelfSelectFund
3219,Margetts MGTS SIIION Adventurous Class A Accumulation,,https://www.direct.aviva.co.uk/wealth/FundChoice/SelfSelectFundsList/FundDetails/BMZQ3T6/SelfSelectFund
3220,Margetts MGTS SIIION Balanced Class A Accumulation,,https://www.direct.aviva.co.uk/wealth/FundChoice/SelfSelectFundsList/FundDetails/BMZQ3V8/SelfSelectFund
3221,Margetts MGTS SIIION Cautious Class A Accumulation,,https://www.direct.aviva.co.uk/wealth/FundChoice/SelfSelectFundsList/FundDetails/BMZQ3W9/SelfSelectFund
3222,Margetts MGTS Sentinel Defensive Class B Accumulation,,https://www.direct.aviva.co.uk/wealth/FundChoice/SelfSelectFundsList/FundDetails/B7754B5/SelfSelectFund
3223,Margetts MGTS Sentinel Defensive Class B Income,,https://www.direct.aviva.co.uk/wealth/FundChoice/SelfSelectFundsList/FundDetails/B7N61Y4/SelfSelectFund
3224,Margetts MGTS Sentinel Enterprise Class B Accumulation,,https://www.direct.aviva.co.uk/wealth/FundChoice/SelfSelectFundsList/FundDetails/B7HJSF9/SelfSelectFund
3225,Margetts MGTS Sentinel Enterprise Class B Income,,https://www.direct.aviva.co.uk/wealth/FundChoice/SelfSelectFundsList/FundDetails/B50ZPV5/SelfSelectFund
3226,Margetts MGTS Sentinel Growth Class B Accumulation,,https://www.direct.aviva.co.uk/wealth/FundChoice/SelfSelectFundsList/FundDetails/BZ0P560/SelfSelectFund
3227,Margetts MGTS Sentinel Growth Class B Income,,https://www.direct.aviva.co.uk/wealth/FundChoice/SelfSelectFundsList/FundDetails/BZ0P559/SelfSelectFund
3228,Margetts MGTS Sentinel Navigator Class B Accumulation,,https://www.direct.aviva.co.uk/wealth/FundChoice/SelfSelectFundsList/FundDetails/BZ0P548/SelfSelectFund
3229,Margetts MGTS Sentinel Navigator Class B Income,,https://www.direct.aviva.co.uk/wealth/FundChoice/SelfSelectFundsList/FundDetails/BZ0P537/SelfSelectFund
3230,Margetts MGTS Sentinel Universal Class B Accumulation,,https://www.direct.aviva.co.uk/wealth/FundChoice/SelfSelectFundsList/FundDetails/B6X78T4/SelfSelectFund
3231,Margetts MGTS Sentinel Universal Class B Income,,https://www.direct.aviva.co.uk/wealth/FundChoice/SelfSelectFundsList/FundDetails/B5M7L99/SelfSelectFund
3232,Margetts MGTS St Johns High Income Property Accumulation,,https://www.direct.aviva.co.uk/wealth/FundChoice/SelfSelectFundsList/FundDetails/B877RN1/SelfSelectFund
3233,Margetts MGTS St Johns High Income Property Income,,https://www.direct.aviva.co.uk/wealth/FundChoice/SelfSelectFundsList/FundDetails/B8W3938/SelfSelectFund
3234,Margetts MGTS St. Johns Property Authorised Trust - Accumulation,,https://www.direct.aviva.co.uk/wealth/FundChoice/SelfSelectFundsList/FundDetails/BJFDXM9/SelfSelectFund
3235,Margetts MGTS St. Johns Property Authorised Trust - Income,,https://www.direct.aviva.co.uk/wealth/FundChoice/SelfSelectFundsList/FundDetails/BJFDXN0/SelfSelectFund
3236,Margetts MGTS Theia Defensive Income Fund Class A Accumulation,,https://www.direct.aviva.co.uk/wealth/FundChoice/SelfSelectFundsList/FundDetails/BTZN3H4/SelfSelectFund
3237,Margetts MGTS Theia Defensive Income Fund Class A Income,,https://www.direct.aviva.co.uk/wealth/FundChoice/SelfSelectFundsList/FundDetails/BTZN3J6/SelfSelectFund
3238,Margetts MGTS Theia Income and Growth Fund Class A Accumulation,,https://www.direct.aviva.co.uk/wealth/FundChoice/SelfSelectFundsList/FundDetails/BTZN3K7/SelfSelectFund
3239,Margetts MGTS Theia Income and Growth Fund Class A Income,,https://www.direct.aviva.co.uk/wealth/FundChoice/SelfSelectFundsList/FundDetails/BTZN3L8/SelfSelectFund
3240,Margetts MGTS Theia Monthly Income Fund Class A Accumulation,,https://www.direct.aviva.co.uk/wealth/FundChoice/SelfSelectFundsList/FundDetails/BSNQ378/SelfSelectFund
3241,Margetts MGTS Theia Monthly Income Fund Class A Income,,https://www.direct.aviva.co.uk/wealth/FundChoice/SelfSelectFundsList/FundDetails/BSNQ389/SelfSelectFund
3242,Margetts MGTS Vision Balanced Fund Class A Accumulation,,https://www.direct.aviva.co.uk/wealth/FundChoice/SelfSelectFundsList/FundDetails/BP69VV3/SelfSelectFund
3243,Margetts MGTS Vision Balanced Fund Class A Income,,https://www.direct.aviva.co.uk/wealth/FundChoice/SelfSelectFundsList/FundDetails/BP69VW4/SelfSelectFund
3244,Margetts MGTS Vision Cautious Fund Class A Accumulation,,https://www.direct.aviva.co.uk/wealth/FundChoice/SelfSelectFundsList/FundDetails/BTZN3C9/SelfSelectFund
3245,Margetts MGTS Vision Cautious Fund Class A Income,,https://www.direct.aviva.co.uk/wealth/FundChoice/SelfSelectFundsList/FundDetails/BTZN3D0/SelfSelectFund
3246,Margetts MGTS Vision Growth Fund Class A Accumulation,,https://www.direct.aviva.co.uk/wealth/FundChoice/SelfSelectFundsList/FundDetails/BTZN3F2/SelfSelectFund
3247,Margetts MGTS Vision Growth Fund Class A Income,,https://www.direct.aviva.co.uk/wealth/FundChoice/SelfSelectFundsList/FundDetails/BTZN3G3/SelfSelectFund
3248,Margetts MGTS Wealth Solutions Adventurous Accumulation,,https://www.direct.aviva.co.uk/wealth/FundChoice/SelfSelectFundsList/FundDetails/BLCVQS7/SelfSelectFund
3249,Margetts MGTS Wealth Solutions Balanced Accumulation,,https://www.direct.aviva.co.uk/wealth/FundChoice/SelfSelectFundsList/FundDetails/BLCVQY3/SelfSelectFund
3250,Margetts MGTS Wealth Solutions Defensive Accumulation,,https://www.direct.aviva.co.uk/wealth/FundChoice/SelfSelectFundsList/FundDetails/BLCVQW1/SelfSelectFund
3251,Margetts Providence Strategy Class R Accumulation,,https://www.direct.aviva.co.uk/wealth/FundChoice/SelfSelectFundsList/FundDetails/B4VR632/SelfSelectFund
3252,Margetts Providence Strategy Class S Accumulation,,https://www.direct.aviva.co.uk/wealth/FundChoice/SelfSelectFundsList/FundDetails/BJ7JPB8/SelfSelectFund
3253,Margetts Providence Strategy Class S Income,,https://www.direct.aviva.co.uk/wealth/FundChoice/SelfSelectFundsList/FundDetails/BJQR3P3/SelfSelectFund
3254,Margetts Select Strategy Class R Accumulation,,https://www.direct.aviva.co.uk/wealth/FundChoice/SelfSelectFundsList/FundDetails/B8K0B57/SelfSelectFund
3255,Margetts Select Strategy Class S Accumulation,,https://www.direct.aviva.co.uk/wealth/FundChoice/SelfSelectFundsList/FundDetails/BJ7JPC9/SelfSelectFund
3256,Margetts Venture Strategy Class R Accumulation,,https://www.direct.aviva.co.uk/wealth/FundChoice/SelfSelectFundsList/FundDetails/B6VBDR1/SelfSelectFund
3257,Margetts Venture Strategy Class S Accumulation,,https://www.direct.aviva.co.uk/wealth/FundChoice/SelfSelectFundsList/FundDetails/BJQR3R5/SelfSelectFund
3258,Matthews Asia Asia Discovery Class I Accumulation,,https://www.direct.aviva.co.uk/wealth/FundChoice/SelfSelectFundsList/FundDetails/BLRZYX5/SelfSelectFund
3259,Matthews Asia Asia ex Japan Total Return Equity Class I Accumulation,,https://www.direct.aviva.co.uk/wealth/FundChoice/SelfSelectFundsList/FundDetails/BYRP9K8/SelfSelectFund
3260,Matthews Asia Asia ex Japan Total Return Equity Class I Income,,https://www.direct.aviva.co.uk/wealth/FundChoice/SelfSelectFundsList/FundDetails/BYRP9L9/SelfSelectFund
3261,Matthews Asia China Class I Accumulation,,https://www.direct.aviva.co.uk/wealth/FundChoice/SelfSelectFundsList/FundDetails/B4627Y0/SelfSelectFund
3262,Matthews Asia China Discovery Class I Accumulation,,https://www.direct.aviva.co.uk/wealth/FundChoice/SelfSelectFundsList/FundDetails/BJN4L97/SelfSelectFund
3263,Matthews Asia Emerging Markets Discovery Class I Accumulation,,https://www.direct.aviva.co.uk/wealth/FundChoice/SelfSelectFundsList/FundDetails/BKPLVJ3/SelfSelectFund
3264,Matthews Asia Emerging Markets Equity Class I Accumulation,,https://www.direct.aviva.co.uk/wealth/FundChoice/SelfSelectFundsList/FundDetails/BKPLVD7/SelfSelectFund
3265,Matthews Asia Emerging Markets ex China Equity Class I Accumulation GBP Accumulation,,https://www.direct.aviva.co.uk/wealth/FundChoice/SelfSelectFundsList/FundDetails/BKPLVG0/SelfSelectFund
3266,Matthews Asia India Class I Accumulation,,https://www.direct.aviva.co.uk/wealth/FundChoice/SelfSelectFundsList/FundDetails/B3SWSK4/SelfSelectFund
3267,Matthews Asia Japan Class I Accumulation,,https://www.direct.aviva.co.uk/wealth/FundChoice/SelfSelectFundsList/FundDetails/BWX5XY0/SelfSelectFund
3268,Matthews Asia Pacific Tiger Class I Accumulation,,https://www.direct.aviva.co.uk/wealth/FundChoice/SelfSelectFundsList/FundDetails/B468PQ6/SelfSelectFund
3269,Matthews Asia Pacific Tiger Class I Income,,https://www.direct.aviva.co.uk/wealth/FundChoice/SelfSelectFundsList/FundDetails/B4QM9J9/SelfSelectFund
3270,McInroy & Wood Balanced Income Class Income,,https://www.direct.aviva.co.uk/wealth/FundChoice/SelfSelectFundsList/FundDetails/B7RRJ16/SelfSelectFund
3271,McInroy & Wood Emerging Markets Income Class Income,,https://www.direct.aviva.co.uk/wealth/FundChoice/SelfSelectFundsList/FundDetails/B7SKS40/SelfSelectFund
3272,McInroy & Wood Income Income Class Income,,https://www.direct.aviva.co.uk/wealth/FundChoice/SelfSelectFundsList/FundDetails/B8KQRW4/SelfSelectFund
3273,McInroy & Wood Smaller Companies Income Class Income,,https://www.direct.aviva.co.uk/wealth/FundChoice/SelfSelectFundsList/FundDetails/B8NC4D9/SelfSelectFund
3274,Minerva Fund Management Solutions Limite MF Eclipse Active Adventurous - Accumulation,,https://www.direct.aviva.co.uk/wealth/FundChoice/SelfSelectFundsList/FundDetails/BPW5RX9/SelfSelectFund
3275,Minerva Fund Management Solutions Limite MF Eclipse Active Defensive - Accumulation,,https://www.direct.aviva.co.uk/wealth/FundChoice/SelfSelectFundsList/FundDetails/BPW5RW8/SelfSelectFund
3276,Minerva Fund Management Solutions Limite MF Eclipse Passive Adventurous - Accumulation,,https://www.direct.aviva.co.uk/wealth/FundChoice/SelfSelectFundsList/FundDetails/BPW5RZ1/SelfSelectFund
3277,Minerva Fund Management Solutions Limite MF Eclipse Passive Defensive - Accumulation,,https://www.direct.aviva.co.uk/wealth/FundChoice/SelfSelectFundsList/FundDetails/BPW5RY0/SelfSelectFund
3278,Minerva Fund Management Solutions Limite MF Vela Adventurous - Accumulation,,https://www.direct.aviva.co.uk/wealth/FundChoice/SelfSelectFundsList/FundDetails/BMWTWD5/SelfSelectFund
3279,Minerva Fund Management Solutions Limite MF Vela Defensive - Accumulation,,https://www.direct.aviva.co.uk/wealth/FundChoice/SelfSelectFundsList/FundDetails/BMWTWJ1/SelfSelectFund
3280,Mirabaud Discovery Europe Class D Cap GBP Accumulation,,https://www.direct.aviva.co.uk/wealth/FundChoice/SelfSelectFundsList/FundDetails/BYZXMC7/SelfSelectFund
3281,Mirabaud Discovery Europe Class G cap GBP Accumulation,,https://www.direct.aviva.co.uk/wealth/FundChoice/SelfSelectFundsList/FundDetails/BMTQFK7/SelfSelectFund
3282,Mirabaud Discovery Europe Ex-UK Class D Cap GBP Accumulation,,https://www.direct.aviva.co.uk/wealth/FundChoice/SelfSelectFundsList/FundDetails/BYZY275/SelfSelectFund
3283,Mirabaud Discovery Europe Ex-UK Class DH Cap GBP Accumulation,,https://www.direct.aviva.co.uk/wealth/FundChoice/SelfSelectFundsList/FundDetails/BYZY2Q4/SelfSelectFund
3284,Mirabaud Discovery Europe Ex-UK Class G Cap GBP Accumulation,,https://www.direct.aviva.co.uk/wealth/FundChoice/SelfSelectFundsList/FundDetails/BMTQFJ6/SelfSelectFund
3285,Mirabaud Equities Swiss Small and Mid Class D Cap GBP Accumulation,,https://www.direct.aviva.co.uk/wealth/FundChoice/SelfSelectFundsList/FundDetails/BPCX0Z6/SelfSelectFund
3286,Mirabaud Global Dividend Class G cap GBP Accumulation,,https://www.direct.aviva.co.uk/wealth/FundChoice/SelfSelectFundsList/FundDetails/BMTQFL8/SelfSelectFund
3287,Mirabaud Global Emerging Market Bond Class DH Cap GBP Accumulation,,https://www.direct.aviva.co.uk/wealth/FundChoice/SelfSelectFundsList/FundDetails/BDFW1M0/SelfSelectFund
3288,Mirabaud Global Emerging Market Bond Class DH Dist GBP Income,,https://www.direct.aviva.co.uk/wealth/FundChoice/SelfSelectFundsList/FundDetails/BDFW1N1/SelfSelectFund
3289,Mirabaud Global Focus Class G cap GBP Accumulation,,https://www.direct.aviva.co.uk/wealth/FundChoice/SelfSelectFundsList/FundDetails/BMTQFN0/SelfSelectFund
3290,Mirabaud Global Strategic Bond Class GH cap GBP Accumulation,,https://www.direct.aviva.co.uk/wealth/FundChoice/SelfSelectFundsList/FundDetails/BMTQFP2/SelfSelectFund
3291,Mirabaud Sustainable Convertibles Global Class DH Cap GBP Accumulation,,https://www.direct.aviva.co.uk/wealth/FundChoice/SelfSelectFundsList/FundDetails/BN7ZKC0/SelfSelectFund
3292,Mirabaud Sustainable Global Focus Class D Cap GBP Accumulation,,https://www.direct.aviva.co.uk/wealth/FundChoice/SelfSelectFundsList/FundDetails/BWX5V24/SelfSelectFund
3293,Mirabaud Sustainable Global High Dividend Class D Cap GBP Accumulation,,https://www.direct.aviva.co.uk/wealth/FundChoice/SelfSelectFundsList/FundDetails/BN7ZKP3/SelfSelectFund
3294,Mirabaud Sustainable Global High Dividend Class D Dist GBP Accumulation,,https://www.direct.aviva.co.uk/wealth/FundChoice/SelfSelectFundsList/FundDetails/BN7ZKQ4/SelfSelectFund
3295,Mirabaud Sustainable Global High Yield Bonds Class DH Cap GBP Accumulation,,https://www.direct.aviva.co.uk/wealth/FundChoice/SelfSelectFundsList/FundDetails/BFCBLC4/SelfSelectFund
3296,Mirabaud Sustainable Global High Yield Bonds Class DH Dist GBP Income,,https://www.direct.aviva.co.uk/wealth/FundChoice/SelfSelectFundsList/FundDetails/BFCBLD5/SelfSelectFund
3297,Mirabaud Sustainable Global Strategic Bond Class DH Cap GBP Accumulation,,https://www.direct.aviva.co.uk/wealth/FundChoice/SelfSelectFundsList/FundDetails/BJ4WYC4/SelfSelectFund
3298,Momentum Curate Global Sustainable Equity Class R Accumulation,,https://www.direct.aviva.co.uk/wealth/FundChoice/SelfSelectFundsList/FundDetails/BM9CLD0/SelfSelectFund
3299,MontLake Collidr Adaptive Global Equity UCITS Class A Accumulation,,https://www.direct.aviva.co.uk/wealth/FundChoice/SelfSelectFundsList/FundDetails/BZ1NRQ7/SelfSelectFund
3300,MontLake Collidr Global Growth Strategy UCITS Founder Class Shares Accumulation,,https://www.direct.aviva.co.uk/wealth/FundChoice/SelfSelectFundsList/FundDetails/BYW6VX3/SelfSelectFund
3301,MontLake DUNN WMA Institutional UCITS Class A Pooled Inst Accumulation,,https://www.direct.aviva.co.uk/wealth/FundChoice/SelfSelectFundsList/FundDetails/BYZJ5H1/SelfSelectFund
3302,MontLake Nutshell Growth Fund Class I Accumulation,,https://www.direct.aviva.co.uk/wealth/FundChoice/SelfSelectFundsList/FundDetails/BLP46Q1/SelfSelectFund
3303,Montanaro Montanaro Better World Fund GBP Class Income,,https://www.direct.aviva.co.uk/wealth/FundChoice/SelfSelectFundsList/FundDetails/BYWFFF0/SelfSelectFund
3304,Montanaro Montanaro European Income Fund GBP Class Accumulation,,https://www.direct.aviva.co.uk/wealth/FundChoice/SelfSelectFundsList/FundDetails/BFFK9M4/SelfSelectFund
3305,Montanaro Montanaro European Income Fund GBP Class Income,,https://www.direct.aviva.co.uk/wealth/FundChoice/SelfSelectFundsList/FundDetails/B3Q8KY2/SelfSelectFund
3306,Montanaro Montanaro European Smaller Companies Fund GBP Institutional Class Income,,https://www.direct.aviva.co.uk/wealth/FundChoice/SelfSelectFundsList/FundDetails/B3V9KZ1/SelfSelectFund
3307,Montanaro Montanaro UK Income Fund GBP Class Accumulation,,https://www.direct.aviva.co.uk/wealth/FundChoice/SelfSelectFundsList/FundDetails/BFFK9L3/SelfSelectFund
3308,Montanaro Montanaro UK Income Fund GBP Class Income,,https://www.direct.aviva.co.uk/wealth/FundChoice/SelfSelectFundsList/FundDetails/BYSRYZ3/SelfSelectFund
3309,Morant Wright Morant Wright Fuji Yield Sterling Distribution Hedged Income,,https://www.direct.aviva.co.uk/wealth/FundChoice/SelfSelectFundsList/FundDetails/BYWNV67/SelfSelectFund
3310,Morant Wright Morant Wright Sakura GBP Acc Hedged Class Accumulation,,https://www.direct.aviva.co.uk/wealth/FundChoice/SelfSelectFundsList/FundDetails/B840XH9/SelfSelectFund
3311,Morant Wright Morant Wright Sakura GBP Dist Unhedged Class Income,,https://www.direct.aviva.co.uk/wealth/FundChoice/SelfSelectFundsList/FundDetails/BYWNV34/SelfSelectFund
3312,Morant Wright WS Morant Wright Japan Class B Accumulation,,https://www.direct.aviva.co.uk/wealth/FundChoice/SelfSelectFundsList/FundDetails/3301012/SelfSelectFund
3313,Morant Wright WS Morant Wright Japan Class B Income,,https://www.direct.aviva.co.uk/wealth/FundChoice/SelfSelectFundsList/FundDetails/3359806/SelfSelectFund
3314,Morant Wright WS Morant Wright Nippon Yield Class B Accumulation,,https://www.direct.aviva.co.uk/wealth/FundChoice/SelfSelectFundsList/FundDetails/B42MKS9/SelfSelectFund
3315,Morant Wright WS Morant Wright Nippon Yield Class B Income,,https://www.direct.aviva.co.uk/wealth/FundChoice/SelfSelectFundsList/FundDetails/B2R83B2/SelfSelectFund
3316,Morgan Stanley Asia Opportunity Class I Accumulation,,https://www.direct.aviva.co.uk/wealth/FundChoice/SelfSelectFundsList/FundDetails/BYXTX91/SelfSelectFund
3317,Morgan Stanley Asia Opportunity Class Z Accumulation,,https://www.direct.aviva.co.uk/wealth/FundChoice/SelfSelectFundsList/FundDetails/BYXTX79/SelfSelectFund
3318,Morgan Stanley Asia Opportunity Class ZH (GBP) Accumulation,,https://www.direct.aviva.co.uk/wealth/FundChoice/SelfSelectFundsList/FundDetails/BYXTXB3/SelfSelectFund
3319,Morgan Stanley Emerging Leaders Equity Class ZH Accumulation,,https://www.direct.aviva.co.uk/wealth/FundChoice/SelfSelectFundsList/FundDetails/BYV81B8/SelfSelectFund
3320,Morgan Stanley Emerging Markets Debt Opportunities Z Income,,https://www.direct.aviva.co.uk/wealth/FundChoice/SelfSelectFundsList/FundDetails/BQ98SR9/SelfSelectFund
3321,Morgan Stanley Emerging Markets Debt Opportunities ZH Acc Accumulation,,https://www.direct.aviva.co.uk/wealth/FundChoice/SelfSelectFundsList/FundDetails/BQ98SM4/SelfSelectFund
3322,Morgan Stanley Emerging Markets Debt Opportunities ZHR Inc Income,,https://www.direct.aviva.co.uk/wealth/FundChoice/SelfSelectFundsList/FundDetails/BLCXWT6/SelfSelectFund
3323,Morgan Stanley Emerging Markets Local Inc ZH (GBP) Income,,https://www.direct.aviva.co.uk/wealth/FundChoice/SelfSelectFundsList/FundDetails/BQ98TJ8/SelfSelectFund
3324,Morgan Stanley Funds (UK) Calvert Fixed Income Opportunities Class I Income,,https://www.direct.aviva.co.uk/wealth/FundChoice/SelfSelectFundsList/FundDetails/BNKVPF3/SelfSelectFund
3325,Morgan Stanley Funds (UK) Global Brands Class I Accumulation,,https://www.direct.aviva.co.uk/wealth/FundChoice/SelfSelectFundsList/FundDetails/3248249/SelfSelectFund
3326,Morgan Stanley Funds (UK) Global Brands Class I Hedged Accumulation,,https://www.direct.aviva.co.uk/wealth/FundChoice/SelfSelectFundsList/FundDetails/BJNQ8J2/SelfSelectFund
3327,Morgan Stanley Funds (UK) Global Brands Class I Hedged Income,,https://www.direct.aviva.co.uk/wealth/FundChoice/SelfSelectFundsList/FundDetails/BJNQ8K3/SelfSelectFund
3328,Morgan Stanley Funds (UK) Global Brands Class I Income,,https://www.direct.aviva.co.uk/wealth/FundChoice/SelfSelectFundsList/FundDetails/B45K057/SelfSelectFund
3329,Morgan Stanley Funds (UK) Global Brands Equity Income Class I Accumulation,,https://www.direct.aviva.co.uk/wealth/FundChoice/SelfSelectFundsList/FundDetails/BZ4CG42/SelfSelectFund
3330,Morgan Stanley Funds (UK) Global Brands Equity Income Class I Income,,https://www.direct.aviva.co.uk/wealth/FundChoice/SelfSelectFundsList/FundDetails/BZ4CG53/SelfSelectFund
3331,Morgan Stanley Funds (UK) Global Corporate Bond Class I Accumulation,,https://www.direct.aviva.co.uk/wealth/FundChoice/SelfSelectFundsList/FundDetails/BNTD1X0/SelfSelectFund
3332,Morgan Stanley Funds (UK) Global Government Bond Class I Accumulation,,https://www.direct.aviva.co.uk/wealth/FundChoice/SelfSelectFundsList/FundDetails/BNTD215/SelfSelectFund
3333,Morgan Stanley Funds (UK) Global Quality Select Class I Accumulation,,https://www.direct.aviva.co.uk/wealth/FundChoice/SelfSelectFundsList/FundDetails/BJNQ0V8/SelfSelectFund
3334,Morgan Stanley Funds (UK) Global Quality Select Class I Hedged Accumulation,,https://www.direct.aviva.co.uk/wealth/FundChoice/SelfSelectFundsList/FundDetails/BK0WFV1/SelfSelectFund
3335,Morgan Stanley Funds (UK) Sterling Corporate Bond Class I Accumulation,,https://www.direct.aviva.co.uk/wealth/FundChoice/SelfSelectFundsList/FundDetails/0475749/SelfSelectFund
3336,Morgan Stanley Funds (UK) Sterling Corporate Bond Class I Income,,https://www.direct.aviva.co.uk/wealth/FundChoice/SelfSelectFundsList/FundDetails/3248733/SelfSelectFund
3337,Morgan Stanley Funds (UK) US Advantage Class I Accumulation,,https://www.direct.aviva.co.uk/wealth/FundChoice/SelfSelectFundsList/FundDetails/BZ4CG75/SelfSelectFund
3338,Morgan Stanley Funds (UK) US Advantage Class I Hedged Accumulation,,https://www.direct.aviva.co.uk/wealth/FundChoice/SelfSelectFundsList/FundDetails/BK0WFX3/SelfSelectFund
3339,Morgan Stanley Global Asset Backed Securities Class ZHX Accumulation,,https://www.direct.aviva.co.uk/wealth/FundChoice/SelfSelectFundsList/FundDetails/BG0Z7H2/SelfSelectFund
3340,Morgan Stanley Global Balanced Risk Control Fund Class ZH Accumulation,,https://www.direct.aviva.co.uk/wealth/FundChoice/SelfSelectFundsList/FundDetails/BYPZK41/SelfSelectFund
3341,Morgan Stanley Global Brands Class ZH (GBP) Accumulation,,https://www.direct.aviva.co.uk/wealth/FundChoice/SelfSelectFundsList/FundDetails/B3X7LQ1/SelfSelectFund
3342,Morgan Stanley Global Brands Class ZHR Accumulation,,https://www.direct.aviva.co.uk/wealth/FundChoice/SelfSelectFundsList/FundDetails/BYQPZV2/SelfSelectFund
3343,Morgan Stanley Global Brands Equity Income Class ZH Accumulation,,https://www.direct.aviva.co.uk/wealth/FundChoice/SelfSelectFundsList/FundDetails/BYWVY40/SelfSelectFund
3344,Morgan Stanley Global Convertible Bond Class ZH Accumulation,,https://www.direct.aviva.co.uk/wealth/FundChoice/SelfSelectFundsList/FundDetails/BYWVY39/SelfSelectFund
3345,Morgan Stanley Global Credit Class ZH Accumulation,,https://www.direct.aviva.co.uk/wealth/FundChoice/SelfSelectFundsList/FundDetails/BFYF179/SelfSelectFund
3346,Morgan Stanley Global Fixed Income Opportunities Class ZXR Income,,https://www.direct.aviva.co.uk/wealth/FundChoice/SelfSelectFundsList/FundDetails/BZ1H093/SelfSelectFund
3347,Morgan Stanley Global Opportunity Class I Accumulation,,https://www.direct.aviva.co.uk/wealth/FundChoice/SelfSelectFundsList/FundDetails/B88KVY8/SelfSelectFund
3348,Morgan Stanley Global Sustain Class IH Accumulation,,https://www.direct.aviva.co.uk/wealth/FundChoice/SelfSelectFundsList/FundDetails/BKFHFD3/SelfSelectFund
3349,Morgan Stanley Sustainable High Yield Bond Class ZH Accumulation,,https://www.direct.aviva.co.uk/wealth/FundChoice/SelfSelectFundsList/FundDetails/BQNKCR9/SelfSelectFund
3350,Morgan Stanley Systematic Liquid Alpha Class Z Accumulation,,https://www.direct.aviva.co.uk/wealth/FundChoice/SelfSelectFundsList/FundDetails/BPG9HD7/SelfSelectFund
3351,Morgan Stanley Systematic Liquid Alpha Class ZH Accumulation,,https://www.direct.aviva.co.uk/wealth/FundChoice/SelfSelectFundsList/FundDetails/BRK0H30/SelfSelectFund
3352,Morgan Stanley US Advantage Class Z Accumulation,,https://www.direct.aviva.co.uk/wealth/FundChoice/SelfSelectFundsList/FundDetails/B618HJ2/SelfSelectFund
3353,Morgan Stanley US Advantage Class ZH Accumulation,,https://www.direct.aviva.co.uk/wealth/FundChoice/SelfSelectFundsList/FundDetails/BYV8185/SelfSelectFund
3354,Morgan Stanley US Growth Class ZHX Accumulation,,https://www.direct.aviva.co.uk/wealth/FundChoice/SelfSelectFundsList/FundDetails/BG0Z7F0/SelfSelectFund
3355,Multiconcept Fund Management S.A. Invest Listed Private Equity Income,,https://www.direct.aviva.co.uk/wealth/FundChoice/SelfSelectFundsList/FundDetails/B5V35Y1/SelfSelectFund
3356,Muzinich Muzinich Asia Credit Opportunities Fund Class H Hedged Income,,https://www.direct.aviva.co.uk/wealth/FundChoice/SelfSelectFundsList/FundDetails/BYMD5M1/SelfSelectFund
3357,Muzinich Muzinich Emerging Markets Short Duration Fund Class GBP A Hedged Accumulation,,https://www.direct.aviva.co.uk/wealth/FundChoice/SelfSelectFundsList/FundDetails/BFNXVZ2/SelfSelectFund
3358,Muzinich Muzinich Emerging Markets Short Duration Fund Class GBP A Hedged Inc Income,,https://www.direct.aviva.co.uk/wealth/FundChoice/SelfSelectFundsList/FundDetails/BFNXW04/SelfSelectFund
3359,Muzinich Muzinich Enhancedyield Fund Class A Hedged Income,,https://www.direct.aviva.co.uk/wealth/FundChoice/SelfSelectFundsList/FundDetails/3375932/SelfSelectFund
3360,Muzinich Muzinich Europeyield Fund Class A Hedged Accumulation,,https://www.direct.aviva.co.uk/wealth/FundChoice/SelfSelectFundsList/FundDetails/B643J65/SelfSelectFund
3361,Muzinich Muzinich Europeyield Fund Class A Hedged Income,,https://www.direct.aviva.co.uk/wealth/FundChoice/SelfSelectFundsList/FundDetails/BJVWTD3/SelfSelectFund
3362,Muzinich Muzinich Global Short Duration Investment Grade Fund Class Accumulation H Hedged Accumulation,,https://www.direct.aviva.co.uk/wealth/FundChoice/SelfSelectFundsList/FundDetails/BJCXFP9/SelfSelectFund
3363,Muzinich Muzinich Global Short Duration Investment Grade Fund Class GBP Income H Hedged Income,,https://www.direct.aviva.co.uk/wealth/FundChoice/SelfSelectFundsList/FundDetails/BJCXFT3/SelfSelectFund
3364,Muzinich Muzinich Global Tactical Credit Fund Class GBP H Hedged Accumulation,,https://www.direct.aviva.co.uk/wealth/FundChoice/SelfSelectFundsList/FundDetails/BTDCRG0/SelfSelectFund
3365,Muzinich Muzinich Global Tactical Credit Fund Class GBP H Hedged Income,,https://www.direct.aviva.co.uk/wealth/FundChoice/SelfSelectFundsList/FundDetails/BYV1C69/SelfSelectFund
3366,Muzinich Muzinich Long Short Credit Yield Fund Class N GBP Accumulation Hedged Accumulation,,https://www.direct.aviva.co.uk/wealth/FundChoice/SelfSelectFundsList/FundDetails/BH3WKW3/SelfSelectFund
3367,Muzinich Muzinich Long Short Credit Yield Fund Class N GBP Income Hedged Income,,https://www.direct.aviva.co.uk/wealth/FundChoice/SelfSelectFundsList/FundDetails/BYN6DR0/SelfSelectFund
3368,Muzinich Muzinich Market Duration Enhancedyield Fund Class GBP Income S Hedged Income,,https://www.direct.aviva.co.uk/wealth/FundChoice/SelfSelectFundsList/FundDetails/B4PL7R1/SelfSelectFund
3369,Muzinich Muzinich Short Duration High Yield Fund Class H Hedged GBP Accumulation,,https://www.direct.aviva.co.uk/wealth/FundChoice/SelfSelectFundsList/FundDetails/B96JH24/SelfSelectFund
3370,Muzinich Muzinich Short Duration High Yield Fund Class H Hedged GBP Income,,https://www.direct.aviva.co.uk/wealth/FundChoice/SelfSelectFundsList/FundDetails/B96JNQ0/SelfSelectFund
3371,Natixis Loomis Sayles Global Growth Equity Class N1/A (GBP) Accumulation,,https://www.direct.aviva.co.uk/wealth/FundChoice/SelfSelectFundsList/FundDetails/BGR7G41/SelfSelectFund
3372,Natixis Mirova Euro Green & Sustainable Corporate Bond Class N H Accumulation,,https://www.direct.aviva.co.uk/wealth/FundChoice/SelfSelectFundsList/FundDetails/BMWS3M8/SelfSelectFund
3373,Natixis Mirova Euro Short Term Sustainable Bond Class N/A Hedged Accumulation,,https://www.direct.aviva.co.uk/wealth/FundChoice/SelfSelectFundsList/FundDetails/BNKD902/SelfSelectFund
3374,Natixis Mirova Global Sustainable Equity N1R/A-NPF GBP Accumulation,,https://www.direct.aviva.co.uk/wealth/FundChoice/SelfSelectFundsList/FundDetails/BR85ZV1/SelfSelectFund
3375,Natixis TM Harris Associates Global Concentrated Equity Class N/A Accumulation,,https://www.direct.aviva.co.uk/wealth/FundChoice/SelfSelectFundsList/FundDetails/BN40501/SelfSelectFund
3376,Natixis TM Natixis Loomis Sayles U.S. Equity Leaders N/A Accumulation,,https://www.direct.aviva.co.uk/wealth/FundChoice/SelfSelectFundsList/FundDetails/B8L3WZ2/SelfSelectFund
3377,Nedgroup Investments Global Flexible Class C Accumulation,,https://www.direct.aviva.co.uk/wealth/FundChoice/SelfSelectFundsList/FundDetails/BW0D8B9/SelfSelectFund
3378,Neuberger Berman Commodities Fund Class I Unhedged Accumulation,,https://www.direct.aviva.co.uk/wealth/FundChoice/SelfSelectFundsList/FundDetails/BQ2JGV9/SelfSelectFund
3379,Neuberger Berman Corporate Hybrid Bond Fund Class I Accumulation,,https://www.direct.aviva.co.uk/wealth/FundChoice/SelfSelectFundsList/FundDetails/BYMJ8V9/SelfSelectFund
3380,Neuberger Berman EMD Corporate – Social and Environmental Transition Fund Class I Accumulation,,https://www.direct.aviva.co.uk/wealth/FundChoice/SelfSelectFundsList/FundDetails/B984KJ5/SelfSelectFund
3381,Neuberger Berman Emerging Market Debt - Hard Currency Fund Class I Accumulation,,https://www.direct.aviva.co.uk/wealth/FundChoice/SelfSelectFundsList/FundDetails/BDDNB70/SelfSelectFund
3382,Neuberger Berman Emerging Market Debt - Hard Currency Fund Class I Income,,https://www.direct.aviva.co.uk/wealth/FundChoice/SelfSelectFundsList/FundDetails/BZ1D240/SelfSelectFund
3383,Neuberger Berman Emerging Market Debt Blend Fund Class I (Hedged) Income,,https://www.direct.aviva.co.uk/wealth/FundChoice/SelfSelectFundsList/FundDetails/BK4YYW7/SelfSelectFund
3384,Neuberger Berman Emerging Market Debt Blend Fund Class I Accumulation,,https://www.direct.aviva.co.uk/wealth/FundChoice/SelfSelectFundsList/FundDetails/BK4YYR2/SelfSelectFund
3385,Neuberger Berman Emerging Markets Equity Fund Class I Accumulation,,https://www.direct.aviva.co.uk/wealth/FundChoice/SelfSelectFundsList/FundDetails/B3SC558/SelfSelectFund
3386,Neuberger Berman High Yield Bond Fund Class I Accumulation,,https://www.direct.aviva.co.uk/wealth/FundChoice/SelfSelectFundsList/FundDetails/B1G9WC3/SelfSelectFund
3387,Neuberger Berman High Yield Bond Fund Class I Income,,https://www.direct.aviva.co.uk/wealth/FundChoice/SelfSelectFundsList/FundDetails/B1G9WJ0/SelfSelectFund
3388,Neuberger Berman Japan Equity Engagement Fund Class P Unhedged Accumulation,,https://www.direct.aviva.co.uk/wealth/FundChoice/SelfSelectFundsList/FundDetails/BNDXG42/SelfSelectFund
3389,Neuberger Berman Short Duration Emerging Market Debt Fund Class P Accumulation,,https://www.direct.aviva.co.uk/wealth/FundChoice/SelfSelectFundsList/FundDetails/BGV7J26/SelfSelectFund
3390,Neuberger Berman Short Duration High Yield Engagement Fund Class I Accumulation,,https://www.direct.aviva.co.uk/wealth/FundChoice/SelfSelectFundsList/FundDetails/B7FN4H7/SelfSelectFund
3391,Neuberger Berman Short Duration High Yield Engagement Fund Class I Income,,https://www.direct.aviva.co.uk/wealth/FundChoice/SelfSelectFundsList/FundDetails/B7FN4M2/SelfSelectFund
3392,Neuberger Berman US Equity Premium Fund Class I Unhedged Accumulation,,https://www.direct.aviva.co.uk/wealth/FundChoice/SelfSelectFundsList/FundDetails/BYWPKN3/SelfSelectFund
3393,Neuberger Berman US Equity Premium Fund Class P Income,,https://www.direct.aviva.co.uk/wealth/FundChoice/SelfSelectFundsList/FundDetails/BMDHJT3/SelfSelectFund
3394,Neuberger Berman US Small Cap Intrinsic Value Fund Class I Unhedged Accumulation,,https://www.direct.aviva.co.uk/wealth/FundChoice/SelfSelectFundsList/FundDetails/BLR75F0/SelfSelectFund
3395,New Capital Asia Future Leaders GBP Acc Accumulation,,https://www.direct.aviva.co.uk/wealth/FundChoice/SelfSelectFundsList/FundDetails/BGDW026/SelfSelectFund
3396,New Capital Asia Future Leaders GBP D Hedged Inc Income,,https://www.direct.aviva.co.uk/wealth/FundChoice/SelfSelectFundsList/FundDetails/00YYDLF/SelfSelectFund
3397,New Capital Dynamic European Equity GBP Inc Accumulation,,https://www.direct.aviva.co.uk/wealth/FundChoice/SelfSelectFundsList/FundDetails/BWSW4Y3/SelfSelectFund
3398,New Capital Dynamic European Equity GBP Inc Income,,https://www.direct.aviva.co.uk/wealth/FundChoice/SelfSelectFundsList/FundDetails/B5305J5/SelfSelectFund
3399,New Capital Dynamic UK Equity GBP Acc Accumulation,,https://www.direct.aviva.co.uk/wealth/FundChoice/SelfSelectFundsList/FundDetails/BD6P6Z6/SelfSelectFund
3400,New Capital Dynamic UK Equity GBP Acc Income,,https://www.direct.aviva.co.uk/wealth/FundChoice/SelfSelectFundsList/FundDetails/BD6P6Y5/SelfSelectFund
3401,New Capital Euro Value Credit GBP Inc Income,,https://www.direct.aviva.co.uk/wealth/FundChoice/SelfSelectFundsList/FundDetails/BF2B373/SelfSelectFund
3402,New Capital Global Alpha GBP Acc Accumulation,,https://www.direct.aviva.co.uk/wealth/FundChoice/SelfSelectFundsList/FundDetails/BD6P731/SelfSelectFund
3403,New Capital Global Balanced GBP Acc Accumulation,,https://www.direct.aviva.co.uk/wealth/FundChoice/SelfSelectFundsList/FundDetails/BGDWF76/SelfSelectFund
3404,New Capital Global Balanced GBP Acc Income,,https://www.direct.aviva.co.uk/wealth/FundChoice/SelfSelectFundsList/FundDetails/BGDWF87/SelfSelectFund
3405,New Capital Global Convertible Bond GBP Acc Accumulation,,https://www.direct.aviva.co.uk/wealth/FundChoice/SelfSelectFundsList/FundDetails/BK9WQ08/SelfSelectFund
3406,New Capital Global Convertible Bond GBP Acc Income,,https://www.direct.aviva.co.uk/wealth/FundChoice/SelfSelectFundsList/FundDetails/BL0KY04/SelfSelectFund
3407,New Capital Global Equity Conviction GBP Acc Accumulation,,https://www.direct.aviva.co.uk/wealth/FundChoice/SelfSelectFundsList/FundDetails/BWGC5T7/SelfSelectFund
3408,New Capital Global Equity Conviction GBP Inc Income,,https://www.direct.aviva.co.uk/wealth/FundChoice/SelfSelectFundsList/FundDetails/BWGC5S6/SelfSelectFund
3409,New Capital Global Equity Income GBP Unhedged Accumulation,,https://www.direct.aviva.co.uk/wealth/FundChoice/SelfSelectFundsList/FundDetails/BMC4XB5/SelfSelectFund
3410,New Capital Global Equity Income GBP Unhedged Income,,https://www.direct.aviva.co.uk/wealth/FundChoice/SelfSelectFundsList/FundDetails/BMC4TZ1/SelfSelectFund
3411,New Capital Global Value Credit GBP Inc Accumulation,,https://www.direct.aviva.co.uk/wealth/FundChoice/SelfSelectFundsList/FundDetails/3311668/SelfSelectFund
3412,New Capital Global Value Credit GBP Inc Income,,https://www.direct.aviva.co.uk/wealth/FundChoice/SelfSelectFundsList/FundDetails/B3LM8Q7/SelfSelectFund
3413,New Capital Strategic Portfolio UCITS GBP Inc Accumulation,,https://www.direct.aviva.co.uk/wealth/FundChoice/SelfSelectFundsList/FundDetails/BTJRLV2/SelfSelectFund
3414,New Capital Strategic Portfolio UCITS GBP Inc Income,,https://www.direct.aviva.co.uk/wealth/FundChoice/SelfSelectFundsList/FundDetails/BTJRLW3/SelfSelectFund
3415,New Capital Sustainable World High Yield Bond Fund GBP Accumulation,,https://www.direct.aviva.co.uk/wealth/FundChoice/SelfSelectFundsList/FundDetails/BMQ81V9/SelfSelectFund
3416,New Capital Sustainable World High Yield Bond Fund GBP Income,,https://www.direct.aviva.co.uk/wealth/FundChoice/SelfSelectFundsList/FundDetails/BMQ81W0/SelfSelectFund
3417,New Capital Swiss Select Equity GBP Unhedged Acc Accumulation,,https://www.direct.aviva.co.uk/wealth/FundChoice/SelfSelectFundsList/FundDetails/BJFL7V0/SelfSelectFund
3418,New Capital US Future Leaders GBP Acc Accumulation,,https://www.direct.aviva.co.uk/wealth/FundChoice/SelfSelectFundsList/FundDetails/BF2SJ98/SelfSelectFund
3419,New Capital US Future Leaders GBP Unhedged Acc Accumulation,,https://www.direct.aviva.co.uk/wealth/FundChoice/SelfSelectFundsList/FundDetails/BF2SJB0/SelfSelectFund
3420,New Capital US Growth GBP Acc Accumulation,,https://www.direct.aviva.co.uk/wealth/FundChoice/SelfSelectFundsList/FundDetails/B3M6FR8/SelfSelectFund
3421,New Capital US Small Cap Growth GBP O Acc Accumulation,,https://www.direct.aviva.co.uk/wealth/FundChoice/SelfSelectFundsList/FundDetails/BYX8VP0/SelfSelectFund
3422,New Capital US Small Cap Growth GBP Unhedged Acc Accumulation,,https://www.direct.aviva.co.uk/wealth/FundChoice/SelfSelectFundsList/FundDetails/BYX8VY9/SelfSelectFund
3423,New Capital Wealthy Nations Bond GBP I Inc Income,,https://www.direct.aviva.co.uk/wealth/FundChoice/SelfSelectFundsList/FundDetails/B41M1D2/SelfSelectFund
3424,New Capital Wealthy Nations Bond GBP S Acc Accumulation,,https://www.direct.aviva.co.uk/wealth/FundChoice/SelfSelectFundsList/FundDetails/BYYNG26/SelfSelectFund
3425,New Capital Wealthy Nations Bond GBP S Acc Income,,https://www.direct.aviva.co.uk/wealth/FundChoice/SelfSelectFundsList/FundDetails/BYYNG15/SelfSelectFund
3426,Ninety One American Franchise Class I Accumulation,,https://www.direct.aviva.co.uk/wealth/FundChoice/SelfSelectFundsList/FundDetails/B1XFJ34/SelfSelectFund
3427,Ninety One Diversified Income Class I Accumulation,,https://www.direct.aviva.co.uk/wealth/FundChoice/SelfSelectFundsList/FundDetails/B2Q1J92/SelfSelectFund
3428,Ninety One Diversified Income Class I-2 Income,,https://www.direct.aviva.co.uk/wealth/FundChoice/SelfSelectFundsList/FundDetails/B7700K1/SelfSelectFund
3429,Ninety One Emerging Markets Blended Debt Class I Accumulation,,https://www.direct.aviva.co.uk/wealth/FundChoice/SelfSelectFundsList/FundDetails/BJFLDK1/SelfSelectFund
3430,Ninety One Emerging Markets Blended Debt Class I-2 Income,,https://www.direct.aviva.co.uk/wealth/FundChoice/SelfSelectFundsList/FundDetails/B7PWB40/SelfSelectFund
3431,Ninety One Emerging Markets Equity Class I Accumulation,,https://www.direct.aviva.co.uk/wealth/FundChoice/SelfSelectFundsList/FundDetails/B8HWDL6/SelfSelectFund
3432,Ninety One Emerging Markets Leaders Class I Accumulation,,https://www.direct.aviva.co.uk/wealth/FundChoice/SelfSelectFundsList/FundDetails/B1XFJD4/SelfSelectFund
3433,Ninety One Global Environment Class I Accumulation,,https://www.direct.aviva.co.uk/wealth/FundChoice/SelfSelectFundsList/FundDetails/BKT89K7/SelfSelectFund
3434,Ninety One Global Environment Class I Inc Income,,https://www.direct.aviva.co.uk/wealth/FundChoice/SelfSelectFundsList/FundDetails/BMXZ889/SelfSelectFund
3435,Ninety One Global Franchise Class I Accumulation,,https://www.direct.aviva.co.uk/wealth/FundChoice/SelfSelectFundsList/FundDetails/B7VHRM9/SelfSelectFund
3436,Ninety One Global Franchise Class I Income,,https://www.direct.aviva.co.uk/wealth/FundChoice/SelfSelectFundsList/FundDetails/BTZH246/SelfSelectFund
3437,Ninety One Global Gold Class B Income,,https://www.direct.aviva.co.uk/wealth/FundChoice/SelfSelectFundsList/FundDetails/BVLL558/SelfSelectFund
3438,Ninety One Global Gold Class I Accumulation,,https://www.direct.aviva.co.uk/wealth/FundChoice/SelfSelectFundsList/FundDetails/B1XFGM2/SelfSelectFund
3439,Ninety One Global Income Opportunities Class I Accumulation,,https://www.direct.aviva.co.uk/wealth/FundChoice/SelfSelectFundsList/FundDetails/B2Q1J81/SelfSelectFund
3440,Ninety One Global Income Opportunities Class I Income,,https://www.direct.aviva.co.uk/wealth/FundChoice/SelfSelectFundsList/FundDetails/B591W91/SelfSelectFund
3441,Ninety One Global Macro Allocation Class I Accumulation,,https://www.direct.aviva.co.uk/wealth/FundChoice/SelfSelectFundsList/FundDetails/B2Q1JB4/SelfSelectFund
3442,Ninety One Global Macro Allocation Class I Income,,https://www.direct.aviva.co.uk/wealth/FundChoice/SelfSelectFundsList/FundDetails/BPVFDQ5/SelfSelectFund
3443,Ninety One Global Special Situations Class I Accumulation,,https://www.direct.aviva.co.uk/wealth/FundChoice/SelfSelectFundsList/FundDetails/B29KP10/SelfSelectFund
3444,Ninety One Global Special Situations Class I Income,,https://www.direct.aviva.co.uk/wealth/FundChoice/SelfSelectFundsList/FundDetails/B5M3GK3/SelfSelectFund
3445,Ninety One Global Strategic Equity Class I Accumulation,,https://www.direct.aviva.co.uk/wealth/FundChoice/SelfSelectFundsList/FundDetails/B1XFJ67/SelfSelectFund
3446,Ninety One Global Sustainable Equity Class I Accumulation,,https://www.direct.aviva.co.uk/wealth/FundChoice/SelfSelectFundsList/FundDetails/B01VDL3/SelfSelectFund
3447,Ninety One Global Sustainable Equity Class I Income,,https://www.direct.aviva.co.uk/wealth/FundChoice/SelfSelectFundsList/FundDetails/BP4T289/SelfSelectFund
3448,Ninety One Global Total Return Credit Class B Income,,https://www.direct.aviva.co.uk/wealth/FundChoice/SelfSelectFundsList/FundDetails/BVLL6C2/SelfSelectFund
3449,Ninety One Global Total Return Credit Class I Accumulation,,https://www.direct.aviva.co.uk/wealth/FundChoice/SelfSelectFundsList/FundDetails/BFM79K6/SelfSelectFund
3450,Ninety One Global Total Return Credit Class I Inc-2 Income,,https://www.direct.aviva.co.uk/wealth/FundChoice/SelfSelectFundsList/FundDetails/BF4JM23/SelfSelectFund
3451,Ninety One UK Franchise Class I Accumulation,,https://www.direct.aviva.co.uk/wealth/FundChoice/SelfSelectFundsList/FundDetails/BV9G3J5/SelfSelectFund
3452,Ninety One UK Franchise Class I Inc-2 Income,,https://www.direct.aviva.co.uk/wealth/FundChoice/SelfSelectFundsList/FundDetails/BRWQCH5/SelfSelectFund
3453,Ninety One UK Franchise Class I Income,,https://www.direct.aviva.co.uk/wealth/FundChoice/SelfSelectFundsList/FundDetails/BVLL6F5/SelfSelectFund
3454,Ninety One UK Special Situations Class I Accumulation,,https://www.direct.aviva.co.uk/wealth/FundChoice/SelfSelectFundsList/FundDetails/B1XFJS9/SelfSelectFund
3455,Ninety One UK Special Situations Class I Income,,https://www.direct.aviva.co.uk/wealth/FundChoice/SelfSelectFundsList/FundDetails/B61JXN1/SelfSelectFund
3456,Ninety One UK Special Situations Class J Accumulation,,https://www.direct.aviva.co.uk/wealth/FundChoice/SelfSelectFundsList/FundDetails/BD5J0X5/SelfSelectFund
3457,Nomura American Century Emerging Markets Transition Equity Class F GBP Accumulation,,https://www.direct.aviva.co.uk/wealth/FundChoice/SelfSelectFundsList/FundDetails/BJCWHV6/SelfSelectFund
3458,Nomura Emerging Market Local Currency Debt Class FD GBP Income,,https://www.direct.aviva.co.uk/wealth/FundChoice/SelfSelectFundsList/FundDetails/BMWHR01/SelfSelectFund
3459,Nomura Global Dynamic Bond Class I GBP Hedged Accumulation,,https://www.direct.aviva.co.uk/wealth/FundChoice/SelfSelectFundsList/FundDetails/BTL1GV7/SelfSelectFund
3460,Nomura Global Dynamic Bond Class ID GBP Hedged Income,,https://www.direct.aviva.co.uk/wealth/FundChoice/SelfSelectFundsList/FundDetails/BTL1HB4/SelfSelectFund
3461,Nomura Global Dynamic Bond Class RD GBP Hedged Income,,https://www.direct.aviva.co.uk/wealth/FundChoice/SelfSelectFundsList/FundDetails/BWXC8Z7/SelfSelectFund
3462,Nomura Global High Conviction Class I GBP Accumulation,,https://www.direct.aviva.co.uk/wealth/FundChoice/SelfSelectFundsList/FundDetails/BD4DXN9/SelfSelectFund
3463,Nomura Global High Yield Bond Class F Accumulation,,https://www.direct.aviva.co.uk/wealth/FundChoice/SelfSelectFundsList/FundDetails/BMY9CP5/SelfSelectFund
3464,Nomura Global High Yield Bond Class F GBP Accumulation,,https://www.direct.aviva.co.uk/wealth/FundChoice/SelfSelectFundsList/FundDetails/BMY9CR7/SelfSelectFund
3465,Nomura Global High Yield Bond Class I GBP Hedged Accumulation,,https://www.direct.aviva.co.uk/wealth/FundChoice/SelfSelectFundsList/FundDetails/BYNJKH8/SelfSelectFund
3466,Nomura Global Sustainable Equity Class F Accumulation,,https://www.direct.aviva.co.uk/wealth/FundChoice/SelfSelectFundsList/FundDetails/BMWHS19/SelfSelectFund
3467,Nomura India Equity Class I GBP Accumulation,,https://www.direct.aviva.co.uk/wealth/FundChoice/SelfSelectFundsList/FundDetails/B3SHG05/SelfSelectFund
3468,Nomura Japan Strategic Value Class I GBP Accumulation,,https://www.direct.aviva.co.uk/wealth/FundChoice/SelfSelectFundsList/FundDetails/B3W35Q8/SelfSelectFund
3469,Nomura Japan Strategic Value Class ID GBP Hedged Income,,https://www.direct.aviva.co.uk/wealth/FundChoice/SelfSelectFundsList/FundDetails/BK0SCP2/SelfSelectFund
3470,Nomura US High Yield Bond Class I GBP Accumulation,,https://www.direct.aviva.co.uk/wealth/FundChoice/SelfSelectFundsList/FundDetails/B3RW827/SelfSelectFund
3471,Nomura US High Yield Bond Class I GBP Hedged Accumulation,,https://www.direct.aviva.co.uk/wealth/FundChoice/SelfSelectFundsList/FundDetails/B8H9H37/SelfSelectFund
3472,Nomura US High Yield Bond Class ID GBP Hedged Income,,https://www.direct.aviva.co.uk/wealth/FundChoice/SelfSelectFundsList/FundDetails/BWXC9T8/SelfSelectFund
3473,Nomura US High Yield Bond Class ID GBP Income,,https://www.direct.aviva.co.uk/wealth/FundChoice/SelfSelectFundsList/FundDetails/BWXC9M1/SelfSelectFund
3474,Nordea 1 - Alpha 10 MA Class HBC - GBP Income,,https://www.direct.aviva.co.uk/wealth/FundChoice/SelfSelectFundsList/FundDetails/BD6JDG8/SelfSelectFund
3475,Nordea 1 - Emerging Sustainable Stars Equity Fund Class BC - GBP Accumulation,,https://www.direct.aviva.co.uk/wealth/FundChoice/SelfSelectFundsList/FundDetails/BC9S1S3/SelfSelectFund
3476,Nordea 1 - GBP Diversified Return Class BI Accumulation,,https://www.direct.aviva.co.uk/wealth/FundChoice/SelfSelectFundsList/FundDetails/BZ096J2/SelfSelectFund
3477,Nordea 1 - Global Climate & Environment Class BC - GBP Accumulation,,https://www.direct.aviva.co.uk/wealth/FundChoice/SelfSelectFundsList/FundDetails/BF1YCX2/SelfSelectFund
3478,Nordea 1 - Global Diversity Engagement Class BC - GBP Accumulation,,https://www.direct.aviva.co.uk/wealth/FundChoice/SelfSelectFundsList/FundDetails/BMF59V7/SelfSelectFund
3479,Nordea 1 - Global Sustainable Stars Equity Fund Class BC - GBP Accumulation,,https://www.direct.aviva.co.uk/wealth/FundChoice/SelfSelectFundsList/FundDetails/BD9C0M9/SelfSelectFund
3480,Nordea 1 - North American Sustainable Stars Equity Fund Class BC - GBP Accumulation,,https://www.direct.aviva.co.uk/wealth/FundChoice/SelfSelectFundsList/FundDetails/B8FND66/SelfSelectFund
3481,Nordea 2 - Beta Plus Enhanced Emerging Markets Sustainable Equity Class BI - GBP Accumulation,,https://www.direct.aviva.co.uk/wealth/FundChoice/SelfSelectFundsList/FundDetails/BNHVPL2/SelfSelectFund
3482,Northern Trust Northern Trust Emerging Markets Screened Equity Index Fund Class B Income,,https://www.direct.aviva.co.uk/wealth/FundChoice/SelfSelectFundsList/FundDetails/BJ0X841/SelfSelectFund
3483,Northern Trust The NT Developed Real Estate ESG Climate Index Feeder Fund Class A Accumulation,,https://www.direct.aviva.co.uk/wealth/FundChoice/SelfSelectFundsList/FundDetails/BPG9834/SelfSelectFund
3484,Northern Trust The NT Global Bond 1-5 Years ESG Climate Index Fund Class A GBP Hedged Accumulation,,https://www.direct.aviva.co.uk/wealth/FundChoice/SelfSelectFundsList/FundDetails/BP8KSX5/SelfSelectFund
3485,Northern Trust The NT Global Bond 1-5 Years ESG Climate Index Fund Class A GBP Income,,https://www.direct.aviva.co.uk/wealth/FundChoice/SelfSelectFundsList/FundDetails/BP8KSY6/SelfSelectFund
3486,Northern Trust The NT Global Bond ESG Climate Index Fund Class A GBP Hedged Accumulation,,https://www.direct.aviva.co.uk/wealth/FundChoice/SelfSelectFundsList/FundDetails/BP8KTF4/SelfSelectFund
3487,Northern Trust The NT Global Bond ESG Climate Index Fund Class A GBP Income,,https://www.direct.aviva.co.uk/wealth/FundChoice/SelfSelectFundsList/FundDetails/BP8KTG5/SelfSelectFund
3488,Northern Trust The NT Global Green Bond Index Fund Class C Accumulation,,https://www.direct.aviva.co.uk/wealth/FundChoice/SelfSelectFundsList/FundDetails/BRJS672/SelfSelectFund
3489,Northern Trust The NT Global High Yield ESG Bond Index Fund Class A GBP Accumulation,,https://www.direct.aviva.co.uk/wealth/FundChoice/SelfSelectFundsList/FundDetails/BRZT3M3/SelfSelectFund
3490,Northern Trust The NT Quality Low Vol Low Carbon World Feeder Fund Class A Accumulation,,https://www.direct.aviva.co.uk/wealth/FundChoice/SelfSelectFundsList/FundDetails/BNTVV23/SelfSelectFund
3491,Northern Trust The NT Quality Low Vol Low Carbon World Feeder Fund Class A Income,,https://www.direct.aviva.co.uk/wealth/FundChoice/SelfSelectFundsList/FundDetails/BNTVV34/SelfSelectFund
3492,Northern Trust The NT World Green Transition Index Feeder Fund Class C Accumulation,,https://www.direct.aviva.co.uk/wealth/FundChoice/SelfSelectFundsList/FundDetails/BMT7SM3/SelfSelectFund
3493,Northern Trust The NT World Small Cap ESG Low Carbon Index Feeder Fund Class A Accumulation,,https://www.direct.aviva.co.uk/wealth/FundChoice/SelfSelectFundsList/FundDetails/BNKDZY8/SelfSelectFund
3494,Northern Trust The NT World Small Cap ESG Low Carbon Index Feeder Fund Class A Income,,https://www.direct.aviva.co.uk/wealth/FundChoice/SelfSelectFundsList/FundDetails/BNYKFM3/SelfSelectFund
3495,Oaktree Capital Management Global High Yield Bond Class IH Accumulation,,https://www.direct.aviva.co.uk/wealth/FundChoice/SelfSelectFundsList/FundDetails/BZ7PXR0/SelfSelectFund
3496,Oaktree Capital Management Global High Yield Bond Class IH Income,,https://www.direct.aviva.co.uk/wealth/FundChoice/SelfSelectFundsList/FundDetails/BYX2282/SelfSelectFund
3497,Oberon Capital TM Oberon Thesis Fund Class A Accumulation,,https://www.direct.aviva.co.uk/wealth/FundChoice/SelfSelectFundsList/FundDetails/BQ7XX82/SelfSelectFund
3498,Oberon Capital TM Oberon Thesis Fund Class A Income,,https://www.direct.aviva.co.uk/wealth/FundChoice/SelfSelectFundsList/FundDetails/BQ7XX71/SelfSelectFund
3499,Oberon Capital TM Oberon UK Core Fund Class A Accumulation,,https://www.direct.aviva.co.uk/wealth/FundChoice/SelfSelectFundsList/FundDetails/B56N2X4/SelfSelectFund
3500,Oberon Capital TM Oberon UK Core Fund Class B Accumulation,,https://www.direct.aviva.co.uk/wealth/FundChoice/SelfSelectFundsList/FundDetails/B5839S6/SelfSelectFund
3501,Oberon Capital TM Oberon UK Core Fund Class B Income,,https://www.direct.aviva.co.uk/wealth/FundChoice/SelfSelectFundsList/FundDetails/B05MF83/SelfSelectFund
3502,Oberon Capital TM Oberon UK Smaller Companies Fund Class B Accumulation,,https://www.direct.aviva.co.uk/wealth/FundChoice/SelfSelectFundsList/FundDetails/BQV37J7/SelfSelectFund
3503,Oberon Capital TM Oberon UK Smaller Companies Fund Class B Income,,https://www.direct.aviva.co.uk/wealth/FundChoice/SelfSelectFundsList/FundDetails/BQV37K8/SelfSelectFund
3504,Oberon Capital TM Oberon UK Special Situations Fund Class A Accumulation,,https://www.direct.aviva.co.uk/wealth/FundChoice/SelfSelectFundsList/FundDetails/BTNQVD7/SelfSelectFund
3505,Oberon Capital TM Oberon UK Special Situations Fund Class A Income,,https://www.direct.aviva.co.uk/wealth/FundChoice/SelfSelectFundsList/FundDetails/BTNQVC6/SelfSelectFund
3506,Oberon Capital TM Oberon UK Special Situations Fund Class B Accumulation,,https://www.direct.aviva.co.uk/wealth/FundChoice/SelfSelectFundsList/FundDetails/BTNQVG0/SelfSelectFund
3507,Oberon Capital TM Oberon UK Special Situations Fund Class B Income,,https://www.direct.aviva.co.uk/wealth/FundChoice/SelfSelectFundsList/FundDetails/BTNQVF9/SelfSelectFund
3508,Octopus FP Octopus UK Future Generations Class C Accumulation,,https://www.direct.aviva.co.uk/wealth/FundChoice/SelfSelectFundsList/FundDetails/BKPC9J2/SelfSelectFund
3509,Octopus FP Octopus UK Future Generations Class C Income,,https://www.direct.aviva.co.uk/wealth/FundChoice/SelfSelectFundsList/FundDetails/BKPC9K3/SelfSelectFund
3510,Octopus FP Octopus UK Micro Cap Growth Class P Accumulation,,https://www.direct.aviva.co.uk/wealth/FundChoice/SelfSelectFundsList/FundDetails/BYQ7HN4/SelfSelectFund
3511,Octopus FP Octopus UK Multi Cap Income Class I Accumulation,,https://www.direct.aviva.co.uk/wealth/FundChoice/SelfSelectFundsList/FundDetails/BG47Q55/SelfSelectFund
3512,Octopus FP Octopus UK Multi Cap Income Class I Income,,https://www.direct.aviva.co.uk/wealth/FundChoice/SelfSelectFundsList/FundDetails/BG47Q66/SelfSelectFund
3513,Oldfield Partners LLP Overstone Global All Cap Value Class J Accumulation,,https://www.direct.aviva.co.uk/wealth/FundChoice/SelfSelectFundsList/FundDetails/B75M355/SelfSelectFund
3514,Oldfield Partners LLP Overstone Global All Cap Value Class J Hedged Accumulation,,https://www.direct.aviva.co.uk/wealth/FundChoice/SelfSelectFundsList/FundDetails/BYYXWV7/SelfSelectFund
3515,Oldfield Partners LLP Overstone Global All Cap Value Class J Income,,https://www.direct.aviva.co.uk/wealth/FundChoice/SelfSelectFundsList/FundDetails/B75KB22/SelfSelectFund
3516,Orbis Global Balanced Fixed Fee Accumulation,,https://www.direct.aviva.co.uk/wealth/FundChoice/SelfSelectFundsList/FundDetails/BRX9596/SelfSelectFund
3517,Orbis Orbis OEIC Global Balanced Fund Fixed Fee Accumulation,,https://www.direct.aviva.co.uk/wealth/FundChoice/SelfSelectFundsList/FundDetails/BRX9596/SelfSelectFund
3518,Orbis Orbis OEIC Global Balanced Standard Accumulation,,https://www.direct.aviva.co.uk/wealth/FundChoice/SelfSelectFundsList/FundDetails/BJ02KY2/SelfSelectFund
3519,Orbis Orbis OEIC Global Cautious Fixed Fee Accumulation,,https://www.direct.aviva.co.uk/wealth/FundChoice/SelfSelectFundsList/FundDetails/BRX95B8/SelfSelectFund
3520,Orbis Orbis OEIC Global Cautious Standard Accumulation,,https://www.direct.aviva.co.uk/wealth/FundChoice/SelfSelectFundsList/FundDetails/BJ02KT7/SelfSelectFund
3521,Orbis Orbis OEIC Global Equity Standard Accumulation,,https://www.direct.aviva.co.uk/wealth/FundChoice/SelfSelectFundsList/FundDetails/BJ02KW0/SelfSelectFund
3522,PGIM Investments Absolute Return Class I H Accumulation,,https://www.direct.aviva.co.uk/wealth/FundChoice/SelfSelectFundsList/FundDetails/BD1DGR7/SelfSelectFund
3523,PGIM Investments Absolute Return Class I H D Income,,https://www.direct.aviva.co.uk/wealth/FundChoice/SelfSelectFundsList/FundDetails/BDDN6P3/SelfSelectFund
3524,PGIM Investments Broad Market U.S. High Yield Bond Class I H Accumulation,,https://www.direct.aviva.co.uk/wealth/FundChoice/SelfSelectFundsList/FundDetails/BG36TK9/SelfSelectFund
3525,PGIM Investments Broad Market U.S. High Yield Bond Class I H Income,,https://www.direct.aviva.co.uk/wealth/FundChoice/SelfSelectFundsList/FundDetails/BDD48V6/SelfSelectFund
3526,PGIM Investments Emerging Market Local Currency Debt Class I Accumulation,,https://www.direct.aviva.co.uk/wealth/FundChoice/SelfSelectFundsList/FundDetails/BDDK085/SelfSelectFund
3527,PGIM Investments Emerging Market Local Currency Debt Class I Income,,https://www.direct.aviva.co.uk/wealth/FundChoice/SelfSelectFundsList/FundDetails/BDDK096/SelfSelectFund
3528,PGIM Investments Emerging Market Total Return Bond Class I H D Income,,https://www.direct.aviva.co.uk/wealth/FundChoice/SelfSelectFundsList/FundDetails/BJCWX18/SelfSelectFund
3529,PGIM Investments European Corporate Bond Class I H D Income,,https://www.direct.aviva.co.uk/wealth/FundChoice/SelfSelectFundsList/FundDetails/BD0YST7/SelfSelectFund
3530,PGIM Investments European High Yield Bond Class I H Accumulation,,https://www.direct.aviva.co.uk/wealth/FundChoice/SelfSelectFundsList/FundDetails/BFLR1T0/SelfSelectFund
3531,PGIM Investments Global Corporate Bond Class I H Accumulation,,https://www.direct.aviva.co.uk/wealth/FundChoice/SelfSelectFundsList/FundDetails/BFLQZM8/SelfSelectFund
3532,PGIM Investments Global Corporate Bond Class I H Income,,https://www.direct.aviva.co.uk/wealth/FundChoice/SelfSelectFundsList/FundDetails/BDDK041/SelfSelectFund
3533,PGIM Investments Global High Yield ESG Bond Class I H D Income,,https://www.direct.aviva.co.uk/wealth/FundChoice/SelfSelectFundsList/FundDetails/BDD7WL3/SelfSelectFund
3534,PGIM Investments Global Real Estate Securities Class I Income,,https://www.direct.aviva.co.uk/wealth/FundChoice/SelfSelectFundsList/FundDetails/BYM2RG6/SelfSelectFund
3535,PGIM Investments Global Total Return ESG Bond Class I H D Income,,https://www.direct.aviva.co.uk/wealth/FundChoice/SelfSelectFundsList/FundDetails/BKY71T2/SelfSelectFund
3536,PGIM Investments Jennison Carbon Solutions Equity Class I Accumulation,,https://www.direct.aviva.co.uk/wealth/FundChoice/SelfSelectFundsList/FundDetails/BLCXWB8/SelfSelectFund
3537,PGIM Investments Jennison Global Equity Opportunities Class I Accumulation,,https://www.direct.aviva.co.uk/wealth/FundChoice/SelfSelectFundsList/FundDetails/BMHG231/SelfSelectFund
3538,PGIM Investments Jennison Global Equity Opportunities Class I D Income,,https://www.direct.aviva.co.uk/wealth/FundChoice/SelfSelectFundsList/FundDetails/BD1RNX4/SelfSelectFund
3539,PGIM Investments Jennison Global Equity Opportunities Class I H Income,,https://www.direct.aviva.co.uk/wealth/FundChoice/SelfSelectFundsList/FundDetails/BD1RNY5/SelfSelectFund
3540,PGIM Investments Jennison US Growth Class I Income,,https://www.direct.aviva.co.uk/wealth/FundChoice/SelfSelectFundsList/FundDetails/BYWYQQ5/SelfSelectFund
3541,PGIM Investments Multi Asset Credit Class I H D Income,,https://www.direct.aviva.co.uk/wealth/FundChoice/SelfSelectFundsList/FundDetails/BDD48Y9/SelfSelectFund
3542,PGIM Investments Quant Solutions Global Core Equity ESG Class I D Income,,https://www.direct.aviva.co.uk/wealth/FundChoice/SelfSelectFundsList/FundDetails/BGJVXB7/SelfSelectFund
3543,PGIM Investments US Corporate Bond Class I H D Income,,https://www.direct.aviva.co.uk/wealth/FundChoice/SelfSelectFundsList/FundDetails/BDDK052/SelfSelectFund
3544,PIMCO Diversified Income Duration Hedged Institutional (Hedged) Accumulation,,https://www.direct.aviva.co.uk/wealth/FundChoice/SelfSelectFundsList/FundDetails/B571668/SelfSelectFund
3545,PIMCO Diversified Income Duration Hedged Institutional (Hedged) Income,,https://www.direct.aviva.co.uk/wealth/FundChoice/SelfSelectFundsList/FundDetails/B8240T4/SelfSelectFund
3546,PIMCO Emerging Local Bond Institutional Accumulation,,https://www.direct.aviva.co.uk/wealth/FundChoice/SelfSelectFundsList/FundDetails/B2R8DW3/SelfSelectFund
3547,PIMCO Emerging Markets Bond Institutional (Hedged) Income,,https://www.direct.aviva.co.uk/wealth/FundChoice/SelfSelectFundsList/FundDetails/B0V9TF3/SelfSelectFund
3548,PIMCO GIS Commodity Real Return Institutional (Hedged) Accumulation,,https://www.direct.aviva.co.uk/wealth/FundChoice/SelfSelectFundsList/FundDetails/BYX7TK8/SelfSelectFund
3549,PIMCO GIS Commodity Real Return Institutional Unhedged Income,,https://www.direct.aviva.co.uk/wealth/FundChoice/SelfSelectFundsList/FundDetails/BNDXPR8/SelfSelectFund
3550,PIMCO GIS Diversified Income Institutional (Hedged) Accumulation,,https://www.direct.aviva.co.uk/wealth/FundChoice/SelfSelectFundsList/FundDetails/B13H3C7/SelfSelectFund
3551,PIMCO GIS Diversified Income Institutional (Hedged) Income,,https://www.direct.aviva.co.uk/wealth/FundChoice/SelfSelectFundsList/FundDetails/B0Y8YW9/SelfSelectFund
3552,PIMCO GIS Emerging Markets Bond ESG Class I Hedged Income,,https://www.direct.aviva.co.uk/wealth/FundChoice/SelfSelectFundsList/FundDetails/BK5WVY1/SelfSelectFund
3553,PIMCO GIS Global Bond Currency Exposure Accumulation,,https://www.direct.aviva.co.uk/wealth/FundChoice/SelfSelectFundsList/FundDetails/BDCXSJ2/SelfSelectFund
3554,PIMCO GIS Global Bond Institutional (Hedged) Accumulation,,https://www.direct.aviva.co.uk/wealth/FundChoice/SelfSelectFundsList/FundDetails/3287606/SelfSelectFund
3555,PIMCO GIS Global Bond Institutional (Hedged) Income,,https://www.direct.aviva.co.uk/wealth/FundChoice/SelfSelectFundsList/FundDetails/B016J21/SelfSelectFund
3556,PIMCO GIS Global Investment Grade Credit Class R (Hedged) Income,,https://www.direct.aviva.co.uk/wealth/FundChoice/SelfSelectFundsList/FundDetails/B8GF2Y2/SelfSelectFund
3557,PIMCO GIS Global Investment Grade Credit ESG Hedged Accumulation,,https://www.direct.aviva.co.uk/wealth/FundChoice/SelfSelectFundsList/FundDetails/BDTMDT7/SelfSelectFund
3558,PIMCO GIS Global Investment Grade Credit ESG Hedged Accumulation,,https://www.direct.aviva.co.uk/wealth/FundChoice/SelfSelectFundsList/FundDetails/BK8XVN0/SelfSelectFund
3559,PIMCO GIS Global Investment Grade Credit Institutional Hedged Accumulation,,https://www.direct.aviva.co.uk/wealth/FundChoice/SelfSelectFundsList/FundDetails/B0HZNB9/SelfSelectFund
3560,PIMCO GIS Global Investment Grade Credit Institutional Hedged Income,,https://www.direct.aviva.co.uk/wealth/FundChoice/SelfSelectFundsList/FundDetails/B3BMD84/SelfSelectFund
3561,PIMCO GIS Global Low Duration Real Return Class I Hedged Income,,https://www.direct.aviva.co.uk/wealth/FundChoice/SelfSelectFundsList/FundDetails/BHZKQD8/SelfSelectFund
3562,PIMCO GIS Global Low Duration Real Return Institutional (Hedged) Accumulation,,https://www.direct.aviva.co.uk/wealth/FundChoice/SelfSelectFundsList/FundDetails/BHZKQF0/SelfSelectFund
3563,PIMCO GIS Global Real Return Class R Hedged Accumulation,,https://www.direct.aviva.co.uk/wealth/FundChoice/SelfSelectFundsList/FundDetails/B89ZF17/SelfSelectFund
3564,PIMCO GIS Global Real Return Institutional (Hedged) Accumulation,,https://www.direct.aviva.co.uk/wealth/FundChoice/SelfSelectFundsList/FundDetails/3423552/SelfSelectFund
3565,PIMCO GIS Global Real Return Institutional (Hedged) Income,,https://www.direct.aviva.co.uk/wealth/FundChoice/SelfSelectFundsList/FundDetails/B07Q3Z6/SelfSelectFund
3566,PIMCO GIS Income Institutional (Hedged) Accumulation,,https://www.direct.aviva.co.uk/wealth/FundChoice/SelfSelectFundsList/FundDetails/BJ09LQ2/SelfSelectFund
3567,PIMCO GIS Income Institutional (Hedged) Income,,https://www.direct.aviva.co.uk/wealth/FundChoice/SelfSelectFundsList/FundDetails/B8RHFL5/SelfSelectFund
3568,PIMCO GIS Income R Class (Hedged) Income,,https://www.direct.aviva.co.uk/wealth/FundChoice/SelfSelectFundsList/FundDetails/B8XXWP0/SelfSelectFund
3569,PIMCO GIS PIMCO Asia High Yield Bond Insitutional Hedged Income,,https://www.direct.aviva.co.uk/wealth/FundChoice/SelfSelectFundsList/FundDetails/BKVCZD2/SelfSelectFund
3570,PIMCO GIS PIMCO Capital Securities Class R Hedged Income,,https://www.direct.aviva.co.uk/wealth/FundChoice/SelfSelectFundsList/FundDetails/BN795H2/SelfSelectFund
3571,PIMCO GIS PIMCO Capital Securities Institutional Hedged Income,,https://www.direct.aviva.co.uk/wealth/FundChoice/SelfSelectFundsList/FundDetails/BCCW5K2/SelfSelectFund
3572,PIMCO GIS PIMCO ESG Income Inst GBP Hedged Income,,https://www.direct.aviva.co.uk/wealth/FundChoice/SelfSelectFundsList/FundDetails/BKP8GM2/SelfSelectFund
3573,PIMCO GIS PIMCO Emerging Markets Opportunities - Income,,https://www.direct.aviva.co.uk/wealth/FundChoice/SelfSelectFundsList/FundDetails/BPW6T03/SelfSelectFund
3574,PIMCO GIS PIMCO TRENDS Managed Futures Strategy Institutional (Hedged) Income,,https://www.direct.aviva.co.uk/wealth/FundChoice/SelfSelectFundsList/FundDetails/BNVZC42/SelfSelectFund
3575,PIMCO GIS Strategic Income Inst Hedged Acc Accumulation,,https://www.direct.aviva.co.uk/wealth/FundChoice/SelfSelectFundsList/FundDetails/BPJMPQ2/SelfSelectFund
3576,PIMCO GIS Total Return Bond Institutional (Hedged) Accumulation,,https://www.direct.aviva.co.uk/wealth/FundChoice/SelfSelectFundsList/FundDetails/B4PRCS5/SelfSelectFund
3577,PIMCO GIS US Investment Grade Corporate Bond Institutional (Hedged) Income II Accumulation,,https://www.direct.aviva.co.uk/wealth/FundChoice/SelfSelectFundsList/FundDetails/BDBBRG7/SelfSelectFund
3578,PIMCO Global Bond ESG Class I Hedged Accumulation,,https://www.direct.aviva.co.uk/wealth/FundChoice/SelfSelectFundsList/FundDetails/BL58ST0/SelfSelectFund
3579,PIMCO Global Bond ESG Institutional (Hedged) Income,,https://www.direct.aviva.co.uk/wealth/FundChoice/SelfSelectFundsList/FundDetails/BYXVXY2/SelfSelectFund
3580,PIMCO Global Bond ESG Institutional Income,,https://www.direct.aviva.co.uk/wealth/FundChoice/SelfSelectFundsList/FundDetails/BPG8ZH4/SelfSelectFund
3581,PIMCO Global High Yield Bond Fund Institutional (Hedged) Accumulation,,https://www.direct.aviva.co.uk/wealth/FundChoice/SelfSelectFundsList/FundDetails/B45YBF6/SelfSelectFund
3582,PIMCO Global High Yield Bond Fund Institutional (Hedged) Income,,https://www.direct.aviva.co.uk/wealth/FundChoice/SelfSelectFundsList/FundDetails/B0V9T86/SelfSelectFund
3583,PIMCO Low Duration Global Investment Grade Credit Institutional (Hedged) Accumulation,,https://www.direct.aviva.co.uk/wealth/FundChoice/SelfSelectFundsList/FundDetails/BJTCP04/SelfSelectFund
3584,PIMCO Low Duration Income Institutional Hedged Accumulation,,https://www.direct.aviva.co.uk/wealth/FundChoice/SelfSelectFundsList/FundDetails/BDT5813/SelfSelectFund
3585,PIMCO Low Duration Opportunities Institutional (Hedged) Accumulation,,https://www.direct.aviva.co.uk/wealth/FundChoice/SelfSelectFundsList/FundDetails/BYWKH15/SelfSelectFund
3586,PIMCO Low Duration Opportunities Institutional (Hedged) Income,,https://www.direct.aviva.co.uk/wealth/FundChoice/SelfSelectFundsList/FundDetails/BF0D7Z7/SelfSelectFund
3587,PIMCO Mortgage Opportunities Institutional (Hedged) Accumulation,,https://www.direct.aviva.co.uk/wealth/FundChoice/SelfSelectFundsList/FundDetails/BYZNBL9/SelfSelectFund
3588,PIMCO PIMCO Climate Bond Hedged Accumulation,,https://www.direct.aviva.co.uk/wealth/FundChoice/SelfSelectFundsList/FundDetails/BLH0Z26/SelfSelectFund
3589,PIMCO UK Long Term Corporate Bond Institutional Income,,https://www.direct.aviva.co.uk/wealth/FundChoice/SelfSelectFundsList/FundDetails/B3CH634/SelfSelectFund
3590,Pacific Capital Partners Multi-Asset Accumulator Conservative Class A Accumulation,,https://www.direct.aviva.co.uk/wealth/FundChoice/SelfSelectFundsList/FundDetails/BD6DG94/SelfSelectFund
3591,Pacific Capital Partners Multi-Asset Accumulator Core Class A Accumulation,,https://www.direct.aviva.co.uk/wealth/FundChoice/SelfSelectFundsList/FundDetails/BD6DGH2/SelfSelectFund
3592,Pacific Capital Partners Multi-Asset Accumulator Plus Class A Accumulation,,https://www.direct.aviva.co.uk/wealth/FundChoice/SelfSelectFundsList/FundDetails/BD6DGC7/SelfSelectFund
3593,Pacific Capital Partners Pacific G10 Macro Rates Z Class IPH Accumulation,,https://www.direct.aviva.co.uk/wealth/FundChoice/SelfSelectFundsList/FundDetails/BM8QTQ2/SelfSelectFund
3594,Pacific Capital Partners Pacific North of South EM Equity Income Opportunities GBP I Accumulating (Unhedged) Accumulation,,https://www.direct.aviva.co.uk/wealth/FundChoice/SelfSelectFundsList/FundDetails/BS2BDJ6/SelfSelectFund
3595,Pacific Capital Partners Pacific North of South EM Equity Income Opportunities GBP I Distributing (Q) Income,,https://www.direct.aviva.co.uk/wealth/FundChoice/SelfSelectFundsList/FundDetails/BM8HK06/SelfSelectFund
3596,Pacific Capital Partners Pacific North of South Global Emerging Markets Equity Class I Accumulation,,https://www.direct.aviva.co.uk/wealth/FundChoice/SelfSelectFundsList/FundDetails/BSWY3Y0/SelfSelectFund
3597,Pacific Capital Partners Pacific North of South Global Emerging Markets Equity Class I Income,,https://www.direct.aviva.co.uk/wealth/FundChoice/SelfSelectFundsList/FundDetails/BSWY588/SelfSelectFund
3598,Pacific Capital Partners Sustainable multi asset Class A Accumulation,,https://www.direct.aviva.co.uk/wealth/FundChoice/SelfSelectFundsList/FundDetails/BNDTNH2/SelfSelectFund
3599,Pareto Asset Management AS Pareto ESG Global Corporate Bond Class H Accumulation,,https://www.direct.aviva.co.uk/wealth/FundChoice/SelfSelectFundsList/FundDetails/BM8GS98/SelfSelectFund
3600,Pictet Asian Equities (Ex Japan) Class I - GBP Accumulation,,https://www.direct.aviva.co.uk/wealth/FundChoice/SelfSelectFundsList/FundDetails/BF02YY2/SelfSelectFund
3601,Pictet Asian Local Currency Debt Class I - GBP Accumulation,,https://www.direct.aviva.co.uk/wealth/FundChoice/SelfSelectFundsList/FundDetails/B56KJ34/SelfSelectFund
3602,Pictet Biotech Class I dy - GBP Income,,https://www.direct.aviva.co.uk/wealth/FundChoice/SelfSelectFundsList/FundDetails/B554RF5/SelfSelectFund
3603,Pictet China Equities Class I - GBP Accumulation,,https://www.direct.aviva.co.uk/wealth/FundChoice/SelfSelectFundsList/FundDetails/B96TPL9/SelfSelectFund
3604,Pictet China Index Class I - GBP Accumulation,,https://www.direct.aviva.co.uk/wealth/FundChoice/SelfSelectFundsList/FundDetails/BC7GVN4/SelfSelectFund
3605,Pictet Clean Energy Transition Class I dy - GBP Income,,https://www.direct.aviva.co.uk/wealth/FundChoice/SelfSelectFundsList/FundDetails/B516829/SelfSelectFund
3606,Pictet Climate Government Bonds Class HI Accumulation,,https://www.direct.aviva.co.uk/wealth/FundChoice/SelfSelectFundsList/FundDetails/BQ2HFL6/SelfSelectFund
3607,Pictet Climate Government Bonds Class I Accumulation,,https://www.direct.aviva.co.uk/wealth/FundChoice/SelfSelectFundsList/FundDetails/BQ2HFY9/SelfSelectFund
3608,Pictet Digital Class I dy - GBP Income,,https://www.direct.aviva.co.uk/wealth/FundChoice/SelfSelectFundsList/FundDetails/B50P236/SelfSelectFund
3609,Pictet Dynamic Asset Allocation Class I GBP Accumulation,,https://www.direct.aviva.co.uk/wealth/FundChoice/SelfSelectFundsList/FundDetails/BS6TDJ6/SelfSelectFund
3610,Pictet Emerging Local Currency Debt Class HI Dm - GBP Income,,https://www.direct.aviva.co.uk/wealth/FundChoice/SelfSelectFundsList/FundDetails/BC7GVQ7/SelfSelectFund
3611,Pictet Emerging Local Currency Debt Class I dy - GBP Income,,https://www.direct.aviva.co.uk/wealth/FundChoice/SelfSelectFundsList/FundDetails/B4PHD15/SelfSelectFund
3612,Pictet Emerging Markets Class I - GBP Accumulation,,https://www.direct.aviva.co.uk/wealth/FundChoice/SelfSelectFundsList/FundDetails/BNK9YN8/SelfSelectFund
3613,Pictet Emerging Markets Index Class I - GBP Accumulation,,https://www.direct.aviva.co.uk/wealth/FundChoice/SelfSelectFundsList/FundDetails/BC7GVR8/SelfSelectFund
3614,Pictet Emerging Markets Multi Asset Class HI dy - GBP Income,,https://www.direct.aviva.co.uk/wealth/FundChoice/SelfSelectFundsList/FundDetails/BNK9Y83/SelfSelectFund
3615,Pictet Emerging Markets Sustainable Equities Class I Accumulation,,https://www.direct.aviva.co.uk/wealth/FundChoice/SelfSelectFundsList/FundDetails/B8J4BT4/SelfSelectFund
3616,Pictet Euroland Index Class I - GBP Accumulation,,https://www.direct.aviva.co.uk/wealth/FundChoice/SelfSelectFundsList/FundDetails/BC7GVS9/SelfSelectFund
3617,Pictet Family Class I - GBP Accumulation,,https://www.direct.aviva.co.uk/wealth/FundChoice/SelfSelectFundsList/FundDetails/BGY5SC0/SelfSelectFund
3618,Pictet Global Emerging Debt Class HI dy Income,,https://www.direct.aviva.co.uk/wealth/FundChoice/SelfSelectFundsList/FundDetails/BYVYP70/SelfSelectFund
3619,Pictet Global Emerging Debt Class I Accumulation,,https://www.direct.aviva.co.uk/wealth/FundChoice/SelfSelectFundsList/FundDetails/BFLQRL1/SelfSelectFund
3620,Pictet Global Environmental Opportunities Class I Dy - GBP Income,,https://www.direct.aviva.co.uk/wealth/FundChoice/SelfSelectFundsList/FundDetails/B4YWL06/SelfSelectFund
3621,Pictet Global Megatrend Selection Class I dy - GBP Income,,https://www.direct.aviva.co.uk/wealth/FundChoice/SelfSelectFundsList/FundDetails/B54CBH0/SelfSelectFund
3622,Pictet Global Sustainable Credit Class HI DY Income,,https://www.direct.aviva.co.uk/wealth/FundChoice/SelfSelectFundsList/FundDetails/BFM15S8/SelfSelectFund
3623,Pictet Global Sustainable Credit Class I Accumulation,,https://www.direct.aviva.co.uk/wealth/FundChoice/SelfSelectFundsList/FundDetails/BFM15Q6/SelfSelectFund
3624,Pictet Global Thematic Opportunities Class I - GBP Accumulation,,https://www.direct.aviva.co.uk/wealth/FundChoice/SelfSelectFundsList/FundDetails/BD6DGK5/SelfSelectFund
3625,Pictet Health Class I dy - GBP Income,,https://www.direct.aviva.co.uk/wealth/FundChoice/SelfSelectFundsList/FundDetails/B5168K7/SelfSelectFund
3626,Pictet Indian Equities Class I - GBP Accumulation,,https://www.direct.aviva.co.uk/wealth/FundChoice/SelfSelectFundsList/FundDetails/B96TPQ4/SelfSelectFund
3627,Pictet Japan Index Class I - GBP Accumulation,,https://www.direct.aviva.co.uk/wealth/FundChoice/SelfSelectFundsList/FundDetails/BC7GVV2/SelfSelectFund
3628,Pictet Japanese Equity Opportunities Class I - GBP Accumulation,,https://www.direct.aviva.co.uk/wealth/FundChoice/SelfSelectFundsList/FundDetails/B76DQ47/SelfSelectFund
3629,Pictet Japanese Equity Selection Class HI - GBP Accumulation,,https://www.direct.aviva.co.uk/wealth/FundChoice/SelfSelectFundsList/FundDetails/BVYVBH9/SelfSelectFund
3630,Pictet Japanese Equity Selection Class I - GBP Accumulation,,https://www.direct.aviva.co.uk/wealth/FundChoice/SelfSelectFundsList/FundDetails/BVYVBG8/SelfSelectFund
3631,Pictet Nutrition Class I dy - GBP Income,,https://www.direct.aviva.co.uk/wealth/FundChoice/SelfSelectFundsList/FundDetails/B54YLC1/SelfSelectFund
3632,Pictet Pacific (Ex Japan) Index Class I - GBP Accumulation,,https://www.direct.aviva.co.uk/wealth/FundChoice/SelfSelectFundsList/FundDetails/BC7GVX4/SelfSelectFund
3633,Pictet Positive Change Class I Accumulation,,https://www.direct.aviva.co.uk/wealth/FundChoice/SelfSelectFundsList/FundDetails/BPXZHK5/SelfSelectFund
3634,Pictet Premium Brands Class I dy - GBP Income,,https://www.direct.aviva.co.uk/wealth/FundChoice/SelfSelectFundsList/FundDetails/B5169C6/SelfSelectFund
3635,Pictet Robotics Class I Accumulation,,https://www.direct.aviva.co.uk/wealth/FundChoice/SelfSelectFundsList/FundDetails/BDB6DB9/SelfSelectFund
3636,Pictet Russian Equities Class I - GBP Accumulation,,https://www.direct.aviva.co.uk/wealth/FundChoice/SelfSelectFundsList/FundDetails/B8JBCF8/SelfSelectFund
3637,Pictet Security Class I dy - GBP Income,,https://www.direct.aviva.co.uk/wealth/FundChoice/SelfSelectFundsList/FundDetails/B5169S2/SelfSelectFund
3638,Pictet Short Term Emerging Corporate Bonds Class HI ds Income,,https://www.direct.aviva.co.uk/wealth/FundChoice/SelfSelectFundsList/FundDetails/BMFH4G3/SelfSelectFund
3639,Pictet Smart City Class I dy - GBP Income,,https://www.direct.aviva.co.uk/wealth/FundChoice/SelfSelectFundsList/FundDetails/B3ZWZK6/SelfSelectFund
3640,Pictet Strategic Credit Class HI - GBP Accumulation,,https://www.direct.aviva.co.uk/wealth/FundChoice/SelfSelectFundsList/FundDetails/BMXR302/SelfSelectFund
3641,Pictet Strategic Credit Class HI - GBP Income,,https://www.direct.aviva.co.uk/wealth/FundChoice/SelfSelectFundsList/FundDetails/BMXR2X8/SelfSelectFund
3642,Pictet Strategic Credit Class I Accumulation,,https://www.direct.aviva.co.uk/wealth/FundChoice/SelfSelectFundsList/FundDetails/BMXR3K2/SelfSelectFund
3643,Pictet Sustainable Emerging Debt Blend Class I Accumulation,,https://www.direct.aviva.co.uk/wealth/FundChoice/SelfSelectFundsList/FundDetails/BNKB445/SelfSelectFund
3644,Pictet Timber Class I dy - GBP Income,,https://www.direct.aviva.co.uk/wealth/FundChoice/SelfSelectFundsList/FundDetails/B51SHR3/SelfSelectFund
3645,Pictet USA Index Class I - GBP Accumulation,,https://www.direct.aviva.co.uk/wealth/FundChoice/SelfSelectFundsList/FundDetails/BC7GW08/SelfSelectFund
3646,Pictet Water Class I dy - GBP Income,,https://www.direct.aviva.co.uk/wealth/FundChoice/SelfSelectFundsList/FundDetails/B516BZ3/SelfSelectFund
3647,PineBridge Investment Asia ex Japan Small Cap Equity Class R2 Accumulation,,https://www.direct.aviva.co.uk/wealth/FundChoice/SelfSelectFundsList/FundDetails/BKT6031/SelfSelectFund
3648,PineBridge Investment Asia ex Japan Small Cap Equity Class R2D Income,,https://www.direct.aviva.co.uk/wealth/FundChoice/SelfSelectFundsList/FundDetails/BKT6042/SelfSelectFund
3649,PineBridge Investment Global Focus Equity Class R2 Accumulation,,https://www.direct.aviva.co.uk/wealth/FundChoice/SelfSelectFundsList/FundDetails/BT3LPM9/SelfSelectFund
3650,PineBridge Investment Global Focus Equity Class R2D Income,,https://www.direct.aviva.co.uk/wealth/FundChoice/SelfSelectFundsList/FundDetails/BT3LPP2/SelfSelectFund
3651,PineBridge Investment India Equity Class R2D Income,,https://www.direct.aviva.co.uk/wealth/FundChoice/SelfSelectFundsList/FundDetails/BWV6B74/SelfSelectFund
3652,PineBridge Investment Japan Small Cap Equity Class R2D Income,,https://www.direct.aviva.co.uk/wealth/FundChoice/SelfSelectFundsList/FundDetails/BJJNFZ2/SelfSelectFund
3653,Pinnacle Investment Management Aikya Global Emerging Markets I Class Accumulation,,https://www.direct.aviva.co.uk/wealth/FundChoice/SelfSelectFundsList/FundDetails/BMCM308/SelfSelectFund
3654,Pinnacle Investment Management Aikya Global Emerging Markets I Class Income,,https://www.direct.aviva.co.uk/wealth/FundChoice/SelfSelectFundsList/FundDetails/BP9P7M1/SelfSelectFund
3655,Pinnacle Investment Management Pinnacle ICAV - Life Cycle Global Equity Fund - UCITS R Class Accumulation,,https://www.direct.aviva.co.uk/wealth/FundChoice/SelfSelectFundsList/FundDetails/BTLS5G6/SelfSelectFund
3656,Pinnacle Investment Management Pinnacle ICAV - Life Cycle Global Equity Select Fund - UCITS R Class Accumulation,,https://www.direct.aviva.co.uk/wealth/FundChoice/SelfSelectFundsList/FundDetails/BTZK0C9/SelfSelectFund
3657,Plurimi Wealth LLP Prosper Funds SICAV - Global Macro Fund Class R Accumulation,,https://www.direct.aviva.co.uk/wealth/FundChoice/SelfSelectFundsList/FundDetails/BYN81L6/SelfSelectFund
3658,Plurimi Wealth LLP Prosper Funds SICAV - Plurimi World Long Short Equity Class I Accumulation,,https://www.direct.aviva.co.uk/wealth/FundChoice/SelfSelectFundsList/FundDetails/BP39GD3/SelfSelectFund
3659,Polar Capital Artificial Intelligence Class I Accumulation,,https://www.direct.aviva.co.uk/wealth/FundChoice/SelfSelectFundsList/FundDetails/BF0GL54/SelfSelectFund
3660,Polar Capital Asian Stars Class I GBP Accumulation,,https://www.direct.aviva.co.uk/wealth/FundChoice/SelfSelectFundsList/FundDetails/BG43QH5/SelfSelectFund
3661,Polar Capital Biotechnology Class I Income,,https://www.direct.aviva.co.uk/wealth/FundChoice/SelfSelectFundsList/FundDetails/B42P0H7/SelfSelectFund
3662,Polar Capital Emerging Market Stars Class I Accumulation,,https://www.direct.aviva.co.uk/wealth/FundChoice/SelfSelectFundsList/FundDetails/BFMFDG4/SelfSelectFund
3663,Polar Capital European (ex UK) Income Class I Accumulation,,https://www.direct.aviva.co.uk/wealth/FundChoice/SelfSelectFundsList/FundDetails/BWX5D39/SelfSelectFund
3664,Polar Capital European (ex UK) Income Class I Hedged Accumulation,,https://www.direct.aviva.co.uk/wealth/FundChoice/SelfSelectFundsList/FundDetails/BWX5D51/SelfSelectFund
3665,Polar Capital European (ex UK) Income Class I Hedged Income,,https://www.direct.aviva.co.uk/wealth/FundChoice/SelfSelectFundsList/FundDetails/BWX5D40/SelfSelectFund
3666,Polar Capital European (ex UK) Income Class I Income,,https://www.direct.aviva.co.uk/wealth/FundChoice/SelfSelectFundsList/FundDetails/BWX5D28/SelfSelectFund
3667,Polar Capital Financial Credit Class I Accumulation,,https://www.direct.aviva.co.uk/wealth/FundChoice/SelfSelectFundsList/FundDetails/B73PVZ2/SelfSelectFund
3668,Polar Capital Financial Credit Class I Income,,https://www.direct.aviva.co.uk/wealth/FundChoice/SelfSelectFundsList/FundDetails/B4TCHT2/SelfSelectFund
3669,Polar Capital Global Convertible Class I Accumulation,,https://www.direct.aviva.co.uk/wealth/FundChoice/SelfSelectFundsList/FundDetails/BCDBX71/SelfSelectFund
3670,Polar Capital Global Convertible Class I Hedged Accumulation,,https://www.direct.aviva.co.uk/wealth/FundChoice/SelfSelectFundsList/FundDetails/BPH3MK0/SelfSelectFund
3671,Polar Capital Global Convertible Class I Hedged Income,,https://www.direct.aviva.co.uk/wealth/FundChoice/SelfSelectFundsList/FundDetails/BPH3MJ9/SelfSelectFund
3672,Polar Capital Global Convertible Class I Income,,https://www.direct.aviva.co.uk/wealth/FundChoice/SelfSelectFundsList/FundDetails/BCDBX60/SelfSelectFund
3673,Polar Capital Global Convertible Class I Portfolio Currency Hedged Income,,https://www.direct.aviva.co.uk/wealth/FundChoice/SelfSelectFundsList/FundDetails/BYWG2G3/SelfSelectFund
3674,Polar Capital Global Healthcare Select Class I Accumulation,,https://www.direct.aviva.co.uk/wealth/FundChoice/SelfSelectFundsList/FundDetails/BPRBXV2/SelfSelectFund
3675,Polar Capital Global Healthcare Select Class I Income,,https://www.direct.aviva.co.uk/wealth/FundChoice/SelfSelectFundsList/FundDetails/BPRBXT0/SelfSelectFund
3676,Polar Capital Global Insurance Class I Acc Accumulation,,https://www.direct.aviva.co.uk/wealth/FundChoice/SelfSelectFundsList/FundDetails/B5339C5/SelfSelectFund
3677,Polar Capital Global Insurance Class I Dist Income,,https://www.direct.aviva.co.uk/wealth/FundChoice/SelfSelectFundsList/FundDetails/B530JS2/SelfSelectFund
3678,Polar Capital Global Technology Class I Hedged Income,,https://www.direct.aviva.co.uk/wealth/FundChoice/SelfSelectFundsList/FundDetails/BW9HD62/SelfSelectFund
3679,Polar Capital Global Technology Class I Income,,https://www.direct.aviva.co.uk/wealth/FundChoice/SelfSelectFundsList/FundDetails/B42W4J8/SelfSelectFund
3680,Polar Capital Healthcare Opportunities Class I Income,,https://www.direct.aviva.co.uk/wealth/FundChoice/SelfSelectFundsList/FundDetails/B3NLDF6/SelfSelectFund
3681,Polar Capital Japan Value Class S Hedged Income,,https://www.direct.aviva.co.uk/wealth/FundChoice/SelfSelectFundsList/FundDetails/B8C0M52/SelfSelectFund
3682,Polar Capital Japan Value Class S Inc Income,,https://www.direct.aviva.co.uk/wealth/FundChoice/SelfSelectFundsList/FundDetails/B6TBKM7/SelfSelectFund
3683,Polar Capital North American Class I Hedged Income,,https://www.direct.aviva.co.uk/wealth/FundChoice/SelfSelectFundsList/FundDetails/B615SX4/SelfSelectFund
3684,Polar Capital North American Class I Income,,https://www.direct.aviva.co.uk/wealth/FundChoice/SelfSelectFundsList/FundDetails/B6TRWB8/SelfSelectFund
3685,Polar Capital Smart Energy Class I Accumulation,,https://www.direct.aviva.co.uk/wealth/FundChoice/SelfSelectFundsList/FundDetails/BPF0PL5/SelfSelectFund
3686,Polar Capital Smart Mobility Class I Accumulation,,https://www.direct.aviva.co.uk/wealth/FundChoice/SelfSelectFundsList/FundDetails/BPF0PX7/SelfSelectFund
3687,Polar Capital UK Value Opportunities Class I Accumulation,,https://www.direct.aviva.co.uk/wealth/FundChoice/SelfSelectFundsList/FundDetails/BD81XX9/SelfSelectFund
3688,Polar Capital UK Value Opportunities Class I Income,,https://www.direct.aviva.co.uk/wealth/FundChoice/SelfSelectFundsList/FundDetails/BD81XW8/SelfSelectFund
3689,Polen Capital Management MI Polen Capital Emerging Markets Growth Class A Accumulation,,https://www.direct.aviva.co.uk/wealth/FundChoice/SelfSelectFundsList/FundDetails/B4Q0711/SelfSelectFund
3690,Polen Capital Management MI Polen Capital Emerging Markets Growth Class A Income,,https://www.direct.aviva.co.uk/wealth/FundChoice/SelfSelectFundsList/FundDetails/B4QKMK5/SelfSelectFund
3691,Polen Capital Management Polen Capital Focus U.S. Growth GBP Accumulation,,https://www.direct.aviva.co.uk/wealth/FundChoice/SelfSelectFundsList/FundDetails/BYYP0W0/SelfSelectFund
3692,Polen Capital Management Polen Capital Focus U.S. Growth GBP Hedged (Institutional) Acc Accumulation,,https://www.direct.aviva.co.uk/wealth/FundChoice/SelfSelectFundsList/FundDetails/B7WMPB8/SelfSelectFund
3693,Polen Capital Management Polen Capital Focus U.S. Growth GBP Hedged (Institutional) Inc Income,,https://www.direct.aviva.co.uk/wealth/FundChoice/SelfSelectFundsList/FundDetails/BD058W3/SelfSelectFund
3694,Premier Miton Premier Miton Alternative Investments Class C Accumulation,,https://www.direct.aviva.co.uk/wealth/FundChoice/SelfSelectFundsList/FundDetails/BTHH051/SelfSelectFund
3695,Premier Miton Premier Miton Alternative Investments Class C Income,,https://www.direct.aviva.co.uk/wealth/FundChoice/SelfSelectFundsList/FundDetails/B832BD8/SelfSelectFund
3696,Premier Miton Premier Miton Cautious Monthly Income Class B Accumulation,,https://www.direct.aviva.co.uk/wealth/FundChoice/SelfSelectFundsList/FundDetails/B7T1347/SelfSelectFund
3697,Premier Miton Premier Miton Cautious Monthly Income Class B Income,,https://www.direct.aviva.co.uk/wealth/FundChoice/SelfSelectFundsList/FundDetails/B79QBF9/SelfSelectFund
3698,Premier Miton Premier Miton Cautious Multi Asset Class B Accumulation,,https://www.direct.aviva.co.uk/wealth/FundChoice/SelfSelectFundsList/FundDetails/B0W1V85/SelfSelectFund
3699,Premier Miton Premier Miton Corporate Bond Monthly Income Class B Income,,https://www.direct.aviva.co.uk/wealth/FundChoice/SelfSelectFundsList/FundDetails/0390723/SelfSelectFund
3700,Premier Miton Premier Miton Corporate Bond Monthly Income Class C Accumulation,,https://www.direct.aviva.co.uk/wealth/FundChoice/SelfSelectFundsList/FundDetails/BMX6FH0/SelfSelectFund
3701,Premier Miton Premier Miton Corporate Bond Monthly Income Class C Income,,https://www.direct.aviva.co.uk/wealth/FundChoice/SelfSelectFundsList/FundDetails/0389549/SelfSelectFund
3702,Premier Miton Premier Miton Defensive Multi Asset Class B Accumulation,,https://www.direct.aviva.co.uk/wealth/FundChoice/SelfSelectFundsList/FundDetails/B0525B6/SelfSelectFund
3703,Premier Miton Premier Miton Defensive Multi Asset Class B Income,,https://www.direct.aviva.co.uk/wealth/FundChoice/SelfSelectFundsList/FundDetails/BMYBW06/SelfSelectFund
3704,Premier Miton Premier Miton Diversified Balanced Growth Class D Accumulation,,https://www.direct.aviva.co.uk/wealth/FundChoice/SelfSelectFundsList/FundDetails/BMQ5MM8/SelfSelectFund
3705,Premier Miton Premier Miton Diversified Balanced Growth Class D Income,,https://www.direct.aviva.co.uk/wealth/FundChoice/SelfSelectFundsList/FundDetails/BHNWGP8/SelfSelectFund
3706,Premier Miton Premier Miton Diversified Cautious Growth Class D Accumulation,,https://www.direct.aviva.co.uk/wealth/FundChoice/SelfSelectFundsList/FundDetails/BMQ5MN9/SelfSelectFund
3707,Premier Miton Premier Miton Diversified Cautious Growth Class D Income,,https://www.direct.aviva.co.uk/wealth/FundChoice/SelfSelectFundsList/FundDetails/BHNZ2P9/SelfSelectFund
3708,Premier Miton Premier Miton Diversified Dynamic Growth Class D Accumulation,,https://www.direct.aviva.co.uk/wealth/FundChoice/SelfSelectFundsList/FundDetails/BMQ5ML7/SelfSelectFund
3709,Premier Miton Premier Miton Diversified Dynamic Growth Class D Income,,https://www.direct.aviva.co.uk/wealth/FundChoice/SelfSelectFundsList/FundDetails/BHNWH99/SelfSelectFund
3710,Premier Miton Premier Miton Diversified Growth Class D Accumulation,,https://www.direct.aviva.co.uk/wealth/FundChoice/SelfSelectFundsList/FundDetails/BMQ5L21/SelfSelectFund
3711,Premier Miton Premier Miton Diversified Growth Class D Income,,https://www.direct.aviva.co.uk/wealth/FundChoice/SelfSelectFundsList/FundDetails/B8BJV42/SelfSelectFund
3712,Premier Miton Premier Miton Diversified Income Class D Accumulation,,https://www.direct.aviva.co.uk/wealth/FundChoice/SelfSelectFundsList/FundDetails/BMQ5MK6/SelfSelectFund
3713,Premier Miton Premier Miton Diversified Income Class D Income,,https://www.direct.aviva.co.uk/wealth/FundChoice/SelfSelectFundsList/FundDetails/BYPDV97/SelfSelectFund
3714,Premier Miton Premier Miton Diversified Responsible Growth Fund Class D Accumulation,,https://www.direct.aviva.co.uk/wealth/FundChoice/SelfSelectFundsList/FundDetails/BF1CW03/SelfSelectFund
3715,Premier Miton Premier Miton European Opportunities Class B Accumulation,,https://www.direct.aviva.co.uk/wealth/FundChoice/SelfSelectFundsList/FundDetails/BZ2K2M8/SelfSelectFund
3716,Premier Miton Premier Miton European Opportunities Class B Income,,https://www.direct.aviva.co.uk/wealth/FundChoice/SelfSelectFundsList/FundDetails/BMCC201/SelfSelectFund
3717,Premier Miton Premier Miton Global Infrastructure Income Class B Accumulation,,https://www.direct.aviva.co.uk/wealth/FundChoice/SelfSelectFundsList/FundDetails/BD3H9L2/SelfSelectFund
3718,Premier Miton Premier Miton Global Infrastructure Income Class B Income,,https://www.direct.aviva.co.uk/wealth/FundChoice/SelfSelectFundsList/FundDetails/BD3H9M3/SelfSelectFund
3719,Premier Miton Premier Miton Global Sustainable Growth Class C Accumulation,,https://www.direct.aviva.co.uk/wealth/FundChoice/SelfSelectFundsList/FundDetails/B6740K6/SelfSelectFund
3720,Premier Miton Premier Miton Global Sustainable Growth Class C Income,,https://www.direct.aviva.co.uk/wealth/FundChoice/SelfSelectFundsList/FundDetails/B68FGC2/SelfSelectFund
3721,Premier Miton Premier Miton Global Sustainable Optimum Income Class C Income,,https://www.direct.aviva.co.uk/wealth/FundChoice/SelfSelectFundsList/FundDetails/BFZND65/SelfSelectFund
3722,Premier Miton Premier Miton Liberation IV Class B Income,,https://www.direct.aviva.co.uk/wealth/FundChoice/SelfSelectFundsList/FundDetails/BN893S8/SelfSelectFund
3723,Premier Miton Premier Miton Liberation IV Class C Accumulation,,https://www.direct.aviva.co.uk/wealth/FundChoice/SelfSelectFundsList/FundDetails/B5N42Z2/SelfSelectFund
3724,Premier Miton Premier Miton Liberation IV Class C Income,,https://www.direct.aviva.co.uk/wealth/FundChoice/SelfSelectFundsList/FundDetails/B55VCJ5/SelfSelectFund
3725,Premier Miton Premier Miton Liberation V Class B Income,,https://www.direct.aviva.co.uk/wealth/FundChoice/SelfSelectFundsList/FundDetails/BN7ZDZ4/SelfSelectFund
3726,Premier Miton Premier Miton Liberation V Class C Accumulation,,https://www.direct.aviva.co.uk/wealth/FundChoice/SelfSelectFundsList/FundDetails/B675ST4/SelfSelectFund
3727,Premier Miton Premier Miton Liberation V Class C Income,,https://www.direct.aviva.co.uk/wealth/FundChoice/SelfSelectFundsList/FundDetails/B3NZPP2/SelfSelectFund
3728,Premier Miton Premier Miton Liberation VI Class B Income,,https://www.direct.aviva.co.uk/wealth/FundChoice/SelfSelectFundsList/FundDetails/BN7ZF03/SelfSelectFund
3729,Premier Miton Premier Miton Liberation VI Class C Accumulation,,https://www.direct.aviva.co.uk/wealth/FundChoice/SelfSelectFundsList/FundDetails/B66WQ69/SelfSelectFund
3730,Premier Miton Premier Miton Liberation VII Class B Income,,https://www.direct.aviva.co.uk/wealth/FundChoice/SelfSelectFundsList/FundDetails/BN7ZF14/SelfSelectFund
3731,Premier Miton Premier Miton Liberation VII Class C Accumulation,,https://www.direct.aviva.co.uk/wealth/FundChoice/SelfSelectFundsList/FundDetails/B644ZN7/SelfSelectFund
3732,Premier Miton Premier Miton Monthly Income Class C Accumulation,,https://www.direct.aviva.co.uk/wealth/FundChoice/SelfSelectFundsList/FundDetails/BTHH095/SelfSelectFund
3733,Premier Miton Premier Miton Monthly Income Class C Income,,https://www.direct.aviva.co.uk/wealth/FundChoice/SelfSelectFundsList/FundDetails/0388687/SelfSelectFund
3734,Premier Miton Premier Miton Multi-Asset Distribution Class C Accumulation,,https://www.direct.aviva.co.uk/wealth/FundChoice/SelfSelectFundsList/FundDetails/BTHH0B7/SelfSelectFund
3735,Premier Miton Premier Miton Multi-Asset Distribution Class C Income,,https://www.direct.aviva.co.uk/wealth/FundChoice/SelfSelectFundsList/FundDetails/B40RNW1/SelfSelectFund
3736,Premier Miton Premier Miton Multi-Asset Global Growth Class C Accumulation,,https://www.direct.aviva.co.uk/wealth/FundChoice/SelfSelectFundsList/FundDetails/BTHH0G2/SelfSelectFund
3737,Premier Miton Premier Miton Multi-Asset Global Growth Class C Income,,https://www.direct.aviva.co.uk/wealth/FundChoice/SelfSelectFundsList/FundDetails/B7ZTRZ4/SelfSelectFund
3738,Premier Miton Premier Miton Multi-Asset Growth & Income Class C Accumulation,,https://www.direct.aviva.co.uk/wealth/FundChoice/SelfSelectFundsList/FundDetails/BTHH0C8/SelfSelectFund
3739,Premier Miton Premier Miton Multi-Asset Growth & Income Class C Income,,https://www.direct.aviva.co.uk/wealth/FundChoice/SelfSelectFundsList/FundDetails/B78H4K9/SelfSelectFund
3740,Premier Miton Premier Miton Multi-Asset Monthly Income Class C Accumulation,,https://www.direct.aviva.co.uk/wealth/FundChoice/SelfSelectFundsList/FundDetails/BTHH0D9/SelfSelectFund
3741,Premier Miton Premier Miton Multi-Asset Monthly Income Class C Income,,https://www.direct.aviva.co.uk/wealth/FundChoice/SelfSelectFundsList/FundDetails/B7GGPC7/SelfSelectFund
3742,Premier Miton Premier Miton Optimum Income Class C Income,,https://www.direct.aviva.co.uk/wealth/FundChoice/SelfSelectFundsList/FundDetails/B3DDDX0/SelfSelectFund
3743,Premier Miton Premier Miton Pan European Property Share Class C Accumulation,,https://www.direct.aviva.co.uk/wealth/FundChoice/SelfSelectFundsList/FundDetails/B65PFY0/SelfSelectFund
3744,Premier Miton Premier Miton Pan European Property Share Class C Income,,https://www.direct.aviva.co.uk/wealth/FundChoice/SelfSelectFundsList/FundDetails/B65PFX9/SelfSelectFund
3745,Premier Miton Premier Miton Responsible UK Equity Class C Accumulation,,https://www.direct.aviva.co.uk/wealth/FundChoice/SelfSelectFundsList/FundDetails/BTHH062/SelfSelectFund
3746,Premier Miton Premier Miton Responsible UK Equity Class C Income,,https://www.direct.aviva.co.uk/wealth/FundChoice/SelfSelectFundsList/FundDetails/0407300/SelfSelectFund
3747,Premier Miton Premier Miton Strategic Monthly Income Bond Class C Accumulation,,https://www.direct.aviva.co.uk/wealth/FundChoice/SelfSelectFundsList/FundDetails/BMWVS11/SelfSelectFund
3748,Premier Miton Premier Miton Strategic Monthly Income Bond Class C Income,,https://www.direct.aviva.co.uk/wealth/FundChoice/SelfSelectFundsList/FundDetails/BMWVS00/SelfSelectFund
3749,Premier Miton Premier Miton Tellworth UK Dynamic Absolute Return Class A Accumulation,,https://www.direct.aviva.co.uk/wealth/FundChoice/SelfSelectFundsList/FundDetails/BLFJP69/SelfSelectFund
3750,Premier Miton Premier Miton Tellworth UK Select Class A Accumulation,,https://www.direct.aviva.co.uk/wealth/FundChoice/SelfSelectFundsList/FundDetails/BNY7YM7/SelfSelectFund
3751,Premier Miton Premier Miton Tellworth UK Select Class A Income,,https://www.direct.aviva.co.uk/wealth/FundChoice/SelfSelectFundsList/FundDetails/BNY7YL6/SelfSelectFund
3752,Premier Miton Premier Miton Tellworth UK Smaller Companies Fund Class I Accumulation,,https://www.direct.aviva.co.uk/wealth/FundChoice/SelfSelectFundsList/FundDetails/BDTM8C5/SelfSelectFund
3753,Premier Miton Premier Miton Tellworth UK Smaller Companies Fund Class I Income,,https://www.direct.aviva.co.uk/wealth/FundChoice/SelfSelectFundsList/FundDetails/BNR4KV6/SelfSelectFund
3754,Premier Miton Premier Miton UK Focus Class I Income,,https://www.direct.aviva.co.uk/wealth/FundChoice/SelfSelectFundsList/FundDetails/3337749/SelfSelectFund
3755,Premier Miton Premier Miton UK Growth Class C Income,,https://www.direct.aviva.co.uk/wealth/FundChoice/SelfSelectFundsList/FundDetails/3163922/SelfSelectFund
3756,Premier Miton Premier Miton UK Money Market Class B Accumulation,,https://www.direct.aviva.co.uk/wealth/FundChoice/SelfSelectFundsList/FundDetails/BTHH0F1/SelfSelectFund
3757,Premier Miton Premier Miton UK Money Market Class B Income,,https://www.direct.aviva.co.uk/wealth/FundChoice/SelfSelectFundsList/FundDetails/B8HDQ54/SelfSelectFund
3758,Premier Miton Premier Miton UK Multi Cap Income Class B Accumulation,,https://www.direct.aviva.co.uk/wealth/FundChoice/SelfSelectFundsList/FundDetails/B41NHD7/SelfSelectFund
3759,Premier Miton Premier Miton UK Multi Cap Income Class B Income,,https://www.direct.aviva.co.uk/wealth/FundChoice/SelfSelectFundsList/FundDetails/B4M24M1/SelfSelectFund
3760,Premier Miton Premier Miton UK Smaller Companies Class B Accumulation,,https://www.direct.aviva.co.uk/wealth/FundChoice/SelfSelectFundsList/FundDetails/B8JWZP2/SelfSelectFund
3761,Premier Miton Premier Miton UK Smaller Companies Class B Income,,https://www.direct.aviva.co.uk/wealth/FundChoice/SelfSelectFundsList/FundDetails/B74F225/SelfSelectFund
3762,Premier Miton Premier Miton UK Value Opportunities Class B Accumulation,,https://www.direct.aviva.co.uk/wealth/FundChoice/SelfSelectFundsList/FundDetails/B8QW1M4/SelfSelectFund
3763,Premier Miton Premier Miton UK Value Opportunities Class B Income,,https://www.direct.aviva.co.uk/wealth/FundChoice/SelfSelectFundsList/FundDetails/B86X4W8/SelfSelectFund
3764,Premier Miton Premier Miton US Opportunities Class B Accumulation,,https://www.direct.aviva.co.uk/wealth/FundChoice/SelfSelectFundsList/FundDetails/B8278F5/SelfSelectFund
3765,Premier Miton Premier Miton US Smaller Companies Class B Accumulation,,https://www.direct.aviva.co.uk/wealth/FundChoice/SelfSelectFundsList/FundDetails/BF54H99/SelfSelectFund
3766,Principal GIF Finisterre Unconstrained Emerging Markets Fixed Income Hedged I Class Accumulation,,https://www.direct.aviva.co.uk/wealth/FundChoice/SelfSelectFundsList/FundDetails/BD2ZKY7/SelfSelectFund
3767,Protea Funds Navera Core Equity With Fixed Income Strategy GBP Class A Acc Accumulation,,https://www.direct.aviva.co.uk/wealth/FundChoice/SelfSelectFundsList/FundDetails/BGNY9W5/SelfSelectFund
3768,Protea Funds Navera Core Equity With Fixed Income Strategy GBP Class A Inc Income,,https://www.direct.aviva.co.uk/wealth/FundChoice/SelfSelectFundsList/FundDetails/BGNY9V4/SelfSelectFund
3769,Protea Funds Navera High Equity Strategy GBP Class A Acc Accumulation,,https://www.direct.aviva.co.uk/wealth/FundChoice/SelfSelectFundsList/FundDetails/BG33GV0/SelfSelectFund
3770,Protea Funds Navera High Equity Strategy GBP Class A Inc Income,,https://www.direct.aviva.co.uk/wealth/FundChoice/SelfSelectFundsList/FundDetails/BG35PF3/SelfSelectFund
3771,Protea Funds TM Navera Global Equity Strategy Class A Acc Accumulation,,https://www.direct.aviva.co.uk/wealth/FundChoice/SelfSelectFundsList/FundDetails/BNV0F82/SelfSelectFund
3772,Protea Funds TM Navera Global Equity Strategy Class A Inc Income,,https://www.direct.aviva.co.uk/wealth/FundChoice/SelfSelectFundsList/FundDetails/BNV0FG0/SelfSelectFund
3773,Pyrford International Global Total Return Class B Accumulation,,https://www.direct.aviva.co.uk/wealth/FundChoice/SelfSelectFundsList/FundDetails/BZ0CQG8/SelfSelectFund
3774,Pyrford International Global Total Return Class B Income,,https://www.direct.aviva.co.uk/wealth/FundChoice/SelfSelectFundsList/FundDetails/BZ0CQH9/SelfSelectFund
3775,Pzena Investment Management LLC Europe ex-UK Focused Value Class A Accumulation,,https://www.direct.aviva.co.uk/wealth/FundChoice/SelfSelectFundsList/FundDetails/BQQ7FY5/SelfSelectFund
3776,Pzena Investment Management LLC Europe ex-UK Focused Value Class A Income,,https://www.direct.aviva.co.uk/wealth/FundChoice/SelfSelectFundsList/FundDetails/BQQ7G31/SelfSelectFund
3777,Pzena Investment Management LLC Global Value Class A Accumulation,,https://www.direct.aviva.co.uk/wealth/FundChoice/SelfSelectFundsList/FundDetails/BHBF0S0/SelfSelectFund
3778,Pzena Investment Management LLC Global Value Class A Income,,https://www.direct.aviva.co.uk/wealth/FundChoice/SelfSelectFundsList/FundDetails/BYNVGF4/SelfSelectFund
3779,Quilter Cheviot Libero Balanced Class B Accumulation,,https://www.direct.aviva.co.uk/wealth/FundChoice/SelfSelectFundsList/FundDetails/B4S5LT0/SelfSelectFund
3780,Quilter Cheviot Libero Balanced Class B Income,,https://www.direct.aviva.co.uk/wealth/FundChoice/SelfSelectFundsList/FundDetails/B4PR843/SelfSelectFund
3781,Quilter Cheviot Sustainable Opportunities Balanced Fund Class B Accumulation,,https://www.direct.aviva.co.uk/wealth/FundChoice/SelfSelectFundsList/FundDetails/B3K3HX1/SelfSelectFund
3782,Quilter Cheviot Sustainable Opportunities Balanced Fund Class B Income,,https://www.direct.aviva.co.uk/wealth/FundChoice/SelfSelectFundsList/FundDetails/B5QHLR3/SelfSelectFund
3783,Quilter Cheviot Sustainable Opportunities Growth Fund Class B Accumulation,,https://www.direct.aviva.co.uk/wealth/FundChoice/SelfSelectFundsList/FundDetails/BMHDN95/SelfSelectFund
3784,Quilter Cheviot Sustainable Opportunities Growth Fund Class B Income,,https://www.direct.aviva.co.uk/wealth/FundChoice/SelfSelectFundsList/FundDetails/BMHDNB7/SelfSelectFund
3785,Quilter Investors Multi Asset (Onshore) Quilter Investors Cirilium Adventurous Blend Portfolio Class U1 Accumulation,,https://www.direct.aviva.co.uk/wealth/FundChoice/SelfSelectFundsList/FundDetails/BJV3M71/SelfSelectFund
3786,Quilter Investors Multi Asset (Onshore) Quilter Investors Cirilium Adventurous Passive Portfolio Class R Accumulation,,https://www.direct.aviva.co.uk/wealth/FundChoice/SelfSelectFundsList/FundDetails/BF2C6F5/SelfSelectFund
3787,Quilter Investors Multi Asset (Onshore) Quilter Investors Cirilium Adventurous Portfolio Class R Accumulation,,https://www.direct.aviva.co.uk/wealth/FundChoice/SelfSelectFundsList/FundDetails/BF2C6D3/SelfSelectFund
3788,Quilter Investors Multi Asset (Onshore) Quilter Investors Cirilium Balanced Blend Portfolio Class U1 Accumulation,,https://www.direct.aviva.co.uk/wealth/FundChoice/SelfSelectFundsList/FundDetails/BJV3LS5/SelfSelectFund
3789,Quilter Investors Multi Asset (Onshore) Quilter Investors Cirilium Balanced Passive Portfolio Class R Accumulation,,https://www.direct.aviva.co.uk/wealth/FundChoice/SelfSelectFundsList/FundDetails/B7VWLQ6/SelfSelectFund
3790,Quilter Investors Multi Asset (Onshore) Quilter Investors Cirilium Balanced Portfolio Class R Accumulation,,https://www.direct.aviva.co.uk/wealth/FundChoice/SelfSelectFundsList/FundDetails/B2Q8V20/SelfSelectFund
3791,Quilter Investors Multi Asset (Onshore) Quilter Investors Cirilium Conservative Blend Portfolio Class U1 Accumulation,,https://www.direct.aviva.co.uk/wealth/FundChoice/SelfSelectFundsList/FundDetails/BJV3LQ3/SelfSelectFund
3792,Quilter Investors Multi Asset (Onshore) Quilter Investors Cirilium Conservative Passive Portfolio Class R Accumulation,,https://www.direct.aviva.co.uk/wealth/FundChoice/SelfSelectFundsList/FundDetails/B8BKRY7/SelfSelectFund
3793,Quilter Investors Multi Asset (Onshore) Quilter Investors Cirilium Conservative Portfolio Class R Accumulation,,https://www.direct.aviva.co.uk/wealth/FundChoice/SelfSelectFundsList/FundDetails/B6XW5B0/SelfSelectFund
3794,Quilter Investors Multi Asset (Onshore) Quilter Investors Cirilium Dynamic Blend Portfolio Class U1 Accumulation,,https://www.direct.aviva.co.uk/wealth/FundChoice/SelfSelectFundsList/FundDetails/BJV3M37/SelfSelectFund
3795,Quilter Investors Multi Asset (Onshore) Quilter Investors Cirilium Dynamic Passive Portfolio Class R Accumulation,,https://www.direct.aviva.co.uk/wealth/FundChoice/SelfSelectFundsList/FundDetails/B909QP6/SelfSelectFund
3796,Quilter Investors Multi Asset (Onshore) Quilter Investors Cirilium Dynamic Portfolio Class R Accumulation,,https://www.direct.aviva.co.uk/wealth/FundChoice/SelfSelectFundsList/FundDetails/B2Q8TX7/SelfSelectFund
3797,Quilter Investors Multi Asset (Onshore) Quilter Investors Cirilium Moderate Blend Portfolio Class U1 Accumulation,,https://www.direct.aviva.co.uk/wealth/FundChoice/SelfSelectFundsList/FundDetails/BJV3LY1/SelfSelectFund
3798,Quilter Investors Multi Asset (Onshore) Quilter Investors Cirilium Moderate Passive Portfolio Class R Accumulation,,https://www.direct.aviva.co.uk/wealth/FundChoice/SelfSelectFundsList/FundDetails/B8Y8NJ5/SelfSelectFund
3799,Quilter Investors Multi Asset (Onshore) Quilter Investors Cirilium Moderate Portfolio Class R Accumulation,,https://www.direct.aviva.co.uk/wealth/FundChoice/SelfSelectFundsList/FundDetails/B2Q8TQ0/SelfSelectFund
3800,Quilter Investors Multi Asset (Onshore) Quilter Investors Creation Adventurous Portfolio Class U1 Accumulation,,https://www.direct.aviva.co.uk/wealth/FundChoice/SelfSelectFundsList/FundDetails/BZ4TK30/SelfSelectFund
3801,Quilter Investors Multi Asset (Onshore) Quilter Investors Creation Balanced Portfolio Class U1 Accumulation,,https://www.direct.aviva.co.uk/wealth/FundChoice/SelfSelectFundsList/FundDetails/B885756/SelfSelectFund
3802,Quilter Investors Multi Asset (Onshore) Quilter Investors Creation Conservative Portfolio Class U1 Accumulation,,https://www.direct.aviva.co.uk/wealth/FundChoice/SelfSelectFundsList/FundDetails/B73MGD6/SelfSelectFund
3803,Quilter Investors Multi Asset (Onshore) Quilter Investors Creation Dynamic Portfolio Class U1 Accumulation,,https://www.direct.aviva.co.uk/wealth/FundChoice/SelfSelectFundsList/FundDetails/B8NXQ58/SelfSelectFund
3804,Quilter Investors Multi Asset (Onshore) Quilter Investors Creation Moderate Portfolio Class U1 Accumulation,,https://www.direct.aviva.co.uk/wealth/FundChoice/SelfSelectFundsList/FundDetails/B88LG35/SelfSelectFund
3805,Quilter Investors Multi Asset (Onshore) Quilter Investors Ethical Equity Class R Accumulation,,https://www.direct.aviva.co.uk/wealth/FundChoice/SelfSelectFundsList/FundDetails/B8RZ2W9/SelfSelectFund
3806,Quilter Investors Multi Asset (Onshore) Quilter Investors Global Dynamic Equity Class R Accumulation,,https://www.direct.aviva.co.uk/wealth/FundChoice/SelfSelectFundsList/FundDetails/B6SF6S8/SelfSelectFund
3807,Quilter Investors Multi Asset (Onshore) Quilter Investors Global Unconstrained Equity Class U1 Accumulation,,https://www.direct.aviva.co.uk/wealth/FundChoice/SelfSelectFundsList/FundDetails/BJ4WYJ1/SelfSelectFund
3808,Quilter Investors Multi Asset (Onshore) Quilter Investors Monthly Income & Growth Portfolio Class F Accumulation,,https://www.direct.aviva.co.uk/wealth/FundChoice/SelfSelectFundsList/FundDetails/BZ00X83/SelfSelectFund
3809,Quilter Investors Multi Asset (Onshore) Quilter Investors Monthly Income & Growth Portfolio Class F Income,,https://www.direct.aviva.co.uk/wealth/FundChoice/SelfSelectFundsList/FundDetails/BZ00X72/SelfSelectFund
3810,Quilter Investors Multi Asset (Onshore) Quilter Investors Monthly Income & Growth Portfolio Class U1 Accumulation,,https://www.direct.aviva.co.uk/wealth/FundChoice/SelfSelectFundsList/FundDetails/BJMXH08/SelfSelectFund
3811,Quilter Investors Multi Asset (Onshore) Quilter Investors Monthly Income & Growth Portfolio Class U1 Income,,https://www.direct.aviva.co.uk/wealth/FundChoice/SelfSelectFundsList/FundDetails/BJMXGY5/SelfSelectFund
3812,Quilter Investors Multi Asset (Onshore) Quilter Investors Monthly Income Portfolio Class F Accumulation,,https://www.direct.aviva.co.uk/wealth/FundChoice/SelfSelectFundsList/FundDetails/BZ00WN1/SelfSelectFund
3813,Quilter Investors Multi Asset (Onshore) Quilter Investors Monthly Income Portfolio Class F Income,,https://www.direct.aviva.co.uk/wealth/FundChoice/SelfSelectFundsList/FundDetails/BZ00WM0/SelfSelectFund
3814,Quilter Investors Multi Asset (Onshore) Quilter Investors Monthly Income Portfolio Class U1 Accumulation,,https://www.direct.aviva.co.uk/wealth/FundChoice/SelfSelectFundsList/FundDetails/BJMXGV2/SelfSelectFund
3815,Quilter Investors Multi Asset (Onshore) Quilter Investors Monthly Income Portfolio Class U1 Income,,https://www.direct.aviva.co.uk/wealth/FundChoice/SelfSelectFundsList/FundDetails/BJMXGW3/SelfSelectFund
3816,Ranmore Ranmore Global Equity Fund plc Institutional Class Accumulation,,https://www.direct.aviva.co.uk/wealth/FundChoice/SelfSelectFundsList/FundDetails/BR2Q8G6/SelfSelectFund
3817,Rathbones Asset Management Limited Ethical Bond I Class Accumulation,,https://www.direct.aviva.co.uk/wealth/FundChoice/SelfSelectFundsList/FundDetails/B77DQT1/SelfSelectFund
3818,Rathbones Asset Management Limited Ethical Bond I Class Income,,https://www.direct.aviva.co.uk/wealth/FundChoice/SelfSelectFundsList/FundDetails/B7FQJT3/SelfSelectFund
3819,Rathbones Asset Management Limited Global Opportunities I Class Accumulation,,https://www.direct.aviva.co.uk/wealth/FundChoice/SelfSelectFundsList/FundDetails/B7FQLN1/SelfSelectFund
3820,Rathbones Asset Management Limited Greenbank Defensive Growth Portfolio Class S Accumulation,,https://www.direct.aviva.co.uk/wealth/FundChoice/SelfSelectFundsList/FundDetails/BMQC6L6/SelfSelectFund
3821,Rathbones Asset Management Limited Greenbank Defensive Growth Portfolio Class S Income,,https://www.direct.aviva.co.uk/wealth/FundChoice/SelfSelectFundsList/FundDetails/BMQC6K5/SelfSelectFund
3822,Rathbones Asset Management Limited Greenbank Dynamic Growth Portfolio Class S Accumulation,,https://www.direct.aviva.co.uk/wealth/FundChoice/SelfSelectFundsList/FundDetails/BMQC6J4/SelfSelectFund
3823,Rathbones Asset Management Limited Greenbank Dynamic Growth Portfolio Class S Income,,https://www.direct.aviva.co.uk/wealth/FundChoice/SelfSelectFundsList/FundDetails/BMQC6H2/SelfSelectFund
3824,Rathbones Asset Management Limited Greenbank Global Sustainability Class S Accumulation,,https://www.direct.aviva.co.uk/wealth/FundChoice/SelfSelectFundsList/FundDetails/BDZVKB9/SelfSelectFund
3825,Rathbones Asset Management Limited Greenbank Global Sustainability Class S Income,,https://www.direct.aviva.co.uk/wealth/FundChoice/SelfSelectFundsList/FundDetails/BDZVK97/SelfSelectFund
3826,Rathbones Asset Management Limited Greenbank Strategic Growth Portfolio Class S Accumulation,,https://www.direct.aviva.co.uk/wealth/FundChoice/SelfSelectFundsList/FundDetails/BMQC4P6/SelfSelectFund
3827,Rathbones Asset Management Limited Greenbank Strategic Growth Portfolio Class S Income,,https://www.direct.aviva.co.uk/wealth/FundChoice/SelfSelectFundsList/FundDetails/BMQC4N4/SelfSelectFund
3828,Rathbones Asset Management Limited Greenbank Total Return Portfolio Class S Accumulation,,https://www.direct.aviva.co.uk/wealth/FundChoice/SelfSelectFundsList/FundDetails/BMQC4S9/SelfSelectFund
3829,Rathbones Asset Management Limited Greenbank Total Return Portfolio Class S Income,,https://www.direct.aviva.co.uk/wealth/FundChoice/SelfSelectFundsList/FundDetails/BMQC4Q7/SelfSelectFund
3830,Rathbones Asset Management Limited High Quality Bond Class I Accumulation,,https://www.direct.aviva.co.uk/wealth/FundChoice/SelfSelectFundsList/FundDetails/BD5DN50/SelfSelectFund
3831,Rathbones Asset Management Limited High Quality Bond Class I Income,,https://www.direct.aviva.co.uk/wealth/FundChoice/SelfSelectFundsList/FundDetails/BD5DN49/SelfSelectFund
3832,Rathbones Asset Management Limited Income I Class Accumulation,,https://www.direct.aviva.co.uk/wealth/FundChoice/SelfSelectFundsList/FundDetails/B3Q9WG1/SelfSelectFund
3833,Rathbones Asset Management Limited Income I Class Income,,https://www.direct.aviva.co.uk/wealth/FundChoice/SelfSelectFundsList/FundDetails/B7FQLQ4/SelfSelectFund
3834,Rathbones Asset Management Limited Multi Asset Defensive Growth Portfolio Class S Accumulation,,https://www.direct.aviva.co.uk/wealth/FundChoice/SelfSelectFundsList/FundDetails/BKKK7Y2/SelfSelectFund
3835,Rathbones Asset Management Limited Multi Asset Defensive Growth Portfolio Class S Income,,https://www.direct.aviva.co.uk/wealth/FundChoice/SelfSelectFundsList/FundDetails/BKKK7X1/SelfSelectFund
3836,Rathbones Asset Management Limited Multi Asset Dynamic Growth Portfolio Class S Accumulation,,https://www.direct.aviva.co.uk/wealth/FundChoice/SelfSelectFundsList/FundDetails/BKKK6X4/SelfSelectFund
3837,Rathbones Asset Management Limited Multi Asset Dynamic Growth Portfolio Class S Income,,https://www.direct.aviva.co.uk/wealth/FundChoice/SelfSelectFundsList/FundDetails/BKKK6W3/SelfSelectFund
3838,Rathbones Asset Management Limited Multi Asset Enhanced Growth Portfolio S Class Accumulation,,https://www.direct.aviva.co.uk/wealth/FundChoice/SelfSelectFundsList/FundDetails/B7ZPKY2/SelfSelectFund
3839,Rathbones Asset Management Limited Multi Asset Strategic Growth Portfolio S Class Accumulation,,https://www.direct.aviva.co.uk/wealth/FundChoice/SelfSelectFundsList/FundDetails/B86QF24/SelfSelectFund
3840,Rathbones Asset Management Limited Multi Asset Strategic Growth Portfolio S Class Income,,https://www.direct.aviva.co.uk/wealth/FundChoice/SelfSelectFundsList/FundDetails/B86NX65/SelfSelectFund
3841,Rathbones Asset Management Limited Multi Asset Total Return Portfolio S Class Accumulation,,https://www.direct.aviva.co.uk/wealth/FundChoice/SelfSelectFundsList/FundDetails/B8JBXD3/SelfSelectFund
3842,Rathbones Asset Management Limited Multi Asset Total Return Portfolio S Class Income,,https://www.direct.aviva.co.uk/wealth/FundChoice/SelfSelectFundsList/FundDetails/B86SVM2/SelfSelectFund
3843,Rathbones Asset Management Limited SICAV Asia Equity Fund Class F Accumulation,,https://www.direct.aviva.co.uk/wealth/FundChoice/SelfSelectFundsList/FundDetails/BT8V665/SelfSelectFund
3844,Rathbones Asset Management Limited SICAV Asia Equity Fund Class F Accumulation,,https://www.direct.aviva.co.uk/wealth/FundChoice/SelfSelectFundsList/FundDetails/BRF2YH4/SelfSelectFund
3845,Rathbones Asset Management Limited SICAV Asia Equity Fund Class F Income,,https://www.direct.aviva.co.uk/wealth/FundChoice/SelfSelectFundsList/FundDetails/BRF2YG3/SelfSelectFund
3846,Rathbones Asset Management Limited Strategic Bond I Class Accumulation,,https://www.direct.aviva.co.uk/wealth/FundChoice/SelfSelectFundsList/FundDetails/B6ZS248/SelfSelectFund
3847,Rathbones Asset Management Limited Strategic Bond I Class Income,,https://www.direct.aviva.co.uk/wealth/FundChoice/SelfSelectFundsList/FundDetails/B6ZS1L8/SelfSelectFund
3848,Rathbones Asset Management Limited Strategic Income Portfolio S Class Accumulation,,https://www.direct.aviva.co.uk/wealth/FundChoice/SelfSelectFundsList/FundDetails/BY9BT48/SelfSelectFund
3849,Rathbones Asset Management Limited Strategic Income Portfolio S Class Income,,https://www.direct.aviva.co.uk/wealth/FundChoice/SelfSelectFundsList/FundDetails/BY9BSL8/SelfSelectFund
3850,Rathbones Asset Management Limited UK Opportunities I Class Accumulation,,https://www.direct.aviva.co.uk/wealth/FundChoice/SelfSelectFundsList/FundDetails/B7FQM50/SelfSelectFund
3851,Rathbones Asset Management Limited UK Opportunities I Class Income,,https://www.direct.aviva.co.uk/wealth/FundChoice/SelfSelectFundsList/FundDetails/B77H7W3/SelfSelectFund
3852,Raymond James Asset Management Clarivest Global Small Cap Class A Accumulation,,https://www.direct.aviva.co.uk/wealth/FundChoice/SelfSelectFundsList/FundDetails/BPVBQM0/SelfSelectFund
3853,Raymond James Asset Management REAMS Unconstrained Bond Class Z (Hedged) Accumulation,,https://www.direct.aviva.co.uk/wealth/FundChoice/SelfSelectFundsList/FundDetails/BJV2QM1/SelfSelectFund
3854,Raymond James Asset Management REAMS Unconstrained Bond Class Z Income,,https://www.direct.aviva.co.uk/wealth/FundChoice/SelfSelectFundsList/FundDetails/BVPD293/SelfSelectFund
3855,Redwheel Asia Convertibles Fund Class R GBP HDG Accumulation,,https://www.direct.aviva.co.uk/wealth/FundChoice/SelfSelectFundsList/FundDetails/BJBPXD0/SelfSelectFund
3856,Redwheel Ecofin Global Renewables Infrastructure Fund Class R GBP Accumulation,,https://www.direct.aviva.co.uk/wealth/FundChoice/SelfSelectFundsList/FundDetails/BQ0G6X4/SelfSelectFund
3857,Redwheel Ecofin Global Renewables Infrastructure Fund Class S GBP Accumulation,,https://www.direct.aviva.co.uk/wealth/FundChoice/SelfSelectFundsList/FundDetails/BVJ2Q61/SelfSelectFund
3858,Redwheel Global Convertibles Fund Class B GBP HDG Accumulation,,https://www.direct.aviva.co.uk/wealth/FundChoice/SelfSelectFundsList/FundDetails/B1Y9SV6/SelfSelectFund
3859,Redwheel Global Convertibles Fund Class R GBP HDG Income,,https://www.direct.aviva.co.uk/wealth/FundChoice/SelfSelectFundsList/FundDetails/BJBPXN0/SelfSelectFund
3860,Redwheel Global Emerging Markets Fund Class R GBP Accumulation,,https://www.direct.aviva.co.uk/wealth/FundChoice/SelfSelectFundsList/FundDetails/BD0CGQ4/SelfSelectFund
3861,Redwheel Global Emerging Markets Fund Class R GBP DIST Income,,https://www.direct.aviva.co.uk/wealth/FundChoice/SelfSelectFundsList/FundDetails/BYVN3W8/SelfSelectFund
3862,Redwheel Global Emerging Markets Fund Class S GBP DIST Accumulation,,https://www.direct.aviva.co.uk/wealth/FundChoice/SelfSelectFundsList/FundDetails/BF5R806/SelfSelectFund
3863,Redwheel Global Emerging Markets Fund Class S GBP DIST Income,,https://www.direct.aviva.co.uk/wealth/FundChoice/SelfSelectFundsList/FundDetails/BF2F3T7/SelfSelectFund
3864,Redwheel Global Intrinsic Value Class R GBP Accumulation,,https://www.direct.aviva.co.uk/wealth/FundChoice/SelfSelectFundsList/FundDetails/BJBPX96/SelfSelectFund
3865,Redwheel Next Generation Emerging Markets Equity Fund Class R GBP DIST Accumulation,,https://www.direct.aviva.co.uk/wealth/FundChoice/SelfSelectFundsList/FundDetails/BJH4ZN5/SelfSelectFund
3866,Redwheel Next Generation Emerging Markets Equity Fund Class R GBP DIST Income,,https://www.direct.aviva.co.uk/wealth/FundChoice/SelfSelectFundsList/FundDetails/BJH52Z9/SelfSelectFund
3867,Redwheel Responsible Global Income Fund Class R GBP DIST Income,,https://www.direct.aviva.co.uk/wealth/FundChoice/SelfSelectFundsList/FundDetails/BL69126/SelfSelectFund
3868,Redwheel TM Redwheel Global Emerging Markets Fund Class R GBP DIST Accumulation,,https://www.direct.aviva.co.uk/wealth/FundChoice/SelfSelectFundsList/FundDetails/BN6JG47/SelfSelectFund
3869,Redwheel TM Redwheel Global Emerging Markets Fund Class R GBP DIST Income,,https://www.direct.aviva.co.uk/wealth/FundChoice/SelfSelectFundsList/FundDetails/BN6JG92/SelfSelectFund
3870,Redwheel TM Redwheel Global Equity Income Fund Class R GBP DIST Accumulation,,https://www.direct.aviva.co.uk/wealth/FundChoice/SelfSelectFundsList/FundDetails/BMBQMY8/SelfSelectFund
3871,Redwheel TM Redwheel Global Equity Income Fund Class R GBP DIST Income,,https://www.direct.aviva.co.uk/wealth/FundChoice/SelfSelectFundsList/FundDetails/BMBQN67/SelfSelectFund
3872,Redwheel TM Redwheel UK Equity Income Fund Class R GBP Dist Accumulation,,https://www.direct.aviva.co.uk/wealth/FundChoice/SelfSelectFundsList/FundDetails/BG34129/SelfSelectFund
3873,Redwheel TM Redwheel UK Equity Income Fund Class R GBP Dist Income,,https://www.direct.aviva.co.uk/wealth/FundChoice/SelfSelectFundsList/FundDetails/BG34293/SelfSelectFund
3874,Redwheel UK Value Class R GBP DIST Accumulation,,https://www.direct.aviva.co.uk/wealth/FundChoice/SelfSelectFundsList/FundDetails/BJBPXH4/SelfSelectFund
3875,Redwheel UK Value Class R GBP DIST Income,,https://www.direct.aviva.co.uk/wealth/FundChoice/SelfSelectFundsList/FundDetails/BJBPXJ6/SelfSelectFund
3876,River Global RGI Compound Global Equity Class B Accumulation,,https://www.direct.aviva.co.uk/wealth/FundChoice/SelfSelectFundsList/FundDetails/BW01GZ3/SelfSelectFund
3877,River Global RGI European Fund Class B Accumulation,,https://www.direct.aviva.co.uk/wealth/FundChoice/SelfSelectFundsList/FundDetails/BMX64N9/SelfSelectFund
3878,River Global RGI European Fund Class B Income,,https://www.direct.aviva.co.uk/wealth/FundChoice/SelfSelectFundsList/FundDetails/BMX64P1/SelfSelectFund
3879,River Global RGI Global Income and Growth Class B Accumulation,,https://www.direct.aviva.co.uk/wealth/FundChoice/SelfSelectFundsList/FundDetails/BTLMGR6/SelfSelectFund
3880,River Global RGI Global Income and Growth Class B Income,,https://www.direct.aviva.co.uk/wealth/FundChoice/SelfSelectFundsList/FundDetails/BTLMGS7/SelfSelectFund
3881,River Global RGI Global Recovery Class B Income,,https://www.direct.aviva.co.uk/wealth/FundChoice/SelfSelectFundsList/FundDetails/B9428D3/SelfSelectFund
3882,River Global RGI UK Equity Income Fund Class B Income,,https://www.direct.aviva.co.uk/wealth/FundChoice/SelfSelectFundsList/FundDetails/B3KQG44/SelfSelectFund
3883,River Global RGI UK Listed Smaller Companies Fund Class B Accumulation,,https://www.direct.aviva.co.uk/wealth/FundChoice/SelfSelectFundsList/FundDetails/B1DSZS0/SelfSelectFund
3884,River Global RGI UK Listed Smaller Companies Fund Class B Income,,https://www.direct.aviva.co.uk/wealth/FundChoice/SelfSelectFundsList/FundDetails/BC4DSV5/SelfSelectFund
3885,River Global RGI UK Opportunities Fund Class B Accumulation,,https://www.direct.aviva.co.uk/wealth/FundChoice/SelfSelectFundsList/FundDetails/BW01H38/SelfSelectFund
3886,River Global RGI UK Recovery Fund Class B Income,,https://www.direct.aviva.co.uk/wealth/FundChoice/SelfSelectFundsList/FundDetails/B614J05/SelfSelectFund
3887,Robeco Asian Stars Equities Class F Accumulation,,https://www.direct.aviva.co.uk/wealth/FundChoice/SelfSelectFundsList/FundDetails/BD46FN2/SelfSelectFund
3888,Robeco BP Global Premium Equities Class F Accumulation,,https://www.direct.aviva.co.uk/wealth/FundChoice/SelfSelectFundsList/FundDetails/BD3Z916/SelfSelectFund
3889,Robeco BP Global Premium Equities Class I Accumulation,,https://www.direct.aviva.co.uk/wealth/FundChoice/SelfSelectFundsList/FundDetails/BYQ66L2/SelfSelectFund
3890,Robeco BP Global Premium Equities Class IB Income,,https://www.direct.aviva.co.uk/wealth/FundChoice/SelfSelectFundsList/FundDetails/BYM49C2/SelfSelectFund
3891,Robeco BP US Large Cap Equities Class F Accumulation,,https://www.direct.aviva.co.uk/wealth/FundChoice/SelfSelectFundsList/FundDetails/B9C9HN9/SelfSelectFund
3892,Robeco BP US Premium Equities Class IE Income,,https://www.direct.aviva.co.uk/wealth/FundChoice/SelfSelectFundsList/FundDetails/B557JZ8/SelfSelectFund
3893,Robeco BP US Premium Equities Class IH Accumulation,,https://www.direct.aviva.co.uk/wealth/FundChoice/SelfSelectFundsList/FundDetails/BF335Q1/SelfSelectFund
3894,Robeco Credit Income Class IEH Income,,https://www.direct.aviva.co.uk/wealth/FundChoice/SelfSelectFundsList/FundDetails/BLFB2S6/SelfSelectFund
3895,Robeco Credit Income Class IH Accumulation,,https://www.direct.aviva.co.uk/wealth/FundChoice/SelfSelectFundsList/FundDetails/BLFB2R5/SelfSelectFund
3896,Robeco Emerging Stars Equities Class F Accumulation,,https://www.direct.aviva.co.uk/wealth/FundChoice/SelfSelectFundsList/FundDetails/BD46FK9/SelfSelectFund
3897,Robeco Emerging Stars Equities Class G Income,,https://www.direct.aviva.co.uk/wealth/FundChoice/SelfSelectFundsList/FundDetails/BD46FL0/SelfSelectFund
3898,Robeco Emerging Stars Equities Class IL Accumulation,,https://www.direct.aviva.co.uk/wealth/FundChoice/SelfSelectFundsList/FundDetails/BZ1BYB5/SelfSelectFund
3899,Robeco FinTech Class F Accumulation,,https://www.direct.aviva.co.uk/wealth/FundChoice/SelfSelectFundsList/FundDetails/BDRNWX9/SelfSelectFund
3900,Robeco Global Consumer Trends Class F Accumulation,,https://www.direct.aviva.co.uk/wealth/FundChoice/SelfSelectFundsList/FundDetails/BZ1BV36/SelfSelectFund
3901,Robeco Global Credits Class FH Accumulation,,https://www.direct.aviva.co.uk/wealth/FundChoice/SelfSelectFundsList/FundDetails/BYM54K8/SelfSelectFund
3902,Robeco Global Credits Class IBH Income,,https://www.direct.aviva.co.uk/wealth/FundChoice/SelfSelectFundsList/FundDetails/BD09VN7/SelfSelectFund
3903,Robeco Global Credits Class IH Accumulation,,https://www.direct.aviva.co.uk/wealth/FundChoice/SelfSelectFundsList/FundDetails/BD09VK4/SelfSelectFund
3904,Robeco Global SDG Credits Class IEH Income,,https://www.direct.aviva.co.uk/wealth/FundChoice/SelfSelectFundsList/FundDetails/BL0MHL2/SelfSelectFund
3905,Robeco Global SDG Credits Class IH Accumulation,,https://www.direct.aviva.co.uk/wealth/FundChoice/SelfSelectFundsList/FundDetails/BL0MHH8/SelfSelectFund
3906,Robeco Global SDG Equities Class IE Income,,https://www.direct.aviva.co.uk/wealth/FundChoice/SelfSelectFundsList/FundDetails/4280344/SelfSelectFund
3907,Robeco High Yield Bonds Class 0CH Income,,https://www.direct.aviva.co.uk/wealth/FundChoice/SelfSelectFundsList/FundDetails/BYSGDM0/SelfSelectFund
3908,Robeco QI Dynamic High Yield Class IBH Income,,https://www.direct.aviva.co.uk/wealth/FundChoice/SelfSelectFundsList/FundDetails/BNQRZ11/SelfSelectFund
3909,Robeco QI Dynamic High Yield Class IH Accumulation,,https://www.direct.aviva.co.uk/wealth/FundChoice/SelfSelectFundsList/FundDetails/BJ9V1W5/SelfSelectFund
3910,Robeco QI Emerging Conservative Equities Class F Accumulation,,https://www.direct.aviva.co.uk/wealth/FundChoice/SelfSelectFundsList/FundDetails/BVB3510/SelfSelectFund
3911,Robeco QI Emerging Conservative Equities Class G Income,,https://www.direct.aviva.co.uk/wealth/FundChoice/SelfSelectFundsList/FundDetails/BWTNKG9/SelfSelectFund
3912,Robeco QI European Conservative Equities Class C Income,,https://www.direct.aviva.co.uk/wealth/FundChoice/SelfSelectFundsList/FundDetails/BZ4BR80/SelfSelectFund
3913,Robeco QI Global Conservative Equities Class F Accumulation,,https://www.direct.aviva.co.uk/wealth/FundChoice/SelfSelectFundsList/FundDetails/BD495Q4/SelfSelectFund
3914,Robeco QI Global Multi Factor Credits Class IH Accumulation,,https://www.direct.aviva.co.uk/wealth/FundChoice/SelfSelectFundsList/FundDetails/BZ1C0N2/SelfSelectFund
3915,Robeco RobecoSAM Circular Economy Equities Class F Accumulation,,https://www.direct.aviva.co.uk/wealth/FundChoice/SelfSelectFundsList/FundDetails/BMHX3J5/SelfSelectFund
3916,Robeco RobecoSAM Circular Economy Equities Class IH Accumulation,,https://www.direct.aviva.co.uk/wealth/FundChoice/SelfSelectFundsList/FundDetails/BTY1NK2/SelfSelectFund
3917,Robeco RobecoSAM Euro SDG Credits Class IH Accumulation,,https://www.direct.aviva.co.uk/wealth/FundChoice/SelfSelectFundsList/FundDetails/BMBQM60/SelfSelectFund
3918,Robeco RobecoSAM SDG High Yield Bond Class IEH Income,,https://www.direct.aviva.co.uk/wealth/FundChoice/SelfSelectFundsList/FundDetails/BP4CSZ7/SelfSelectFund
3919,Robeco RobecoSAM Smart Energy Equities Class I Accumulation,,https://www.direct.aviva.co.uk/wealth/FundChoice/SelfSelectFundsList/FundDetails/BMF7CF8/SelfSelectFund
3920,Robeco RobecoSAM Smart Materials Equities Class G Income,,https://www.direct.aviva.co.uk/wealth/FundChoice/SelfSelectFundsList/FundDetails/BN2CJ63/SelfSelectFund
3921,Robeco RobecoSAM Smart Materials Equities Class I Accumulation,,https://www.direct.aviva.co.uk/wealth/FundChoice/SelfSelectFundsList/FundDetails/BMF7CK3/SelfSelectFund
3922,Robeco RobecoSAM Smart Materials Equities Class IE Income,,https://www.direct.aviva.co.uk/wealth/FundChoice/SelfSelectFundsList/FundDetails/BS55RL5/SelfSelectFund
3923,Robeco RobecoSAM Smart Mobility Class IH Accumulation,,https://www.direct.aviva.co.uk/wealth/FundChoice/SelfSelectFundsList/FundDetails/BT193R6/SelfSelectFund
3924,Robeco RobecoSAM Sustainable Water Equities Class G Income,,https://www.direct.aviva.co.uk/wealth/FundChoice/SelfSelectFundsList/FundDetails/BMF7CR0/SelfSelectFund
3925,Robeco RobecoSAM Sustainable Water Equities Class I Income,,https://www.direct.aviva.co.uk/wealth/FundChoice/SelfSelectFundsList/FundDetails/BMF7CS1/SelfSelectFund
3926,Robeco RobecoSAM US Green Bonds Class SH Accumulation,,https://www.direct.aviva.co.uk/wealth/FundChoice/SelfSelectFundsList/FundDetails/6010333/SelfSelectFund
3927,Robeco Sustainable Emerging Stars Equities IL Income,,https://www.direct.aviva.co.uk/wealth/FundChoice/SelfSelectFundsList/FundDetails/BKTH885/SelfSelectFund
3928,Rockefeller US Equity Improvers UCITS Fund Class I3 Accumulation,,https://www.direct.aviva.co.uk/wealth/FundChoice/SelfSelectFundsList/FundDetails/BMCM5M4/SelfSelectFund
3929,Royal London Asia Pacific ex-Japan Equity Tilt Fund Class M Accumulation,,https://www.direct.aviva.co.uk/wealth/FundChoice/SelfSelectFundsList/FundDetails/BQ2NKM0/SelfSelectFund
3930,Royal London Corporate Bond Class M Accumulation,,https://www.direct.aviva.co.uk/wealth/FundChoice/SelfSelectFundsList/FundDetails/B87FJ40/SelfSelectFund
3931,Royal London Corporate Bond Class M Income,,https://www.direct.aviva.co.uk/wealth/FundChoice/SelfSelectFundsList/FundDetails/B6XZQT4/SelfSelectFund
3932,Royal London Corporate Bond Monthly Income Trust Class A Income,,https://www.direct.aviva.co.uk/wealth/FundChoice/SelfSelectFundsList/FundDetails/3358342/SelfSelectFund
3933,Royal London Emerging Markets Equity Tilt GB00BQ2NKN13 Accumulation,,https://www.direct.aviva.co.uk/wealth/FundChoice/SelfSelectFundsList/FundDetails/BQ2NKN1/SelfSelectFund
3934,Royal London Ethical Bond Fund Class M Accumulation,,https://www.direct.aviva.co.uk/wealth/FundChoice/SelfSelectFundsList/FundDetails/BJ4KSX7/SelfSelectFund
3935,Royal London Ethical Bond Fund Class M Income,,https://www.direct.aviva.co.uk/wealth/FundChoice/SelfSelectFundsList/FundDetails/BJ4KSY8/SelfSelectFund
3936,Royal London Europe ex UK Equity Tilt Fund Class M Accumulation,,https://www.direct.aviva.co.uk/wealth/FundChoice/SelfSelectFundsList/FundDetails/BQ2NKP3/SelfSelectFund
3937,Royal London European Growth Class M Accumulation,,https://www.direct.aviva.co.uk/wealth/FundChoice/SelfSelectFundsList/FundDetails/B52VBP7/SelfSelectFund
3938,Royal London European Growth Trust Class A Income,,https://www.direct.aviva.co.uk/wealth/FundChoice/SelfSelectFundsList/FundDetails/0953740/SelfSelectFund
3939,Royal London GMAP Adventurous Class M Accumulation,,https://www.direct.aviva.co.uk/wealth/FundChoice/SelfSelectFundsList/FundDetails/BD8RSG5/SelfSelectFund
3940,Royal London GMAP Adventurous Class M Income,,https://www.direct.aviva.co.uk/wealth/FundChoice/SelfSelectFundsList/FundDetails/BD8RSF4/SelfSelectFund
3941,Royal London GMAP Balanced Class M Accumulation,,https://www.direct.aviva.co.uk/wealth/FundChoice/SelfSelectFundsList/FundDetails/BD8RSQ5/SelfSelectFund
3942,Royal London GMAP Balanced Class M Income,,https://www.direct.aviva.co.uk/wealth/FundChoice/SelfSelectFundsList/FundDetails/BD8RSP4/SelfSelectFund
3943,Royal London GMAP Conservative Class M Accumulation,,https://www.direct.aviva.co.uk/wealth/FundChoice/SelfSelectFundsList/FundDetails/BD8RSS7/SelfSelectFund
3944,Royal London GMAP Conservative Class M Income,,https://www.direct.aviva.co.uk/wealth/FundChoice/SelfSelectFundsList/FundDetails/BD8RSR6/SelfSelectFund
3945,Royal London GMAP Defensive Class M Accumulation,,https://www.direct.aviva.co.uk/wealth/FundChoice/SelfSelectFundsList/FundDetails/BD8RSJ8/SelfSelectFund
3946,Royal London GMAP Defensive Class M Income,,https://www.direct.aviva.co.uk/wealth/FundChoice/SelfSelectFundsList/FundDetails/BD8RSH6/SelfSelectFund
3947,Royal London GMAP Dynamic Equity Class M Accumulation,,https://www.direct.aviva.co.uk/wealth/FundChoice/SelfSelectFundsList/FundDetails/BD8RSL0/SelfSelectFund
3948,Royal London GMAP Dynamic Equity Class M Income,,https://www.direct.aviva.co.uk/wealth/FundChoice/SelfSelectFundsList/FundDetails/BD8RSK9/SelfSelectFund
3949,Royal London GMAP Growth Class M Accumulation,,https://www.direct.aviva.co.uk/wealth/FundChoice/SelfSelectFundsList/FundDetails/BD8RSN2/SelfSelectFund
3950,Royal London GMAP Growth Class M Income,,https://www.direct.aviva.co.uk/wealth/FundChoice/SelfSelectFundsList/FundDetails/BD8RSM1/SelfSelectFund
3951,Royal London GMAP Moderate Growth Fund Class M Accumulation,,https://www.direct.aviva.co.uk/wealth/FundChoice/SelfSelectFundsList/FundDetails/BS45813/SelfSelectFund
3952,Royal London GMAP Moderate Growth Fund Class M Income,,https://www.direct.aviva.co.uk/wealth/FundChoice/SelfSelectFundsList/FundDetails/BS45824/SelfSelectFund
3953,Royal London Global Bond Opportunities Class Z Accumulation,,https://www.direct.aviva.co.uk/wealth/FundChoice/SelfSelectFundsList/FundDetails/BD0NHJ7/SelfSelectFund
3954,Royal London Global Bond Opportunities Class Z Income,,https://www.direct.aviva.co.uk/wealth/FundChoice/SelfSelectFundsList/FundDetails/BYTYX23/SelfSelectFund
3955,Royal London Global Equity Diversified Class M Accumulation,,https://www.direct.aviva.co.uk/wealth/FundChoice/SelfSelectFundsList/FundDetails/BF93WF3/SelfSelectFund
3956,Royal London Global Equity Diversified Class M Hedged Income,,https://www.direct.aviva.co.uk/wealth/FundChoice/SelfSelectFundsList/FundDetails/BF93WG4/SelfSelectFund
3957,Royal London Global Equity Income Class M Accumulation,,https://www.direct.aviva.co.uk/wealth/FundChoice/SelfSelectFundsList/FundDetails/BPJLYH3/SelfSelectFund
3958,Royal London Global Equity Income Class M Income,,https://www.direct.aviva.co.uk/wealth/FundChoice/SelfSelectFundsList/FundDetails/BL6V111/SelfSelectFund
3959,Royal London Global Equity Select Class M Accumulation,,https://www.direct.aviva.co.uk/wealth/FundChoice/SelfSelectFundsList/FundDetails/BF93W97/SelfSelectFund
3960,Royal London Global Equity Select Class M Income,,https://www.direct.aviva.co.uk/wealth/FundChoice/SelfSelectFundsList/FundDetails/BF93WB9/SelfSelectFund
3961,Royal London Global Equity Tilt Class M Accumulation,,https://www.direct.aviva.co.uk/wealth/FundChoice/SelfSelectFundsList/FundDetails/BVMC5T4/SelfSelectFund
3962,Royal London Global High Yield Bond Class M Income,,https://www.direct.aviva.co.uk/wealth/FundChoice/SelfSelectFundsList/FundDetails/B8GCTN1/SelfSelectFund
3963,Royal London Global Index Linked Class M Income,,https://www.direct.aviva.co.uk/wealth/FundChoice/SelfSelectFundsList/FundDetails/B772RM8/SelfSelectFund
3964,Royal London Global Sustainable Credit Class M Hedged Accumulation,,https://www.direct.aviva.co.uk/wealth/FundChoice/SelfSelectFundsList/FundDetails/BN783T7/SelfSelectFund
3965,Royal London Global Sustainable Equity Fund Class M Accumulation,,https://www.direct.aviva.co.uk/wealth/FundChoice/SelfSelectFundsList/FundDetails/BL6V058/SelfSelectFund
3966,Royal London Index Linked Gilt Class M Accumulation,,https://www.direct.aviva.co.uk/wealth/FundChoice/SelfSelectFundsList/FundDetails/B8DDWW7/SelfSelectFund
3967,Royal London Index Linked Gilt Class M Income,,https://www.direct.aviva.co.uk/wealth/FundChoice/SelfSelectFundsList/FundDetails/B3MZ207/SelfSelectFund
3968,Royal London International Government Bond Class M Income,,https://www.direct.aviva.co.uk/wealth/FundChoice/SelfSelectFundsList/FundDetails/B45XHL1/SelfSelectFund
3969,Royal London Investment Grade Short Dated Credit Class Z Income,,https://www.direct.aviva.co.uk/wealth/FundChoice/SelfSelectFundsList/FundDetails/BYQTH29/SelfSelectFund
3970,Royal London Japan Equity Tilt Fund Class M Accumulation,,https://www.direct.aviva.co.uk/wealth/FundChoice/SelfSelectFundsList/FundDetails/BQ2NKQ4/SelfSelectFund
3971,Royal London Short Duration Credit M Accumulation,,https://www.direct.aviva.co.uk/wealth/FundChoice/SelfSelectFundsList/FundDetails/BJ4KW79/SelfSelectFund
3972,Royal London Short Duration Credit M Income,,https://www.direct.aviva.co.uk/wealth/FundChoice/SelfSelectFundsList/FundDetails/BJ4KW80/SelfSelectFund
3973,Royal London Short Duration Gilts M Income,,https://www.direct.aviva.co.uk/wealth/FundChoice/SelfSelectFundsList/FundDetails/BD050C7/SelfSelectFund
3974,Royal London Short Duration Global High Yield Bond Class M Accumulation,,https://www.direct.aviva.co.uk/wealth/FundChoice/SelfSelectFundsList/FundDetails/BD0NHK8/SelfSelectFund
3975,Royal London Short Duration Global High Yield Bond Class M Income,,https://www.direct.aviva.co.uk/wealth/FundChoice/SelfSelectFundsList/FundDetails/B9BQGL2/SelfSelectFund
3976,Royal London Short Duration Global Index-Linked M Income,,https://www.direct.aviva.co.uk/wealth/FundChoice/SelfSelectFundsList/FundDetails/BD050F0/SelfSelectFund
3977,Royal London Short Term Fixed Income Enhanced Fund Class Y Accumulation,,https://www.direct.aviva.co.uk/wealth/FundChoice/SelfSelectFundsList/FundDetails/BVYV8H8/SelfSelectFund
3978,Royal London Short Term Fixed Income Enhanced Fund Class Y Income,,https://www.direct.aviva.co.uk/wealth/FundChoice/SelfSelectFundsList/FundDetails/BVYV8J0/SelfSelectFund
3979,Royal London Short Term Fixed Income Fund Class Y Accumulation,,https://www.direct.aviva.co.uk/wealth/FundChoice/SelfSelectFundsList/FundDetails/BMNR1H5/SelfSelectFund
3980,Royal London Short Term Fixed Income Fund Class Y Income,,https://www.direct.aviva.co.uk/wealth/FundChoice/SelfSelectFundsList/FundDetails/BMNR1F3/SelfSelectFund
3981,Royal London Short-Term Money Market Class Y Accumulation,,https://www.direct.aviva.co.uk/wealth/FundChoice/SelfSelectFundsList/FundDetails/B8XYYQ8/SelfSelectFund
3982,Royal London Short-Term Money Market Class Y Income,,https://www.direct.aviva.co.uk/wealth/FundChoice/SelfSelectFundsList/FundDetails/B3P2RZ5/SelfSelectFund
3983,Royal London Sterling Credit Class M Accumulation,,https://www.direct.aviva.co.uk/wealth/FundChoice/SelfSelectFundsList/FundDetails/B8GJ8S0/SelfSelectFund
3984,Royal London Sterling Credit Class M Income,,https://www.direct.aviva.co.uk/wealth/FundChoice/SelfSelectFundsList/FundDetails/B6X6GB9/SelfSelectFund
3985,Royal London Sterling Extra Yield Bond Class A Accumulation,,https://www.direct.aviva.co.uk/wealth/FundChoice/SelfSelectFundsList/FundDetails/BD0NCB4/SelfSelectFund
3986,Royal London Sterling Extra Yield Bond Class A Income,,https://www.direct.aviva.co.uk/wealth/FundChoice/SelfSelectFundsList/FundDetails/3257148/SelfSelectFund
3987,Royal London Sustainable Diversified Trust Class C Accumulation,,https://www.direct.aviva.co.uk/wealth/FundChoice/SelfSelectFundsList/FundDetails/B79LTQ1/SelfSelectFund
3988,Royal London Sustainable Diversified Trust Class C Income,,https://www.direct.aviva.co.uk/wealth/FundChoice/SelfSelectFundsList/FundDetails/B844WJ6/SelfSelectFund
3989,Royal London Sustainable Growth Fund Class M Accumulation,,https://www.direct.aviva.co.uk/wealth/FundChoice/SelfSelectFundsList/FundDetails/BMV9236/SelfSelectFund
3990,Royal London Sustainable Leaders Trust Class C Accumulation,,https://www.direct.aviva.co.uk/wealth/FundChoice/SelfSelectFundsList/FundDetails/B7V23Z9/SelfSelectFund
3991,Royal London Sustainable Leaders Trust Class C Income,,https://www.direct.aviva.co.uk/wealth/FundChoice/SelfSelectFundsList/FundDetails/B8HTH59/SelfSelectFund
3992,Royal London Sustainable Managed Growth Trust Class C Accumulation,,https://www.direct.aviva.co.uk/wealth/FundChoice/SelfSelectFundsList/FundDetails/B8H7XS8/SelfSelectFund
3993,Royal London Sustainable Managed Growth Trust Class C Income,,https://www.direct.aviva.co.uk/wealth/FundChoice/SelfSelectFundsList/FundDetails/B8K34M4/SelfSelectFund
3994,Royal London Sustainable Managed Income Trust Class C Accumulation,,https://www.direct.aviva.co.uk/wealth/FundChoice/SelfSelectFundsList/FundDetails/B8HNKY1/SelfSelectFund
3995,Royal London Sustainable Managed Income Trust Class C Income,,https://www.direct.aviva.co.uk/wealth/FundChoice/SelfSelectFundsList/FundDetails/B84PHQ1/SelfSelectFund
3996,Royal London Sustainable Short Duration Corporate Bond Fund Class M Accumulation,,https://www.direct.aviva.co.uk/wealth/FundChoice/SelfSelectFundsList/FundDetails/BLDC827/SelfSelectFund
3997,Royal London Sustainable Short Duration Corporate Bond Fund Class M Income,,https://www.direct.aviva.co.uk/wealth/FundChoice/SelfSelectFundsList/FundDetails/BLDC8B6/SelfSelectFund
3998,Royal London Sustainable World Trust Class C Accumulation,,https://www.direct.aviva.co.uk/wealth/FundChoice/SelfSelectFundsList/FundDetails/B882H24/SelfSelectFund
3999,Royal London Sustainable World Trust Class C Income,,https://www.direct.aviva.co.uk/wealth/FundChoice/SelfSelectFundsList/FundDetails/B8GG632/SelfSelectFund
4000,Royal London UK Broad Equity Tilt Class M Accumulation,,https://www.direct.aviva.co.uk/wealth/FundChoice/SelfSelectFundsList/FundDetails/BQ2NKR5/SelfSelectFund
4001,Royal London UK Core Equity Tilt Class M Accumulation,,https://www.direct.aviva.co.uk/wealth/FundChoice/SelfSelectFundsList/FundDetails/BQ2NKS6/SelfSelectFund
4002,Royal London UK Dividend Growth Class M Accumulation,,https://www.direct.aviva.co.uk/wealth/FundChoice/SelfSelectFundsList/FundDetails/B63DTG6/SelfSelectFund
4003,Royal London UK Dividend Growth Class M Income,,https://www.direct.aviva.co.uk/wealth/FundChoice/SelfSelectFundsList/FundDetails/BFYTY72/SelfSelectFund
4004,Royal London UK Equity Class M Accumulation,,https://www.direct.aviva.co.uk/wealth/FundChoice/SelfSelectFundsList/FundDetails/B67MDN4/SelfSelectFund
4005,Royal London UK Equity Income Class M Accumulation,,https://www.direct.aviva.co.uk/wealth/FundChoice/SelfSelectFundsList/FundDetails/B8Y4ZB9/SelfSelectFund
4006,Royal London UK Equity Income Class M Income,,https://www.direct.aviva.co.uk/wealth/FundChoice/SelfSelectFundsList/FundDetails/B3M9JJ7/SelfSelectFund
4007,Royal London UK Government Bond Class M Accumulation,,https://www.direct.aviva.co.uk/wealth/FundChoice/SelfSelectFundsList/FundDetails/B881TW5/SelfSelectFund
4008,Royal London UK Government Bond Class M Income,,https://www.direct.aviva.co.uk/wealth/FundChoice/SelfSelectFundsList/FundDetails/B7QFPL3/SelfSelectFund
4009,Royal London UK Growth Trust Class A Income,,https://www.direct.aviva.co.uk/wealth/FundChoice/SelfSelectFundsList/FundDetails/0159797/SelfSelectFund
4010,Royal London UK Income with Growth Trust Class A Income,,https://www.direct.aviva.co.uk/wealth/FundChoice/SelfSelectFundsList/FundDetails/0159805/SelfSelectFund
4011,Royal London UK Mid-Cap Growth Class M Accumulation,,https://www.direct.aviva.co.uk/wealth/FundChoice/SelfSelectFundsList/FundDetails/B5BRW42/SelfSelectFund
4012,Royal London UK Smaller Companies Class M Accumulation,,https://www.direct.aviva.co.uk/wealth/FundChoice/SelfSelectFundsList/FundDetails/B3NQHL5/SelfSelectFund
4013,Royal London US Equity Tilit Class M Accumulation,,https://www.direct.aviva.co.uk/wealth/FundChoice/SelfSelectFundsList/FundDetails/BQ2NKT7/SelfSelectFund
4014,Royal London US Growth Trust Class A Income,,https://www.direct.aviva.co.uk/wealth/FundChoice/SelfSelectFundsList/FundDetails/3003835/SelfSelectFund
4015,Ruffer LLP WS Ruffer Diversified Return Class I Accumulation,,https://www.direct.aviva.co.uk/wealth/FundChoice/SelfSelectFundsList/FundDetails/BMWLQW8/SelfSelectFund
4016,Ruffer LLP WS Ruffer Diversified Return Class I Income,,https://www.direct.aviva.co.uk/wealth/FundChoice/SelfSelectFundsList/FundDetails/BMWLQV7/SelfSelectFund
4017,SEI (Global Asset) Strategic Portfolios Aggressive Fund Sterling Wealth A Accumulation,,https://www.direct.aviva.co.uk/wealth/FundChoice/SelfSelectFundsList/FundDetails/BYV1RB9/SelfSelectFund
4018,SEI (Global Asset) Strategic Portfolios Aggressive Fund Sterling Wealth A Income,,https://www.direct.aviva.co.uk/wealth/FundChoice/SelfSelectFundsList/FundDetails/B6390G1/SelfSelectFund
4019,SEI (Global Asset) Strategic Portfolios Balanced Fund Sterling Wealth A Accumulation,,https://www.direct.aviva.co.uk/wealth/FundChoice/SelfSelectFundsList/FundDetails/BYV1R86/SelfSelectFund
4020,SEI (Global Asset) Strategic Portfolios Balanced Fund Sterling Wealth A Income,,https://www.direct.aviva.co.uk/wealth/FundChoice/SelfSelectFundsList/FundDetails/B60CGR6/SelfSelectFund
4021,SEI (Global Asset) Strategic Portfolios Conservative Fund Sterling Wealth A Accumulation,,https://www.direct.aviva.co.uk/wealth/FundChoice/SelfSelectFundsList/FundDetails/BYV1R53/SelfSelectFund
4022,SEI (Global Asset) Strategic Portfolios Conservative Fund Sterling Wealth A Income,,https://www.direct.aviva.co.uk/wealth/FundChoice/SelfSelectFundsList/FundDetails/B616BM7/SelfSelectFund
4023,SEI (Global Asset) Strategic Portfolios Core Fund Sterling Wealth A Accumulation,,https://www.direct.aviva.co.uk/wealth/FundChoice/SelfSelectFundsList/FundDetails/BYV1R75/SelfSelectFund
4024,SEI (Global Asset) Strategic Portfolios Core Fund Sterling Wealth A Income,,https://www.direct.aviva.co.uk/wealth/FundChoice/SelfSelectFundsList/FundDetails/B62XK08/SelfSelectFund
4025,SEI (Global Asset) Strategic Portfolios Defensive Fund Sterling Wealth A Accumulation,,https://www.direct.aviva.co.uk/wealth/FundChoice/SelfSelectFundsList/FundDetails/BYV1R42/SelfSelectFund
4026,SEI (Global Asset) Strategic Portfolios Defensive Fund Sterling Wealth A Income,,https://www.direct.aviva.co.uk/wealth/FundChoice/SelfSelectFundsList/FundDetails/B6145K7/SelfSelectFund
4027,SEI (Global Asset) Strategic Portfolios Growth Fund Sterling Wealth A Accumulation,,https://www.direct.aviva.co.uk/wealth/FundChoice/SelfSelectFundsList/FundDetails/BYV1R97/SelfSelectFund
4028,SEI (Global Asset) Strategic Portfolios Growth Fund Sterling Wealth A Income,,https://www.direct.aviva.co.uk/wealth/FundChoice/SelfSelectFundsList/FundDetails/B614TP0/SelfSelectFund
4029,SEI (Global Asset) Strategic Portfolios Moderate Fund Sterling Wealth A Accumulation,,https://www.direct.aviva.co.uk/wealth/FundChoice/SelfSelectFundsList/FundDetails/BYV1R64/SelfSelectFund
4030,SEI (Global Asset) Strategic Portfolios Moderate Fund Sterling Wealth A Income,,https://www.direct.aviva.co.uk/wealth/FundChoice/SelfSelectFundsList/FundDetails/B61N2T2/SelfSelectFund
4031,SEI Global Equity Fund Class A Income,,https://www.direct.aviva.co.uk/wealth/FundChoice/SelfSelectFundsList/FundDetails/B3BPR92/SelfSelectFund
4032,SEI Global Managed Volatility Fund Wealth A Income,,https://www.direct.aviva.co.uk/wealth/FundChoice/SelfSelectFundsList/FundDetails/B9F7ZB4/SelfSelectFund
4033,SEI High Yield Fixed Income Fund Class A Income,,https://www.direct.aviva.co.uk/wealth/FundChoice/SelfSelectFundsList/FundDetails/B3XFDL4/SelfSelectFund
4034,SEI Liquid Alternatives Hedged A Income,,https://www.direct.aviva.co.uk/wealth/FundChoice/SelfSelectFundsList/FundDetails/BYXVWG7/SelfSelectFund
4035,SEI Small Cap Select Class A Income,,https://www.direct.aviva.co.uk/wealth/FundChoice/SelfSelectFundsList/FundDetails/B0689P5/SelfSelectFund
4036,SEI UK Equity Fund Class A Income,,https://www.direct.aviva.co.uk/wealth/FundChoice/SelfSelectFundsList/FundDetails/B068933/SelfSelectFund
4037,SMEAD Capital Management US Value UCITS Class R Accumulation,,https://www.direct.aviva.co.uk/wealth/FundChoice/SelfSelectFundsList/FundDetails/BMV7HQ8/SelfSelectFund
4038,SPARX Japan Class E GBP Institutional Accumulation,,https://www.direct.aviva.co.uk/wealth/FundChoice/SelfSelectFundsList/FundDetails/BJDQWX4/SelfSelectFund
4039,SSgA Emerging Markets Hard Currency Government Bond Index Class A Accumulation,,https://www.direct.aviva.co.uk/wealth/FundChoice/SelfSelectFundsList/FundDetails/BQBDTN5/SelfSelectFund
4040,SSgA Emerging Markets Hard Currency Government Bond Index Class I Accumulation,,https://www.direct.aviva.co.uk/wealth/FundChoice/SelfSelectFundsList/FundDetails/7828987/SelfSelectFund
4041,SSgA Global Aggregate Bond Index Class I Hedged Accumulation,,https://www.direct.aviva.co.uk/wealth/FundChoice/SelfSelectFundsList/FundDetails/BKT06S0/SelfSelectFund
4042,SSgA Global Alternative Beta Class I Accumulation,,https://www.direct.aviva.co.uk/wealth/FundChoice/SelfSelectFundsList/FundDetails/BSZBNK4/SelfSelectFund
4043,SSgA Global Emerging Markets Screened Index Equity Class I Accumulation,,https://www.direct.aviva.co.uk/wealth/FundChoice/SelfSelectFundsList/FundDetails/FL04432/SelfSelectFund
4044,SSgA Global High Yield Constrained Index Class I Hedged Income,,https://www.direct.aviva.co.uk/wealth/FundChoice/SelfSelectFundsList/FundDetails/BNRRPM1/SelfSelectFund
4045,SSgA Global Treasury 1-10 Year Bond Index Class I Hedged Income,,https://www.direct.aviva.co.uk/wealth/FundChoice/SelfSelectFundsList/FundDetails/BK5PJW4/SelfSelectFund
4046,SSgA Global Treasury Bond Index Class I Hgd Accumulation,,https://www.direct.aviva.co.uk/wealth/FundChoice/SelfSelectFundsList/FundDetails/BKT0754/SelfSelectFund
4047,SSgA Global Treasury Bond Index Class I Hgd Income,,https://www.direct.aviva.co.uk/wealth/FundChoice/SelfSelectFundsList/FundDetails/BFWS7S3/SelfSelectFund
4048,SSgA UK Index Equity Class I Accumulation,,https://www.direct.aviva.co.uk/wealth/FundChoice/SelfSelectFundsList/FundDetails/FL04433/SelfSelectFund
4049,SSgA World Quality Equity Index Class I Accumulation,,https://www.direct.aviva.co.uk/wealth/FundChoice/SelfSelectFundsList/FundDetails/BSVKGW8/SelfSelectFund
4050,SSgA World Screened Index Equity Fund Class I Accumulation,,https://www.direct.aviva.co.uk/wealth/FundChoice/SelfSelectFundsList/FundDetails/FL04434/SelfSelectFund
4051,SSgA World Screened Index Equity Fund Class I Hedged Income,,https://www.direct.aviva.co.uk/wealth/FundChoice/SelfSelectFundsList/FundDetails/FL04435/SelfSelectFund
4052,SVS AllianceBernstein Concentrated US Equity Class I Accumulation,,https://www.direct.aviva.co.uk/wealth/FundChoice/SelfSelectFundsList/FundDetails/BL4SF67/SelfSelectFund
4053,SVS AllianceBernstein Europe (Ex UK) Equity Class I Accumulation,,https://www.direct.aviva.co.uk/wealth/FundChoice/SelfSelectFundsList/FundDetails/BJMHLK8/SelfSelectFund
4054,SVS AllianceBernstein Europe (Ex UK) Equity Class I Income,,https://www.direct.aviva.co.uk/wealth/FundChoice/SelfSelectFundsList/FundDetails/BJMHLH5/SelfSelectFund
4055,SVS AllianceBernstein Sustainable Global Equity Class I Accumulation,,https://www.direct.aviva.co.uk/wealth/FundChoice/SelfSelectFundsList/FundDetails/BP6VV19/SelfSelectFund
4056,SVS AllianceBernstein Sustainable Global Equity Class I Income,,https://www.direct.aviva.co.uk/wealth/FundChoice/SelfSelectFundsList/FundDetails/BP6VTD7/SelfSelectFund
4057,SVS AllianceBernstein Sustainable US Equity Class I Accumulation,,https://www.direct.aviva.co.uk/wealth/FundChoice/SelfSelectFundsList/FundDetails/BL4SFB2/SelfSelectFund
4058,SVS Aubrey SVS Aubrey Citadel Class B Accumulation,,https://www.direct.aviva.co.uk/wealth/FundChoice/SelfSelectFundsList/FundDetails/BQFNHT3/SelfSelectFund
4059,SVS Aubrey SVS Aubrey Global Conviction Class B Accumulation,,https://www.direct.aviva.co.uk/wealth/FundChoice/SelfSelectFundsList/FundDetails/BJ34P39/SelfSelectFund
4060,SVS Aubrey SVS Aubrey Global Emerging Markets Class B Accumulation,,https://www.direct.aviva.co.uk/wealth/FundChoice/SelfSelectFundsList/FundDetails/BNDMH79/SelfSelectFund
4061,SVS Brown Shipley Balanced Class I Accumulation,,https://www.direct.aviva.co.uk/wealth/FundChoice/SelfSelectFundsList/FundDetails/BP4VN26/SelfSelectFund
4062,SVS Brown Shipley Balanced Class I Income,,https://www.direct.aviva.co.uk/wealth/FundChoice/SelfSelectFundsList/FundDetails/BP4VN37/SelfSelectFund
4063,SVS Brown Shipley Dynamic I Accumulation,,https://www.direct.aviva.co.uk/wealth/FundChoice/SelfSelectFundsList/FundDetails/B3K4J72/SelfSelectFund
4064,SVS Brown Shipley Dynamic I Income,,https://www.direct.aviva.co.uk/wealth/FundChoice/SelfSelectFundsList/FundDetails/B3K4MR3/SelfSelectFund
4065,SVS Brown Shipley Growth I Accumulation,,https://www.direct.aviva.co.uk/wealth/FundChoice/SelfSelectFundsList/FundDetails/B3NNSP7/SelfSelectFund
4066,SVS Brown Shipley Growth I Income,,https://www.direct.aviva.co.uk/wealth/FundChoice/SelfSelectFundsList/FundDetails/B3NGWQ5/SelfSelectFund
4067,SVS Brown Shipley Income I Accumulation,,https://www.direct.aviva.co.uk/wealth/FundChoice/SelfSelectFundsList/FundDetails/B3QCN45/SelfSelectFund
4068,SVS Brown Shipley Income I Income,,https://www.direct.aviva.co.uk/wealth/FundChoice/SelfSelectFundsList/FundDetails/B3QCN23/SelfSelectFund
4069,SVS Heritage SVS Heritage Balanced Portfolio Class A Accumulation,,https://www.direct.aviva.co.uk/wealth/FundChoice/SelfSelectFundsList/FundDetails/BDQPPL5/SelfSelectFund
4070,SVS Saltus SVS Saltus Multi Asset Class Fund Class X Accumulation,,https://www.direct.aviva.co.uk/wealth/FundChoice/SelfSelectFundsList/FundDetails/B6RPF48/SelfSelectFund
4071,SVS Saltus SVS Saltus Wealth Fund Class X Accumulation,,https://www.direct.aviva.co.uk/wealth/FundChoice/SelfSelectFundsList/FundDetails/B6RLZP7/SelfSelectFund
4072,Sanford DeLand Asset Management Ltd TM SDL UK Buffettology Fund General Accumulation,,https://www.direct.aviva.co.uk/wealth/FundChoice/SelfSelectFundsList/FundDetails/BF0LDZ3/SelfSelectFund
4073,Sanford DeLand Asset Management Ltd TM SDL UK Buffettology Fund General Income,,https://www.direct.aviva.co.uk/wealth/FundChoice/SelfSelectFundsList/FundDetails/BKJ9C67/SelfSelectFund
4074,Sanlam Catalyst Global Real Estate UCITS Fund Class F Accumulation,,https://www.direct.aviva.co.uk/wealth/FundChoice/SelfSelectFundsList/FundDetails/BMC3H65/SelfSelectFund
4075,Sanlam Catalyst Global Real Estate UCITS Fund Class G Income,,https://www.direct.aviva.co.uk/wealth/FundChoice/SelfSelectFundsList/FundDetails/BMC3H76/SelfSelectFund
4076,Sanlam Landseer Global Artificial Intelligence Fund Class I Accumulation,,https://www.direct.aviva.co.uk/wealth/FundChoice/SelfSelectFundsList/FundDetails/BNYN9Q4/SelfSelectFund
4077,Sanlam Sanlam Global High Quality Fund Class I Accumulation,,https://www.direct.aviva.co.uk/wealth/FundChoice/SelfSelectFundsList/FundDetails/BYV7PR9/SelfSelectFund
4078,Sanlam Sanlam Ninety One International Credit Fund Class B Income,,https://www.direct.aviva.co.uk/wealth/FundChoice/SelfSelectFundsList/FundDetails/BRDWH55/SelfSelectFund
4079,Sanlam Sanlam Ninety One International Inflation Linked Bond Fund Class I Accumulation,,https://www.direct.aviva.co.uk/wealth/FundChoice/SelfSelectFundsList/FundDetails/BNYNB46/SelfSelectFund
4080,Sanlam Sanlam Ninety One International Inflation Linked Bond Fund Class I Income,,https://www.direct.aviva.co.uk/wealth/FundChoice/SelfSelectFundsList/FundDetails/BNYNB35/SelfSelectFund
4081,Sanlam Sanlam Ninety One Multi-Strategy Fund Class A Accumulation,,https://www.direct.aviva.co.uk/wealth/FundChoice/SelfSelectFundsList/FundDetails/B4QNLR4/SelfSelectFund
4082,Sanlam Sanlam Ninety One Multi-Strategy Fund Class A Income,,https://www.direct.aviva.co.uk/wealth/FundChoice/SelfSelectFundsList/FundDetails/BZ0Y879/SelfSelectFund
4083,Sanlam Sanlam Ninety One Real Assets Fund Class A Accumulation,,https://www.direct.aviva.co.uk/wealth/FundChoice/SelfSelectFundsList/FundDetails/BJ5CB55/SelfSelectFund
4084,Sanlam Sanlam Ninety One Real Assets Fund Class A Income,,https://www.direct.aviva.co.uk/wealth/FundChoice/SelfSelectFundsList/FundDetails/BDFDL12/SelfSelectFund
4085,Santander Asset Management Atlas Income Portfolio Class I Accumulation,,https://www.direct.aviva.co.uk/wealth/FundChoice/SelfSelectFundsList/FundDetails/B4WX480/SelfSelectFund
4086,Santander Asset Management Atlas Income Portfolio Class I Income,,https://www.direct.aviva.co.uk/wealth/FundChoice/SelfSelectFundsList/FundDetails/B4WX4C4/SelfSelectFund
4087,Santander Asset Management Atlas Portfolio 3 Class I Accumulation,,https://www.direct.aviva.co.uk/wealth/FundChoice/SelfSelectFundsList/FundDetails/BD3CW18/SelfSelectFund
4088,Santander Asset Management Atlas Portfolio 4 Class I Accumulation,,https://www.direct.aviva.co.uk/wealth/FundChoice/SelfSelectFundsList/FundDetails/BD3CW29/SelfSelectFund
4089,Santander Asset Management Atlas Portfolio 5 Class I Accumulation,,https://www.direct.aviva.co.uk/wealth/FundChoice/SelfSelectFundsList/FundDetails/BD3CW30/SelfSelectFund
4090,Santander Asset Management Atlas Portfolio 6 Class I Accumulation,,https://www.direct.aviva.co.uk/wealth/FundChoice/SelfSelectFundsList/FundDetails/BD3CW52/SelfSelectFund
4091,Santander Asset Management Atlas Portfolio 7 Class I Accumulation,,https://www.direct.aviva.co.uk/wealth/FundChoice/SelfSelectFundsList/FundDetails/BD3CW41/SelfSelectFund
4092,Santander Asset Management Enhanced Income Portfolio Class I Accumulation,,https://www.direct.aviva.co.uk/wealth/FundChoice/SelfSelectFundsList/FundDetails/BWXBPQ4/SelfSelectFund
4093,Santander Asset Management Enhanced Income Portfolio Class I Income,,https://www.direct.aviva.co.uk/wealth/FundChoice/SelfSelectFundsList/FundDetails/B3RJG57/SelfSelectFund
4094,Santander Asset Management Equity Income Class R Accumulation,,https://www.direct.aviva.co.uk/wealth/FundChoice/SelfSelectFundsList/FundDetails/BWX61H2/SelfSelectFund
4095,Santander Asset Management Equity Income Class R Income,,https://www.direct.aviva.co.uk/wealth/FundChoice/SelfSelectFundsList/FundDetails/0490957/SelfSelectFund
4096,Santander Asset Management Sterling Bond Income Portfolio Class R Income,,https://www.direct.aviva.co.uk/wealth/FundChoice/SelfSelectFundsList/FundDetails/B634DP6/SelfSelectFund
4097,Santander Asset Management UK Growth Unit Trust Class R Income,,https://www.direct.aviva.co.uk/wealth/FundChoice/SelfSelectFundsList/FundDetails/0035336/SelfSelectFund
4098,Sarasin Food & Agriculture Opportunities Class P Accumulation,,https://www.direct.aviva.co.uk/wealth/FundChoice/SelfSelectFundsList/FundDetails/B77DTQ9/SelfSelectFund
4099,Sarasin Food & Agriculture Opportunities Class P Income,,https://www.direct.aviva.co.uk/wealth/FundChoice/SelfSelectFundsList/FundDetails/B8GJCL1/SelfSelectFund
4100,Sarasin Global Dividend Class P Accumulation,,https://www.direct.aviva.co.uk/wealth/FundChoice/SelfSelectFundsList/FundDetails/BLB2ND5/SelfSelectFund
4101,Sarasin Global Dividend Class P Accumulation,,https://www.direct.aviva.co.uk/wealth/FundChoice/SelfSelectFundsList/FundDetails/BGDF8F4/SelfSelectFund
4102,Sarasin Global Dividend Class P Income,,https://www.direct.aviva.co.uk/wealth/FundChoice/SelfSelectFundsList/FundDetails/BGDF8D2/SelfSelectFund
4103,Sarasin Global Dividend Class P Income,,https://www.direct.aviva.co.uk/wealth/FundChoice/SelfSelectFundsList/FundDetails/BLB2N02/SelfSelectFund
4104,Sarasin Global Equity Real Return Class P Accumulation,,https://www.direct.aviva.co.uk/wealth/FundChoice/SelfSelectFundsList/FundDetails/B7W4B05/SelfSelectFund
4105,Sarasin Global Equity Real Return Class P Income,,https://www.direct.aviva.co.uk/wealth/FundChoice/SelfSelectFundsList/FundDetails/B7SZSV2/SelfSelectFund
4106,Sarasin IE Global Equity Opportunities (GBP) Class P Accumulation,,https://www.direct.aviva.co.uk/wealth/FundChoice/SelfSelectFundsList/FundDetails/B8FZ3Y0/SelfSelectFund
4107,Sarasin IE Global Equity Opportunities (GBP) Class P Income,,https://www.direct.aviva.co.uk/wealth/FundChoice/SelfSelectFundsList/FundDetails/B8GM8B2/SelfSelectFund
4108,Sarasin IE Multi Asset - Defensive (GBP) Class P Accumulation,,https://www.direct.aviva.co.uk/wealth/FundChoice/SelfSelectFundsList/FundDetails/B7TZ5Q5/SelfSelectFund
4109,Sarasin IE Multi Asset - Defensive (GBP) Class P Income,,https://www.direct.aviva.co.uk/wealth/FundChoice/SelfSelectFundsList/FundDetails/B8GG988/SelfSelectFund
4110,Sarasin IE Multi Asset - Dynamic (GBP) Class P Accumulation,,https://www.direct.aviva.co.uk/wealth/FundChoice/SelfSelectFundsList/FundDetails/B7WNCB0/SelfSelectFund
4111,Sarasin IE Multi Asset - Dynamic (GBP) Class P Income,,https://www.direct.aviva.co.uk/wealth/FundChoice/SelfSelectFundsList/FundDetails/B88H774/SelfSelectFund
4112,Sarasin IE Multi Asset Target Return Class P Accumulation,,https://www.direct.aviva.co.uk/wealth/FundChoice/SelfSelectFundsList/FundDetails/B89QH58/SelfSelectFund
4113,Sarasin IE Multi Asset Target Return Class P Income,,https://www.direct.aviva.co.uk/wealth/FundChoice/SelfSelectFundsList/FundDetails/B7KM684/SelfSelectFund
4114,Sarasin IE Thematic Global Real Estate Equity (GBP) Class P Accumulation,,https://www.direct.aviva.co.uk/wealth/FundChoice/SelfSelectFundsList/FundDetails/B8G43R9/SelfSelectFund
4115,Sarasin IE Thematic Global Real Estate Equity (GBP) Class P Income,,https://www.direct.aviva.co.uk/wealth/FundChoice/SelfSelectFundsList/FundDetails/B7ZZ1K5/SelfSelectFund
4116,Sarasin Multi Asset - Strategic Class P Accumulation,,https://www.direct.aviva.co.uk/wealth/FundChoice/SelfSelectFundsList/FundDetails/B8DPZ13/SelfSelectFund
4117,Sarasin Multi Asset - Strategic Class P Income,,https://www.direct.aviva.co.uk/wealth/FundChoice/SelfSelectFundsList/FundDetails/B7V4BG2/SelfSelectFund
4118,Sarasin Responsible Corporate Bond Class P Accumulation,,https://www.direct.aviva.co.uk/wealth/FundChoice/SelfSelectFundsList/FundDetails/BYMB5T2/SelfSelectFund
4119,Sarasin Responsible Corporate Bond Class P Income,,https://www.direct.aviva.co.uk/wealth/FundChoice/SelfSelectFundsList/FundDetails/BYMB5S1/SelfSelectFund
4120,Sarasin Responsible Global Equity Class P Accumulation,,https://www.direct.aviva.co.uk/wealth/FundChoice/SelfSelectFundsList/FundDetails/BLB2NF7/SelfSelectFund
4121,Sarasin Responsible Global Equity Class P Accumulation,,https://www.direct.aviva.co.uk/wealth/FundChoice/SelfSelectFundsList/FundDetails/B8369M5/SelfSelectFund
4122,Sarasin Responsible Global Equity Class P Income,,https://www.direct.aviva.co.uk/wealth/FundChoice/SelfSelectFundsList/FundDetails/BLB2NG8/SelfSelectFund
4123,Sarasin Responsible Global Equity Class P Income,,https://www.direct.aviva.co.uk/wealth/FundChoice/SelfSelectFundsList/FundDetails/B75JDT0/SelfSelectFund
4124,Sarasin Responsible Multi Asset Class P Accumulation,,https://www.direct.aviva.co.uk/wealth/FundChoice/SelfSelectFundsList/FundDetails/BKPVJ88/SelfSelectFund
4125,Sarasin Responsible Multi Asset Class P Income,,https://www.direct.aviva.co.uk/wealth/FundChoice/SelfSelectFundsList/FundDetails/BKPVJ11/SelfSelectFund
4126,Sarasin Responsible Strategic Bond Class I Accumulation,,https://www.direct.aviva.co.uk/wealth/FundChoice/SelfSelectFundsList/FundDetails/B13GWF0/SelfSelectFund
4127,Sarasin Responsible Strategic Bond Class I Income,,https://www.direct.aviva.co.uk/wealth/FundChoice/SelfSelectFundsList/FundDetails/B13GWG1/SelfSelectFund
4128,Sarasin Thematic Global Equity Class P Accumulation,,https://www.direct.aviva.co.uk/wealth/FundChoice/SelfSelectFundsList/FundDetails/B8BPJF7/SelfSelectFund
4129,Sarasin Thematic Global Equity Class P Hedged Accumulation,,https://www.direct.aviva.co.uk/wealth/FundChoice/SelfSelectFundsList/FundDetails/BLB2NL3/SelfSelectFund
4130,Sarasin Thematic Global Equity Class P Hedged Income,,https://www.direct.aviva.co.uk/wealth/FundChoice/SelfSelectFundsList/FundDetails/BLB2NK2/SelfSelectFund
4131,Sarasin Thematic Global Equity Class P Income,,https://www.direct.aviva.co.uk/wealth/FundChoice/SelfSelectFundsList/FundDetails/B7MSZ49/SelfSelectFund
4132,Schroder All Maturities Corporate Bond Class Z Accumulation,,https://www.direct.aviva.co.uk/wealth/FundChoice/SelfSelectFundsList/FundDetails/B4V0R05/SelfSelectFund
4133,Schroder All Maturities Corporate Bond Class Z Income,,https://www.direct.aviva.co.uk/wealth/FundChoice/SelfSelectFundsList/FundDetails/B4V0R50/SelfSelectFund
4134,Schroder Asian Alpha Plus Class Z Accumulation,,https://www.direct.aviva.co.uk/wealth/FundChoice/SelfSelectFundsList/FundDetails/B5BG498/SelfSelectFund
4135,Schroder Asian Alpha Plus Class Z Income,,https://www.direct.aviva.co.uk/wealth/FundChoice/SelfSelectFundsList/FundDetails/B5V2VR3/SelfSelectFund
4136,Schroder Asian Discovery Class Z Accumulation,,https://www.direct.aviva.co.uk/wealth/FundChoice/SelfSelectFundsList/FundDetails/B5ZS9V7/SelfSelectFund
4137,Schroder Asian Discovery Class Z Income,,https://www.direct.aviva.co.uk/wealth/FundChoice/SelfSelectFundsList/FundDetails/B4Y8PY6/SelfSelectFund
4138,Schroder Asian Income Class Z Accumulation,,https://www.direct.aviva.co.uk/wealth/FundChoice/SelfSelectFundsList/FundDetails/B5BJ7M1/SelfSelectFund
4139,Schroder Asian Income Class Z Income,,https://www.direct.aviva.co.uk/wealth/FundChoice/SelfSelectFundsList/FundDetails/B559X85/SelfSelectFund
4140,Schroder Asian Income Maximiser Class Z Accumulation,,https://www.direct.aviva.co.uk/wealth/FundChoice/SelfSelectFundsList/FundDetails/B581S49/SelfSelectFund
4141,Schroder Asian Income Maximiser Class Z Income,,https://www.direct.aviva.co.uk/wealth/FundChoice/SelfSelectFundsList/FundDetails/B52QVQ3/SelfSelectFund
4142,Schroder Blended Portfolio 3 Class Z Accumulation,,https://www.direct.aviva.co.uk/wealth/FundChoice/SelfSelectFundsList/FundDetails/BF77ZS1/SelfSelectFund
4143,Schroder Blended Portfolio 4 Class Z Accumulation,,https://www.direct.aviva.co.uk/wealth/FundChoice/SelfSelectFundsList/FundDetails/BF77ZT2/SelfSelectFund
4144,Schroder Blended Portfolio 5 Class F Accumulation,,https://www.direct.aviva.co.uk/wealth/FundChoice/SelfSelectFundsList/FundDetails/BF77ZV4/SelfSelectFund
4145,Schroder Blended Portfolio 6 Class Z Accumulation,,https://www.direct.aviva.co.uk/wealth/FundChoice/SelfSelectFundsList/FundDetails/BF77ZW5/SelfSelectFund
4146,Schroder Blended Portfolio 6 Class Z Income,,https://www.direct.aviva.co.uk/wealth/FundChoice/SelfSelectFundsList/FundDetails/BF782N8/SelfSelectFund
4147,Schroder Blended Portfolio 7 Class Z Accumulation,,https://www.direct.aviva.co.uk/wealth/FundChoice/SelfSelectFundsList/FundDetails/BF77ZX6/SelfSelectFund
4148,Schroder Blended Portfolio 7 Class Z Income,,https://www.direct.aviva.co.uk/wealth/FundChoice/SelfSelectFundsList/FundDetails/BF782P0/SelfSelectFund
4149,Schroder Blended Portfolio 8 Class Z Accumulation,,https://www.direct.aviva.co.uk/wealth/FundChoice/SelfSelectFundsList/FundDetails/BF77ZY7/SelfSelectFund
4150,Schroder European Climate Transition Class Z Accumulation,,https://www.direct.aviva.co.uk/wealth/FundChoice/SelfSelectFundsList/FundDetails/B6S00Y7/SelfSelectFund
4151,Schroder European Climate Transition Class Z Hedged Income,,https://www.direct.aviva.co.uk/wealth/FundChoice/SelfSelectFundsList/FundDetails/B9DLYT9/SelfSelectFund
4152,Schroder European Climate Transition Class Z Income,,https://www.direct.aviva.co.uk/wealth/FundChoice/SelfSelectFundsList/FundDetails/B7FHV23/SelfSelectFund
4153,Schroder European Fund Class Z Accumulation,,https://www.direct.aviva.co.uk/wealth/FundChoice/SelfSelectFundsList/FundDetails/B76V8C3/SelfSelectFund
4154,Schroder European Fund Class Z Hedged Accumulation,,https://www.direct.aviva.co.uk/wealth/FundChoice/SelfSelectFundsList/FundDetails/B7Y9XK2/SelfSelectFund
4155,Schroder European Fund Class Z Hedged Income,,https://www.direct.aviva.co.uk/wealth/FundChoice/SelfSelectFundsList/FundDetails/B8FGLQ1/SelfSelectFund
4156,Schroder European Fund Class Z Income,,https://www.direct.aviva.co.uk/wealth/FundChoice/SelfSelectFundsList/FundDetails/B76V8D4/SelfSelectFund
4157,Schroder European Recovery Class Z Accumulation,,https://www.direct.aviva.co.uk/wealth/FundChoice/SelfSelectFundsList/FundDetails/0722188/SelfSelectFund
4158,Schroder European Recovery Class Z Income,,https://www.direct.aviva.co.uk/wealth/FundChoice/SelfSelectFundsList/FundDetails/B60BTP2/SelfSelectFund
4159,Schroder European Smaller Companies Class Z Accumulation,,https://www.direct.aviva.co.uk/wealth/FundChoice/SelfSelectFundsList/FundDetails/B76V5M2/SelfSelectFund
4160,Schroder European Smaller Companies Class Z Income,,https://www.direct.aviva.co.uk/wealth/FundChoice/SelfSelectFundsList/FundDetails/B76V5P5/SelfSelectFund
4161,Schroder Gilt & Fixed Interest Class Z Accumulation,,https://www.direct.aviva.co.uk/wealth/FundChoice/SelfSelectFundsList/FundDetails/BYTQ7F0/SelfSelectFund
4162,Schroder Gilt & Fixed Interest Class Z Income,,https://www.direct.aviva.co.uk/wealth/FundChoice/SelfSelectFundsList/FundDetails/BYTQ7D8/SelfSelectFund
4163,Schroder Global Alternative Energy Fund Class Z Accumulation,,https://www.direct.aviva.co.uk/wealth/FundChoice/SelfSelectFundsList/FundDetails/BF781K8/SelfSelectFund
4164,Schroder Global Alternative Energy Fund Class Z Income,,https://www.direct.aviva.co.uk/wealth/FundChoice/SelfSelectFundsList/FundDetails/BF781J7/SelfSelectFund
4165,Schroder Global Cities Real Estate Class Z Accumulation,,https://www.direct.aviva.co.uk/wealth/FundChoice/SelfSelectFundsList/FundDetails/B1VPTY7/SelfSelectFund
4166,Schroder Global Cities Real Estate Class Z Hedged Income,,https://www.direct.aviva.co.uk/wealth/FundChoice/SelfSelectFundsList/FundDetails/BYX7J19/SelfSelectFund
4167,Schroder Global Cities Real Estate Class Z Income,,https://www.direct.aviva.co.uk/wealth/FundChoice/SelfSelectFundsList/FundDetails/B1VPTW5/SelfSelectFund
4168,Schroder Global Emerging Markets Class Z Accumulation,,https://www.direct.aviva.co.uk/wealth/FundChoice/SelfSelectFundsList/FundDetails/B76V5Q6/SelfSelectFund
4169,Schroder Global Emerging Markets Class Z Income,,https://www.direct.aviva.co.uk/wealth/FundChoice/SelfSelectFundsList/FundDetails/B76V5R7/SelfSelectFund
4170,Schroder Global Equity Class Z Accumulation,,https://www.direct.aviva.co.uk/wealth/FundChoice/SelfSelectFundsList/FundDetails/BD8RLF5/SelfSelectFund
4171,Schroder Global Equity Class Z Income,,https://www.direct.aviva.co.uk/wealth/FundChoice/SelfSelectFundsList/FundDetails/BD8RLD3/SelfSelectFund
4172,Schroder Global Equity Income Class Z Accumulation,,https://www.direct.aviva.co.uk/wealth/FundChoice/SelfSelectFundsList/FundDetails/B76V7M6/SelfSelectFund
4173,Schroder Global Equity Income Class Z Income,,https://www.direct.aviva.co.uk/wealth/FundChoice/SelfSelectFundsList/FundDetails/B76V7N7/SelfSelectFund
4174,Schroder Global Healthcare Class Z Accumulation,,https://www.direct.aviva.co.uk/wealth/FundChoice/SelfSelectFundsList/FundDetails/B76V7Q0/SelfSelectFund
4175,Schroder Global Healthcare Class Z Income,,https://www.direct.aviva.co.uk/wealth/FundChoice/SelfSelectFundsList/FundDetails/B76V7R1/SelfSelectFund
4176,Schroder Global Multi-Asset Adventurous Portfolio Class F Accumulation,,https://www.direct.aviva.co.uk/wealth/FundChoice/SelfSelectFundsList/FundDetails/BZCR4H8/SelfSelectFund
4177,Schroder Global Multi-Asset Balanced Portfolio Class F Accumulation,,https://www.direct.aviva.co.uk/wealth/FundChoice/SelfSelectFundsList/FundDetails/BZCR4F6/SelfSelectFund
4178,Schroder Global Multi-Asset Cautious Portfolio Class F Accumulation,,https://www.direct.aviva.co.uk/wealth/FundChoice/SelfSelectFundsList/FundDetails/BZCR4B2/SelfSelectFund
4179,Schroder Global Multi-Asset Growth Portfolio Class F Accumulation,,https://www.direct.aviva.co.uk/wealth/FundChoice/SelfSelectFundsList/FundDetails/BZCR4G7/SelfSelectFund
4180,Schroder Global Multi-Asset Moderately Cautious Portfolio Class F Accumulation,,https://www.direct.aviva.co.uk/wealth/FundChoice/SelfSelectFundsList/FundDetails/BZCR4C3/SelfSelectFund
4181,Schroder Global Recovery Class Z Accumulation,,https://www.direct.aviva.co.uk/wealth/FundChoice/SelfSelectFundsList/FundDetails/BYRJXL9/SelfSelectFund
4182,Schroder Global Recovery Class Z Income,,https://www.direct.aviva.co.uk/wealth/FundChoice/SelfSelectFundsList/FundDetails/BYRJXM0/SelfSelectFund
4183,Schroder Global Sustainable Food And Water Fund Class Z Accumulation,,https://www.direct.aviva.co.uk/wealth/FundChoice/SelfSelectFundsList/FundDetails/BJRSWB4/SelfSelectFund
4184,Schroder Global Sustainable Food And Water Fund Class Z Income,,https://www.direct.aviva.co.uk/wealth/FundChoice/SelfSelectFundsList/FundDetails/BJRSWC5/SelfSelectFund
4185,Schroder Global Sustainable Growth Class Z Accumulation,,https://www.direct.aviva.co.uk/wealth/FundChoice/SelfSelectFundsList/FundDetails/BF781R5/SelfSelectFund
4186,Schroder Global Sustainable Growth Class Z Accumulation,,https://www.direct.aviva.co.uk/wealth/FundChoice/SelfSelectFundsList/FundDetails/BF781Q4/SelfSelectFund
4187,Schroder Global Sustainable Value Equity Class Z Accumulation,,https://www.direct.aviva.co.uk/wealth/FundChoice/SelfSelectFundsList/FundDetails/BF783V3/SelfSelectFund
4188,Schroder Global Sustainable Value Equity Class Z Income,,https://www.direct.aviva.co.uk/wealth/FundChoice/SelfSelectFundsList/FundDetails/BJRSVL7/SelfSelectFund
4189,Schroder High Yield Opportunities Class Z Accumulation,,https://www.direct.aviva.co.uk/wealth/FundChoice/SelfSelectFundsList/FundDetails/B83RDY8/SelfSelectFund
4190,Schroder High Yield Opportunities Class Z Income,,https://www.direct.aviva.co.uk/wealth/FundChoice/SelfSelectFundsList/FundDetails/B514328/SelfSelectFund
4191,Schroder ISF Asian Bond Total Return Class Z Hedged Income,,https://www.direct.aviva.co.uk/wealth/FundChoice/SelfSelectFundsList/FundDetails/BYQ2YL6/SelfSelectFund
4192,Schroder ISF BlueOrchard Emerging Markets Climate Bond Class C Accumulation,,https://www.direct.aviva.co.uk/wealth/FundChoice/SelfSelectFundsList/FundDetails/BLBJFC9/SelfSelectFund
4193,Schroder ISF BlueOrchard Emerging Markets Climate Bond Class C Income,,https://www.direct.aviva.co.uk/wealth/FundChoice/SelfSelectFundsList/FundDetails/BP2R3X7/SelfSelectFund
4194,Schroder ISF BlueOrchard Emerging Markets Impact Bond Class C Accumulation,,https://www.direct.aviva.co.uk/wealth/FundChoice/SelfSelectFundsList/FundDetails/BMYSHT1/SelfSelectFund
4195,Schroder ISF EURO Corporate Bond Class C Hedged Income,,https://www.direct.aviva.co.uk/wealth/FundChoice/SelfSelectFundsList/FundDetails/BYWKBS0/SelfSelectFund
4196,Schroder ISF EURO Corporate Bond Class C Income,,https://www.direct.aviva.co.uk/wealth/FundChoice/SelfSelectFundsList/FundDetails/BD4DRG0/SelfSelectFund
4197,Schroder ISF Emerging Markets Debt Total Return Class Z Hedged Income,,https://www.direct.aviva.co.uk/wealth/FundChoice/SelfSelectFundsList/FundDetails/BDC7KV0/SelfSelectFund
4198,Schroder ISF European Sustainable Equity Class Z Income,,https://www.direct.aviva.co.uk/wealth/FundChoice/SelfSelectFundsList/FundDetails/BNBT8H9/SelfSelectFund
4199,Schroder ISF Frontier Markets Equity Class C Accumulation,,https://www.direct.aviva.co.uk/wealth/FundChoice/SelfSelectFundsList/FundDetails/BF104Q7/SelfSelectFund
4200,Schroder ISF Global Bond Class C Accumulation,,https://www.direct.aviva.co.uk/wealth/FundChoice/SelfSelectFundsList/FundDetails/BD24FV6/SelfSelectFund
4201,Schroder ISF Global Climate Change Equity Class Z Income,,https://www.direct.aviva.co.uk/wealth/FundChoice/SelfSelectFundsList/FundDetails/BDGTSL8/SelfSelectFund
4202,Schroder ISF Global Convertible Bond Class C Hedged Accumulation,,https://www.direct.aviva.co.uk/wealth/FundChoice/SelfSelectFundsList/FundDetails/B421M13/SelfSelectFund
4203,Schroder ISF Global Convertible Bond Class C Hedged Income,,https://www.direct.aviva.co.uk/wealth/FundChoice/SelfSelectFundsList/FundDetails/B4W6RV3/SelfSelectFund
4204,Schroder ISF Global Diversified Growth Class C Hedged Accumulation,,https://www.direct.aviva.co.uk/wealth/FundChoice/SelfSelectFundsList/FundDetails/B7T29J7/SelfSelectFund
4205,Schroder ISF Global Dividend Maximiser Class Z Income,,https://www.direct.aviva.co.uk/wealth/FundChoice/SelfSelectFundsList/FundDetails/BDGTSY1/SelfSelectFund
4206,Schroder ISF Global Energy Class Z Income,,https://www.direct.aviva.co.uk/wealth/FundChoice/SelfSelectFundsList/FundDetails/BDGTTJ3/SelfSelectFund
4207,Schroder ISF Global Energy Transition Class C Accumulation,,https://www.direct.aviva.co.uk/wealth/FundChoice/SelfSelectFundsList/FundDetails/BK4Q6D8/SelfSelectFund
4208,Schroder ISF Global Energy Transition Class E Hedged Accumulation,,https://www.direct.aviva.co.uk/wealth/FundChoice/SelfSelectFundsList/FundDetails/BK4Q6F0/SelfSelectFund
4209,Schroder ISF Global Gold Class A Hedged Accumulation,,https://www.direct.aviva.co.uk/wealth/FundChoice/SelfSelectFundsList/FundDetails/BP4C329/SelfSelectFund
4210,Schroder ISF Global High Yield Class C Hedged Income,,https://www.direct.aviva.co.uk/wealth/FundChoice/SelfSelectFundsList/FundDetails/B3QFGF6/SelfSelectFund
4211,Schroder ISF Global Inflation Linked Bond Class C Hedged Income,,https://www.direct.aviva.co.uk/wealth/FundChoice/SelfSelectFundsList/FundDetails/B1VVGH7/SelfSelectFund
4212,Schroder ISF Global Inflation Linked Bond Class C Income,,https://www.direct.aviva.co.uk/wealth/FundChoice/SelfSelectFundsList/FundDetails/B636GC0/SelfSelectFund
4213,Schroder ISF Global Sustainable Food and Water Class C Hedged Income,,https://www.direct.aviva.co.uk/wealth/FundChoice/SelfSelectFundsList/FundDetails/BMW7228/SelfSelectFund
4214,Schroder ISF QEP Global ESG Class C Accumulation,,https://www.direct.aviva.co.uk/wealth/FundChoice/SelfSelectFundsList/FundDetails/BF0V405/SelfSelectFund
4215,Schroder ISF Schroder International Selection Fund - Asian Total Return C Distribution GBP Class C Income,,https://www.direct.aviva.co.uk/wealth/FundChoice/SelfSelectFundsList/FundDetails/B3BTVJ2/SelfSelectFund
4216,Schroder ISF Schroder International Selection Fund - Asian Total Return C Distribution GBP Class Z Accumulation,,https://www.direct.aviva.co.uk/wealth/FundChoice/SelfSelectFundsList/FundDetails/BR4W5K5/SelfSelectFund
4217,Schroder ISF Schroder International Selection Fund - Asian Total Return C Distribution GBP Class Z Income,,https://www.direct.aviva.co.uk/wealth/FundChoice/SelfSelectFundsList/FundDetails/BMVH1Z5/SelfSelectFund
4218,Schroder ISF Schroder International Selection Fund - Greater China C Distribution GBP Class C Income,,https://www.direct.aviva.co.uk/wealth/FundChoice/SelfSelectFundsList/FundDetails/B60B4D5/SelfSelectFund
4219,Schroder ISF Schroder International Selection Fund - UK Equity C Distribution Class Z Accumulation,,https://www.direct.aviva.co.uk/wealth/FundChoice/SelfSelectFundsList/FundDetails/BDGTY09/SelfSelectFund
4220,Schroder ISF Schroder International Selection Fund - UK Equity C Distribution Class Z Accumulation,,https://www.direct.aviva.co.uk/wealth/FundChoice/SelfSelectFundsList/FundDetails/BDGTY10/SelfSelectFund
4221,Schroder ISF Securitised Credit Class C Hedged Accumulation,,https://www.direct.aviva.co.uk/wealth/FundChoice/SelfSelectFundsList/FundDetails/BD822P7/SelfSelectFund
4222,Schroder ISF Securitised Credit Class C Hedged Income,,https://www.direct.aviva.co.uk/wealth/FundChoice/SelfSelectFundsList/FundDetails/BD822S0/SelfSelectFund
4223,Schroder ISF Strategic Bond Class C Hedged Accumulation,,https://www.direct.aviva.co.uk/wealth/FundChoice/SelfSelectFundsList/FundDetails/B0BXHH3/SelfSelectFund
4224,Schroder ISF Strategic Credit Class C Accumulation,,https://www.direct.aviva.co.uk/wealth/FundChoice/SelfSelectFundsList/FundDetails/BJ7BSX7/SelfSelectFund
4225,Schroder ISF Strategic Credit Class C Income,,https://www.direct.aviva.co.uk/wealth/FundChoice/SelfSelectFundsList/FundDetails/BJ7BS93/SelfSelectFund
4226,Schroder ISF Swiss Equity Class Z Hedged Accumulation,,https://www.direct.aviva.co.uk/wealth/FundChoice/SelfSelectFundsList/FundDetails/BYP6ZZ0/SelfSelectFund
4227,Schroder ISF US Smaller Companies Impact Class C Accumulation,,https://www.direct.aviva.co.uk/wealth/FundChoice/SelfSelectFundsList/FundDetails/BPP4K23/SelfSelectFund
4228,Schroder Income Fund Class Z Accumulation,,https://www.direct.aviva.co.uk/wealth/FundChoice/SelfSelectFundsList/FundDetails/B3PM119/SelfSelectFund
4229,Schroder Income Fund Class Z Income,,https://www.direct.aviva.co.uk/wealth/FundChoice/SelfSelectFundsList/FundDetails/B5WJCB4/SelfSelectFund
4230,Schroder Income Maximiser Class Z Accumulation,,https://www.direct.aviva.co.uk/wealth/FundChoice/SelfSelectFundsList/FundDetails/B5B0KM5/SelfSelectFund
4231,Schroder Income Maximiser Class Z Income,,https://www.direct.aviva.co.uk/wealth/FundChoice/SelfSelectFundsList/FundDetails/B53FRD8/SelfSelectFund
4232,Schroder Income Portfolio Class Z Accumulation,,https://www.direct.aviva.co.uk/wealth/FundChoice/SelfSelectFundsList/FundDetails/B4K1MN7/SelfSelectFund
4233,Schroder Income Portfolio Class Z Income,,https://www.direct.aviva.co.uk/wealth/FundChoice/SelfSelectFundsList/FundDetails/B418R65/SelfSelectFund
4234,Schroder India Equity Class Z Accumulation,,https://www.direct.aviva.co.uk/wealth/FundChoice/SelfSelectFundsList/FundDetails/BF785M8/SelfSelectFund
4235,Schroder Institutional Pacific Class I Accumulation,,https://www.direct.aviva.co.uk/wealth/FundChoice/SelfSelectFundsList/FundDetails/0764674/SelfSelectFund
4236,Schroder Islamic Global Equity Class Z Accumulation,,https://www.direct.aviva.co.uk/wealth/FundChoice/SelfSelectFundsList/FundDetails/BF780Y5/SelfSelectFund
4237,Schroder Long Dated Corporate Bond Fund Class I Accumulation,,https://www.direct.aviva.co.uk/wealth/FundChoice/SelfSelectFundsList/FundDetails/0956932/SelfSelectFund
4238,Schroder MM Diversity Fund Class Z Accumulation,,https://www.direct.aviva.co.uk/wealth/FundChoice/SelfSelectFundsList/FundDetails/B60CZD5/SelfSelectFund
4239,Schroder MM Diversity Fund Class Z Income,,https://www.direct.aviva.co.uk/wealth/FundChoice/SelfSelectFundsList/FundDetails/B602JM2/SelfSelectFund
4240,Schroder Managed Balanced Class I Accumulation,,https://www.direct.aviva.co.uk/wealth/FundChoice/SelfSelectFundsList/FundDetails/0289984/SelfSelectFund
4241,Schroder Managed Balanced Class I Income,,https://www.direct.aviva.co.uk/wealth/FundChoice/SelfSelectFundsList/FundDetails/0290038/SelfSelectFund
4242,Schroder Managed Balanced Class Z Accumulation,,https://www.direct.aviva.co.uk/wealth/FundChoice/SelfSelectFundsList/FundDetails/BDZDTG3/SelfSelectFund
4243,Schroder Managed Balanced Class Z Income,,https://www.direct.aviva.co.uk/wealth/FundChoice/SelfSelectFundsList/FundDetails/BDZDTH4/SelfSelectFund
4244,Schroder Managed Wealth Portfolio Class Z Accumulation,,https://www.direct.aviva.co.uk/wealth/FundChoice/SelfSelectFundsList/FundDetails/B84YNB5/SelfSelectFund
4245,Schroder Managed Wealth Portfolio Class Z Income,,https://www.direct.aviva.co.uk/wealth/FundChoice/SelfSelectFundsList/FundDetails/B7134X7/SelfSelectFund
4246,Schroder Monthly Income Class Z Accumulation,,https://www.direct.aviva.co.uk/wealth/FundChoice/SelfSelectFundsList/FundDetails/B78ST18/SelfSelectFund
4247,Schroder Monthly Income Class Z Income,,https://www.direct.aviva.co.uk/wealth/FundChoice/SelfSelectFundsList/FundDetails/B66FVB8/SelfSelectFund
4248,Schroder Prime UK Equity Class Z Accumulation,,https://www.direct.aviva.co.uk/wealth/FundChoice/SelfSelectFundsList/FundDetails/BS0LFL4/SelfSelectFund
4249,Schroder Prime UK Equity Class Z Income,,https://www.direct.aviva.co.uk/wealth/FundChoice/SelfSelectFundsList/FundDetails/BS0LFM5/SelfSelectFund
4250,Schroder QEP Global Active Value Class Z Accumulation,,https://www.direct.aviva.co.uk/wealth/FundChoice/SelfSelectFundsList/FundDetails/B76V8G7/SelfSelectFund
4251,Schroder QEP Global Active Value Class Z Income,,https://www.direct.aviva.co.uk/wealth/FundChoice/SelfSelectFundsList/FundDetails/B76V8H8/SelfSelectFund
4252,Schroder QEP Global Core Class A Accumulation,,https://www.direct.aviva.co.uk/wealth/FundChoice/SelfSelectFundsList/FundDetails/B531048/SelfSelectFund
4253,Schroder QEP Global Core Class A Income,,https://www.direct.aviva.co.uk/wealth/FundChoice/SelfSelectFundsList/FundDetails/B53G9Z7/SelfSelectFund
4254,Schroder QEP Global Core Class I Accumulation,,https://www.direct.aviva.co.uk/wealth/FundChoice/SelfSelectFundsList/FundDetails/0766119/SelfSelectFund
4255,Schroder QEP Global Core Class I Income,,https://www.direct.aviva.co.uk/wealth/FundChoice/SelfSelectFundsList/FundDetails/0766108/SelfSelectFund
4256,Schroder QEP US Core Class I Accumulation,,https://www.direct.aviva.co.uk/wealth/FundChoice/SelfSelectFundsList/FundDetails/0764834/SelfSelectFund
4257,Schroder QEP US Core Class I Income,,https://www.direct.aviva.co.uk/wealth/FundChoice/SelfSelectFundsList/FundDetails/0764823/SelfSelectFund
4258,Schroder Recovery Class Z Accumulation,,https://www.direct.aviva.co.uk/wealth/FundChoice/SelfSelectFundsList/FundDetails/B3VVG60/SelfSelectFund
4259,Schroder Recovery Class Z Income,,https://www.direct.aviva.co.uk/wealth/FundChoice/SelfSelectFundsList/FundDetails/B3W2HM5/SelfSelectFund
4260,Schroder SSF Sterling Liquidity Plus Class C Accumulation,,https://www.direct.aviva.co.uk/wealth/FundChoice/SelfSelectFundsList/FundDetails/B1FSM54/SelfSelectFund
4261,Schroder Sterling Corporate Bond Class A Accumulation,,https://www.direct.aviva.co.uk/wealth/FundChoice/SelfSelectFundsList/FundDetails/BDV0KY3/SelfSelectFund
4262,Schroder Sterling Corporate Bond Class Z Accumulation,,https://www.direct.aviva.co.uk/wealth/FundChoice/SelfSelectFundsList/FundDetails/0937937/SelfSelectFund
4263,Schroder Sterling Corporate Bond Class Z Income,,https://www.direct.aviva.co.uk/wealth/FundChoice/SelfSelectFundsList/FundDetails/B745850/SelfSelectFund
4264,Schroder Strategic Bond Class Z Accumulation,,https://www.direct.aviva.co.uk/wealth/FundChoice/SelfSelectFundsList/FundDetails/B7FPS59/SelfSelectFund
4265,Schroder Strategic Bond Class Z Income,,https://www.direct.aviva.co.uk/wealth/FundChoice/SelfSelectFundsList/FundDetails/B717KH5/SelfSelectFund
4266,Schroder Strategic Credit Fund Class L Accumulation,,https://www.direct.aviva.co.uk/wealth/FundChoice/SelfSelectFundsList/FundDetails/B11DP10/SelfSelectFund
4267,Schroder Strategic Credit Fund Class L Income,,https://www.direct.aviva.co.uk/wealth/FundChoice/SelfSelectFundsList/FundDetails/B11DP09/SelfSelectFund
4268,Schroder Strategic Credit Fund Class Z Accumulation,,https://www.direct.aviva.co.uk/wealth/FundChoice/SelfSelectFundsList/FundDetails/BJZ2ZC0/SelfSelectFund
4269,Schroder Strategic Credit Fund Class Z Income,,https://www.direct.aviva.co.uk/wealth/FundChoice/SelfSelectFundsList/FundDetails/BJZ2ZK8/SelfSelectFund
4270,Schroder Sustainable Bond Class Z Accumulation,,https://www.direct.aviva.co.uk/wealth/FundChoice/SelfSelectFundsList/FundDetails/B57BFC7/SelfSelectFund
4271,Schroder Sustainable Bond Class Z Income,,https://www.direct.aviva.co.uk/wealth/FundChoice/SelfSelectFundsList/FundDetails/B5W01T8/SelfSelectFund
4272,Schroder Sustainable Future Multi-Asset Class Z Accumulation,,https://www.direct.aviva.co.uk/wealth/FundChoice/SelfSelectFundsList/FundDetails/B2Q1N56/SelfSelectFund
4273,Schroder Sustainable Future Multi-Asset Class Z Income,,https://www.direct.aviva.co.uk/wealth/FundChoice/SelfSelectFundsList/FundDetails/B2Q1N90/SelfSelectFund
4274,Schroder Sustainable UK Equity Class Z Accumulation,,https://www.direct.aviva.co.uk/wealth/FundChoice/SelfSelectFundsList/FundDetails/3231272/SelfSelectFund
4275,Schroder Sustainable UK Equity Class Z Income,,https://www.direct.aviva.co.uk/wealth/FundChoice/SelfSelectFundsList/FundDetails/3231261/SelfSelectFund
4276,Schroder Tokyo Class Z Accumulation,,https://www.direct.aviva.co.uk/wealth/FundChoice/SelfSelectFundsList/FundDetails/B4SZR81/SelfSelectFund
4277,Schroder Tokyo Class Z Hedged Accumulation,,https://www.direct.aviva.co.uk/wealth/FundChoice/SelfSelectFundsList/FundDetails/B8BJDX5/SelfSelectFund
4278,Schroder Tokyo Class Z Hedged Income,,https://www.direct.aviva.co.uk/wealth/FundChoice/SelfSelectFundsList/FundDetails/B8V8R74/SelfSelectFund
4279,Schroder Tokyo Class Z Income,,https://www.direct.aviva.co.uk/wealth/FundChoice/SelfSelectFundsList/FundDetails/B58VQH8/SelfSelectFund
4280,Schroder UK Alpha Plus Class Z Accumulation,,https://www.direct.aviva.co.uk/wealth/FundChoice/SelfSelectFundsList/FundDetails/B5L33N6/SelfSelectFund
4281,Schroder UK Alpha Plus Class Z Income,,https://www.direct.aviva.co.uk/wealth/FundChoice/SelfSelectFundsList/FundDetails/B60R7N4/SelfSelectFund
4282,Schroder UK Dynamic Smaller Companies Class Z Accumulation,,https://www.direct.aviva.co.uk/wealth/FundChoice/SelfSelectFundsList/FundDetails/0722036/SelfSelectFund
4283,Schroder UK Dynamic Smaller Companies Class Z Income,,https://www.direct.aviva.co.uk/wealth/FundChoice/SelfSelectFundsList/FundDetails/B5VQ012/SelfSelectFund
4284,Schroder UK Mid 250 Class Z Accumulation,,https://www.direct.aviva.co.uk/wealth/FundChoice/SelfSelectFundsList/FundDetails/B76V7S2/SelfSelectFund
4285,Schroder UK Mid 250 Class Z Income,,https://www.direct.aviva.co.uk/wealth/FundChoice/SelfSelectFundsList/FundDetails/B76V7X7/SelfSelectFund
4286,Schroder UK Smaller Companies Class Z Accumulation,,https://www.direct.aviva.co.uk/wealth/FundChoice/SelfSelectFundsList/FundDetails/B76V7Z9/SelfSelectFund
4287,Schroder UK Smaller Companies Class Z Income,,https://www.direct.aviva.co.uk/wealth/FundChoice/SelfSelectFundsList/FundDetails/B76V801/SelfSelectFund
4288,Schroder UK-Listed Equity Income Maximiser Class Z Income,,https://www.direct.aviva.co.uk/wealth/FundChoice/SelfSelectFundsList/FundDetails/BF78186/SelfSelectFund
4289,Schroder US Equity Income Maximiser Class Z Accumulation,,https://www.direct.aviva.co.uk/wealth/FundChoice/SelfSelectFundsList/FundDetails/BYP2514/SelfSelectFund
4290,Schroder US Equity Income Maximiser Class Z Income,,https://www.direct.aviva.co.uk/wealth/FundChoice/SelfSelectFundsList/FundDetails/BYP24Z1/SelfSelectFund
4291,Schroder US Mid Cap Class Z Accumulation,,https://www.direct.aviva.co.uk/wealth/FundChoice/SelfSelectFundsList/FundDetails/B7LDLV4/SelfSelectFund
4292,Schroder US Mid Cap Class Z Income,,https://www.direct.aviva.co.uk/wealth/FundChoice/SelfSelectFundsList/FundDetails/B7M4CS0/SelfSelectFund
4293,Schroder US Smaller Companies Class Z Accumulation,,https://www.direct.aviva.co.uk/wealth/FundChoice/SelfSelectFundsList/FundDetails/B7LDL92/SelfSelectFund
4294,Schroder US Smaller Companies Class Z Income,,https://www.direct.aviva.co.uk/wealth/FundChoice/SelfSelectFundsList/FundDetails/B7LDLC5/SelfSelectFund
4295,Skerryvore AM Skerryvore ICAV Global Emerging Markets Equity Fund Class S Accumulation,,https://www.direct.aviva.co.uk/wealth/FundChoice/SelfSelectFundsList/FundDetails/BP5XH07/SelfSelectFund
4296,Slater Investments Slater Growth Class P Accumulation,,https://www.direct.aviva.co.uk/wealth/FundChoice/SelfSelectFundsList/FundDetails/B7T0G90/SelfSelectFund
4297,Slater Investments Slater Income Class P Accumulation,,https://www.direct.aviva.co.uk/wealth/FundChoice/SelfSelectFundsList/FundDetails/BYV2HQ7/SelfSelectFund
4298,Slater Investments Slater Income Class P Income,,https://www.direct.aviva.co.uk/wealth/FundChoice/SelfSelectFundsList/FundDetails/B905XJ7/SelfSelectFund
4299,Slater Investments Slater Recovery Class P Accumulation,,https://www.direct.aviva.co.uk/wealth/FundChoice/SelfSelectFundsList/FundDetails/B90KTC7/SelfSelectFund
4300,Somerset Capital MI Polen Capital Emerging Markets Discovery Class A Accumulation,,https://www.direct.aviva.co.uk/wealth/FundChoice/SelfSelectFundsList/FundDetails/BK5SP70/SelfSelectFund
4301,Somerset Capital MI Polen Capital Emerging Markets Discovery Class A Income,,https://www.direct.aviva.co.uk/wealth/FundChoice/SelfSelectFundsList/FundDetails/BKPJ1T7/SelfSelectFund
4302,Stewart Investors Asia Pacific Class B Accumulation,,https://www.direct.aviva.co.uk/wealth/FundChoice/SelfSelectFundsList/FundDetails/B0TY6V5/SelfSelectFund
4303,Stewart Investors Asia Pacific Leaders Class B Accumulation,,https://www.direct.aviva.co.uk/wealth/FundChoice/SelfSelectFundsList/FundDetails/3387476/SelfSelectFund
4304,Stewart Investors Asia Pacific Leaders Class B Income,,https://www.direct.aviva.co.uk/wealth/FundChoice/SelfSelectFundsList/FundDetails/B57S0V2/SelfSelectFund
4305,Stewart Investors Asia Pacific Leaders Class VI Accumulation,,https://www.direct.aviva.co.uk/wealth/FundChoice/SelfSelectFundsList/FundDetails/BKDRZ79/SelfSelectFund
4306,Stewart Investors Asia Pacific and Japan Class B Accumulation,,https://www.direct.aviva.co.uk/wealth/FundChoice/SelfSelectFundsList/FundDetails/3018408/SelfSelectFund
4307,Stewart Investors Asia Pacific and Japan Class B Income,,https://www.direct.aviva.co.uk/wealth/FundChoice/SelfSelectFundsList/FundDetails/B57XX41/SelfSelectFund
4308,Stewart Investors Global Emerging Markets Class B Accumulation,,https://www.direct.aviva.co.uk/wealth/FundChoice/SelfSelectFundsList/FundDetails/B64TS99/SelfSelectFund
4309,Stewart Investors Global Emerging Markets Leaders Class B Accumulation,,https://www.direct.aviva.co.uk/wealth/FundChoice/SelfSelectFundsList/FundDetails/3387454/SelfSelectFund
4310,Stewart Investors Indian Subcontinent All Cap Class B Accumulation,,https://www.direct.aviva.co.uk/wealth/FundChoice/SelfSelectFundsList/FundDetails/B1FXTG9/SelfSelectFund
4311,Stewart Investors Worldwide Class B Accumulation,,https://www.direct.aviva.co.uk/wealth/FundChoice/SelfSelectFundsList/FundDetails/B7W3061/SelfSelectFund
4312,Stewart Investors Worldwide Class B Income,,https://www.direct.aviva.co.uk/wealth/FundChoice/SelfSelectFundsList/FundDetails/B8319S6/SelfSelectFund
4313,Stewart Investors Worldwide Leaders Class B Accumulation,,https://www.direct.aviva.co.uk/wealth/FundChoice/SelfSelectFundsList/FundDetails/3097872/SelfSelectFund
4314,Stonehage Fleming Stonehage Fleming Global Best Ideas Equity Fund Class D Accumulation,,https://www.direct.aviva.co.uk/wealth/FundChoice/SelfSelectFundsList/FundDetails/BPGM781/SelfSelectFund
4315,Stonehage Fleming Stonehage Fleming Global Best Ideas Equity Fund Class D Income,,https://www.direct.aviva.co.uk/wealth/FundChoice/SelfSelectFundsList/FundDetails/BCLYMF3/SelfSelectFund
4316,Stonehage Fleming TM Stonehage Fleming AIM Fund Class B Income,,https://www.direct.aviva.co.uk/wealth/FundChoice/SelfSelectFundsList/FundDetails/B0JX3Z5/SelfSelectFund
4317,Stonehage Fleming TM Stonehage Fleming International Fund Class B Income,,https://www.direct.aviva.co.uk/wealth/FundChoice/SelfSelectFundsList/FundDetails/3221109/SelfSelectFund
4318,Stonehage Fleming TM Stonehage Fleming International Fund Class C Accumulation,,https://www.direct.aviva.co.uk/wealth/FundChoice/SelfSelectFundsList/FundDetails/B965186/SelfSelectFund
4319,Stonehage Fleming TM Stonehage Fleming Opportunities Fund Class B Income,,https://www.direct.aviva.co.uk/wealth/FundChoice/SelfSelectFundsList/FundDetails/3221110/SelfSelectFund
4320,Stonehage Fleming TM Stonehage Fleming Opportunities Fund Class C Accumulation,,https://www.direct.aviva.co.uk/wealth/FundChoice/SelfSelectFundsList/FundDetails/B9F9Z98/SelfSelectFund
4321,Storebrand Asset Management UK Storebrand Global Plus LUX Class B Accumulation,,https://www.direct.aviva.co.uk/wealth/FundChoice/SelfSelectFundsList/FundDetails/BKLX4V6/SelfSelectFund
4322,Storebrand Asset Management UK Storebrand US Plus LUX B GBP Acc Accumulation,,https://www.direct.aviva.co.uk/wealth/FundChoice/SelfSelectFundsList/FundDetails/BVD9C04/SelfSelectFund
4323,T. Rowe Price Funds OEIC Global Dividend Equity Class C Income,,https://www.direct.aviva.co.uk/wealth/FundChoice/SelfSelectFundsList/FundDetails/BVP9C35/SelfSelectFund
4324,T. Rowe Price Funds OEIC Global Focused Growth Equity Class C Acc Accumulation,,https://www.direct.aviva.co.uk/wealth/FundChoice/SelfSelectFundsList/FundDetails/BD44677/SelfSelectFund
4325,T. Rowe Price Funds OEIC Global Impact Credit Class C Accumulation,,https://www.direct.aviva.co.uk/wealth/FundChoice/SelfSelectFundsList/FundDetails/BMHN8H8/SelfSelectFund
4326,T. Rowe Price Funds OEIC Global Technology Equity Class C Acc Accumulation,,https://www.direct.aviva.co.uk/wealth/FundChoice/SelfSelectFundsList/FundDetails/BD446K0/SelfSelectFund
4327,T. Rowe Price Funds OEIC Global Value Equity Class C Accumulation,,https://www.direct.aviva.co.uk/wealth/FundChoice/SelfSelectFundsList/FundDetails/BLFG9N5/SelfSelectFund
4328,T. Rowe Price Funds OEIC Japanese Equity Class C Acc Accumulation,,https://www.direct.aviva.co.uk/wealth/FundChoice/SelfSelectFundsList/FundDetails/BD446L1/SelfSelectFund
4329,T. Rowe Price Funds OEIC Japanese Equity Class C10 Accumulation,,https://www.direct.aviva.co.uk/wealth/FundChoice/SelfSelectFundsList/FundDetails/BM638Z7/SelfSelectFund
4330,T. Rowe Price Funds OEIC US Equity Class C Acc Accumulation,,https://www.direct.aviva.co.uk/wealth/FundChoice/SelfSelectFundsList/FundDetails/BD8G583/SelfSelectFund
4331,T. Rowe Price Funds OEIC US Large Cap Growth Equity Class C Acc Accumulation,,https://www.direct.aviva.co.uk/wealth/FundChoice/SelfSelectFundsList/FundDetails/BD5FHW1/SelfSelectFund
4332,T. Rowe Price Funds OEIC US Large Cap Value Equity Class C Acc Accumulation,,https://www.direct.aviva.co.uk/wealth/FundChoice/SelfSelectFundsList/FundDetails/BD446M2/SelfSelectFund
4333,T. Rowe Price Funds OEIC US Smaller Companies Equity Class C Acc Accumulation,,https://www.direct.aviva.co.uk/wealth/FundChoice/SelfSelectFundsList/FundDetails/BD446P5/SelfSelectFund
4334,T. Rowe Price Funds OEIC US Smaller Companies Equity Class C Acc h(GBP) Accumulation,,https://www.direct.aviva.co.uk/wealth/FundChoice/SelfSelectFundsList/FundDetails/BMZ5BG6/SelfSelectFund
4335,T. Rowe Price SICAV Asian Opportunities Equity Class Q (GBP) Accumulation,,https://www.direct.aviva.co.uk/wealth/FundChoice/SelfSelectFundsList/FundDetails/BMW3NF6/SelfSelectFund
4336,T. Rowe Price SICAV Asian ex-Japan Equity Class C GBP Accumulation,,https://www.direct.aviva.co.uk/wealth/FundChoice/SelfSelectFundsList/FundDetails/BQB4GM6/SelfSelectFund
4337,T. Rowe Price SICAV Dynamic Global Bond Class Qn (GBP) Accumulation,,https://www.direct.aviva.co.uk/wealth/FundChoice/SelfSelectFundsList/FundDetails/BZ0D779/SelfSelectFund
4338,T. Rowe Price SICAV Emerging Markets Equity Class Q (GBP) Accumulation,,https://www.direct.aviva.co.uk/wealth/FundChoice/SelfSelectFundsList/FundDetails/B8N4Q28/SelfSelectFund
4339,T. Rowe Price SICAV Frontier Markets Equity Class Q (GBP) Accumulation,,https://www.direct.aviva.co.uk/wealth/FundChoice/SelfSelectFundsList/FundDetails/BNG6422/SelfSelectFund
4340,T. Rowe Price SICAV Global Focused Growth Equity Class Q (GBP) Accumulation,,https://www.direct.aviva.co.uk/wealth/FundChoice/SelfSelectFundsList/FundDetails/BJT34Z5/SelfSelectFund
4341,T. Rowe Price SICAV Global Growth Equity Class Q (GBP) Accumulation,,https://www.direct.aviva.co.uk/wealth/FundChoice/SelfSelectFundsList/FundDetails/B8H3X64/SelfSelectFund
4342,T. Rowe Price SICAV Global High Income Bond Class Qdn (GBP) Income,,https://www.direct.aviva.co.uk/wealth/FundChoice/SelfSelectFundsList/FundDetails/BZ0D6X8/SelfSelectFund
4343,T. Rowe Price SICAV Responsible European Smaller Companies Equity Class Q (GBP) Accumulation,,https://www.direct.aviva.co.uk/wealth/FundChoice/SelfSelectFundsList/FundDetails/BJT3529/SelfSelectFund
4344,T. Rowe Price SICAV US Blue Chip Equity Class Q (GBP) Accumulation,,https://www.direct.aviva.co.uk/wealth/FundChoice/SelfSelectFundsList/FundDetails/BJT34X3/SelfSelectFund
4345,T. Rowe Price SICAV US Equity Class Q (GBP) Accumulation,,https://www.direct.aviva.co.uk/wealth/FundChoice/SelfSelectFundsList/FundDetails/BJT3507/SelfSelectFund
4346,T. Rowe Price SICAV US Large Cap Growth Equity Class Q (GBP) Accumulation,,https://www.direct.aviva.co.uk/wealth/FundChoice/SelfSelectFundsList/FundDetails/BJT34W2/SelfSelectFund
4347,T. Rowe Price SICAV US Large Cap Value Equity Class Q (GBP) Accumulation,,https://www.direct.aviva.co.uk/wealth/FundChoice/SelfSelectFundsList/FundDetails/BJT34Y4/SelfSelectFund
4348,T. Rowe Price SICAV US Smaller Companies Equity Class Q (GBP) Accumulation,,https://www.direct.aviva.co.uk/wealth/FundChoice/SelfSelectFundsList/FundDetails/B82YBL3/SelfSelectFund
4349,T. Rowe Price SICAV US Smaller Companies Equity Class Qn (GBP) Accumulation,,https://www.direct.aviva.co.uk/wealth/FundChoice/SelfSelectFundsList/FundDetails/BD5D3V6/SelfSelectFund
4350,T. Rowe Price SICAV US Structured Research Equity Class Q (GBP) 8 Accumulation,,https://www.direct.aviva.co.uk/wealth/FundChoice/SelfSelectFundsList/FundDetails/BNTZB92/SelfSelectFund
4351,Thesis Unit Trusts TM P1 Ethical World Fund Class A Accumulation,,https://www.direct.aviva.co.uk/wealth/FundChoice/SelfSelectFundsList/FundDetails/BMFKHT6/SelfSelectFund
4352,Thesis Unit Trusts TM P1 Ethical World Fund Class A Income,,https://www.direct.aviva.co.uk/wealth/FundChoice/SelfSelectFundsList/FundDetails/BMFKHV8/SelfSelectFund
4353,Thesis Unit Trusts TM UBS (UK) - Balanced Class F Accumulation,,https://www.direct.aviva.co.uk/wealth/FundChoice/SelfSelectFundsList/FundDetails/BCV7SW1/SelfSelectFund
4354,Thesis Unit Trusts TM UBS (UK) - Global Balanced Class F Accumulation,,https://www.direct.aviva.co.uk/wealth/FundChoice/SelfSelectFundsList/FundDetails/BCV7T62/SelfSelectFund
4355,Thesis Unit Trusts TM UBS (UK) - Global Balanced Class F Income,,https://www.direct.aviva.co.uk/wealth/FundChoice/SelfSelectFundsList/FundDetails/BCV7T39/SelfSelectFund
4356,Thesis Unit Trusts TM UBS (UK) - Global Equity Class F Accumulation,,https://www.direct.aviva.co.uk/wealth/FundChoice/SelfSelectFundsList/FundDetails/BCV7T28/SelfSelectFund
4357,Thesis Unit Trusts TM UBS (UK) - Global Growth Class F Accumulation,,https://www.direct.aviva.co.uk/wealth/FundChoice/SelfSelectFundsList/FundDetails/BCV7T06/SelfSelectFund
4358,Thesis Unit Trusts TM UBS (UK) - Global Growth Class F Income,,https://www.direct.aviva.co.uk/wealth/FundChoice/SelfSelectFundsList/FundDetails/BCV7SZ4/SelfSelectFund
4359,Thesis Unit Trusts TM UBS (UK) - Global Yield Class F Accumulation,,https://www.direct.aviva.co.uk/wealth/FundChoice/SelfSelectFundsList/FundDetails/BCV7SY3/SelfSelectFund
4360,Thesis Unit Trusts TM UBS (UK) - Global Yield Class F Income,,https://www.direct.aviva.co.uk/wealth/FundChoice/SelfSelectFundsList/FundDetails/BCV7SX2/SelfSelectFund
4361,Thesis Unit Trusts TM UBS (UK) - Growth Class F Accumulation,,https://www.direct.aviva.co.uk/wealth/FundChoice/SelfSelectFundsList/FundDetails/BCV7SR6/SelfSelectFund
4362,Thesis Unit Trusts TM UBS (UK) - Income Focus Class F Accumulation,,https://www.direct.aviva.co.uk/wealth/FundChoice/SelfSelectFundsList/FundDetails/BCV7SP4/SelfSelectFund
4363,Thesis Unit Trusts TM UBS (UK) - Income Focus Class F Income,,https://www.direct.aviva.co.uk/wealth/FundChoice/SelfSelectFundsList/FundDetails/BCV7SN2/SelfSelectFund
4364,Thesis Unit Trusts TM UBS (UK) - UK Equity Class F Accumulation,,https://www.direct.aviva.co.uk/wealth/FundChoice/SelfSelectFundsList/FundDetails/BCV7ST8/SelfSelectFund
4365,Time Investments ARC TIME Property Income & Growth PAIF Class A Gross Accumulation,,https://www.direct.aviva.co.uk/wealth/FundChoice/SelfSelectFundsList/FundDetails/BMH7WH8/SelfSelectFund
4366,Time Investments ARC TIME Property Income & Growth PAIF Class B Net Accumulation,,https://www.direct.aviva.co.uk/wealth/FundChoice/SelfSelectFundsList/FundDetails/BMH7WJ0/SelfSelectFund
4367,Time Investments ARC TIME Property Income & Growth PAIF Class C Gross Income,,https://www.direct.aviva.co.uk/wealth/FundChoice/SelfSelectFundsList/FundDetails/BMH7WK1/SelfSelectFund
4368,Time Investments ARC TIME Property Income & Growth PAIF Class D Net Income,,https://www.direct.aviva.co.uk/wealth/FundChoice/SelfSelectFundsList/FundDetails/BMH7WL2/SelfSelectFund
4369,Time Investments ARC TIME Social Property Feeder Trust Class I Accumulation,,https://www.direct.aviva.co.uk/wealth/FundChoice/SelfSelectFundsList/FundDetails/BJK12P4/SelfSelectFund
4370,Time Investments ARC TIME Social Property Feeder Trust Class J Income,,https://www.direct.aviva.co.uk/wealth/FundChoice/SelfSelectFundsList/FundDetails/BJK12Q5/SelfSelectFund
4371,Time Investments ARC TIME UK Infrastructure Income Fund II Class C Accumulation,,https://www.direct.aviva.co.uk/wealth/FundChoice/SelfSelectFundsList/FundDetails/BP5GQC1/SelfSelectFund
4372,Time Investments ARC TIME UK Infrastructure Income Fund II Class C Income,,https://www.direct.aviva.co.uk/wealth/FundChoice/SelfSelectFundsList/FundDetails/BP50HT7/SelfSelectFund
4373,TrinityBridge Balanced Portfolio Class X Acc Accumulation,,https://www.direct.aviva.co.uk/wealth/FundChoice/SelfSelectFundsList/FundDetails/B7KDKJ6/SelfSelectFund
4374,TrinityBridge Balanced Tactical Passive Class X Acc Accumulation,,https://www.direct.aviva.co.uk/wealth/FundChoice/SelfSelectFundsList/FundDetails/B8HS8W0/SelfSelectFund
4375,TrinityBridge Conservative Portfolio Class X Acc Accumulation,,https://www.direct.aviva.co.uk/wealth/FundChoice/SelfSelectFundsList/FundDetails/B8B9ZS4/SelfSelectFund
4376,TrinityBridge Conservative Portfolio Class X Inc Income,,https://www.direct.aviva.co.uk/wealth/FundChoice/SelfSelectFundsList/FundDetails/B82P008/SelfSelectFund
4377,TrinityBridge Conservative Tactical Passive Class X Acc Accumulation,,https://www.direct.aviva.co.uk/wealth/FundChoice/SelfSelectFundsList/FundDetails/B88TGW8/SelfSelectFund
4378,TrinityBridge Conservative Tactical Passive Class X Inc Income,,https://www.direct.aviva.co.uk/wealth/FundChoice/SelfSelectFundsList/FundDetails/B7FHXB6/SelfSelectFund
4379,TrinityBridge Diversified Income Portfolio Class X Acc Accumulation,,https://www.direct.aviva.co.uk/wealth/FundChoice/SelfSelectFundsList/FundDetails/B708TJ4/SelfSelectFund
4380,TrinityBridge Diversified Income Portfolio Class X Inc Income,,https://www.direct.aviva.co.uk/wealth/FundChoice/SelfSelectFundsList/FundDetails/B5N0YZ4/SelfSelectFund
4381,TrinityBridge Growth Portfolio Class X Acc Accumulation,,https://www.direct.aviva.co.uk/wealth/FundChoice/SelfSelectFundsList/FundDetails/B7F1W22/SelfSelectFund
4382,TrinityBridge Growth Tactical Passive Class X Acc Accumulation,,https://www.direct.aviva.co.uk/wealth/FundChoice/SelfSelectFundsList/FundDetails/B7SG1Y9/SelfSelectFund
4383,TrinityBridge Managed Balanced Class X Acc Accumulation,,https://www.direct.aviva.co.uk/wealth/FundChoice/SelfSelectFundsList/FundDetails/B8H6TT8/SelfSelectFund
4384,TrinityBridge Managed Conservative Class X Acc Accumulation,,https://www.direct.aviva.co.uk/wealth/FundChoice/SelfSelectFundsList/FundDetails/B45DZX9/SelfSelectFund
4385,TrinityBridge Managed Conservative Class X Inc Income,,https://www.direct.aviva.co.uk/wealth/FundChoice/SelfSelectFundsList/FundDetails/B7XQSH6/SelfSelectFund
4386,TrinityBridge Managed Growth Class X Acc Accumulation,,https://www.direct.aviva.co.uk/wealth/FundChoice/SelfSelectFundsList/FundDetails/B815Z37/SelfSelectFund
4387,TrinityBridge Managed Income Class X Acc Accumulation,,https://www.direct.aviva.co.uk/wealth/FundChoice/SelfSelectFundsList/FundDetails/B80PQP7/SelfSelectFund
4388,TrinityBridge Managed Income Class X Inc Income,,https://www.direct.aviva.co.uk/wealth/FundChoice/SelfSelectFundsList/FundDetails/B8HFR79/SelfSelectFund
4389,TrinityBridge Select Fixed Income Class X Accumulation,,https://www.direct.aviva.co.uk/wealth/FundChoice/SelfSelectFundsList/FundDetails/BD6DSC1/SelfSelectFund
4390,TrinityBridge Select Fixed Income Class X Income,,https://www.direct.aviva.co.uk/wealth/FundChoice/SelfSelectFundsList/FundDetails/BD6R7Y8/SelfSelectFund
4391,TrinityBridge Select Global Equity Class X Acc Accumulation,,https://www.direct.aviva.co.uk/wealth/FundChoice/SelfSelectFundsList/FundDetails/B7MTYH8/SelfSelectFund
4392,TrinityBridge Sustainable Balanced Class X Acc Accumulation,,https://www.direct.aviva.co.uk/wealth/FundChoice/SelfSelectFundsList/FundDetails/BLPK3Z7/SelfSelectFund
4393,Triodos IM Triodos Global Equities Impact Fund Class KI Accumulation,,https://www.direct.aviva.co.uk/wealth/FundChoice/SelfSelectFundsList/FundDetails/BMW40W5/SelfSelectFund
4394,Triodos IM Triodos Global Equities Impact Fund Class KR Accumulation,,https://www.direct.aviva.co.uk/wealth/FundChoice/SelfSelectFundsList/FundDetails/BYYJD56/SelfSelectFund
4395,Triodos IM Triodos Global Equities Impact Fund Class KR Income,,https://www.direct.aviva.co.uk/wealth/FundChoice/SelfSelectFundsList/FundDetails/BYYJD67/SelfSelectFund
4396,Triodos IM Triodos Pioneer Impact Fund Class KI Accumulation,,https://www.direct.aviva.co.uk/wealth/FundChoice/SelfSelectFundsList/FundDetails/BR1YX66/SelfSelectFund
4397,Triodos IM Triodos Pioneer Impact Fund Class KI Income,,https://www.direct.aviva.co.uk/wealth/FundChoice/SelfSelectFundsList/FundDetails/BR1YX77/SelfSelectFund
4398,Triodos IM Triodos Pioneer Impact Fund Class KR Accumulation,,https://www.direct.aviva.co.uk/wealth/FundChoice/SelfSelectFundsList/FundDetails/BYYJD78/SelfSelectFund
4399,Triodos IM Triodos Pioneer Impact Fund Class KR Income,,https://www.direct.aviva.co.uk/wealth/FundChoice/SelfSelectFundsList/FundDetails/BYYJD89/SelfSelectFund
4400,Triodos IM Triodos Sterling Bond Impact Fund Class KI Accumulation,,https://www.direct.aviva.co.uk/wealth/FundChoice/SelfSelectFundsList/FundDetails/1391871/SelfSelectFund
4401,Trium UCITS Trium Climate Impact Fund Class F Accumulation,,https://www.direct.aviva.co.uk/wealth/FundChoice/SelfSelectFundsList/FundDetails/BN487Q5/SelfSelectFund
4402,Trium UCITS Trium ESG Emissions Improvers Fund Class I Accumulation,,https://www.direct.aviva.co.uk/wealth/FundChoice/SelfSelectFundsList/FundDetails/BKDV441/SelfSelectFund
4403,Troy (IE) Trojan Global Equity Fund Class O Accumulation,,https://www.direct.aviva.co.uk/wealth/FundChoice/SelfSelectFundsList/FundDetails/BMCHX92/SelfSelectFund
4404,Troy (IE) Trojan Global Equity Fund Class O Income,,https://www.direct.aviva.co.uk/wealth/FundChoice/SelfSelectFundsList/FundDetails/BMCHXB4/SelfSelectFund
4405,Troy (UK) Trojan Class O Accumulation,,https://www.direct.aviva.co.uk/wealth/FundChoice/SelfSelectFundsList/FundDetails/B01BP95/SelfSelectFund
4406,Troy (UK) Trojan Class O Income,,https://www.direct.aviva.co.uk/wealth/FundChoice/SelfSelectFundsList/FundDetails/3424373/SelfSelectFund
4407,Troy (UK) Trojan Class X Accumulation,,https://www.direct.aviva.co.uk/wealth/FundChoice/SelfSelectFundsList/FundDetails/BZ6CNS3/SelfSelectFund
4408,Troy (UK) Trojan Class X Income,,https://www.direct.aviva.co.uk/wealth/FundChoice/SelfSelectFundsList/FundDetails/BZ6CQ06/SelfSelectFund
4409,Troy (UK) Trojan Ethical Class O Accumulation,,https://www.direct.aviva.co.uk/wealth/FundChoice/SelfSelectFundsList/FundDetails/BJP0XX1/SelfSelectFund
4410,Troy (UK) Trojan Ethical Class O Income,,https://www.direct.aviva.co.uk/wealth/FundChoice/SelfSelectFundsList/FundDetails/BJP0XY2/SelfSelectFund
4411,Troy (UK) Trojan Ethical Class X Accumulation,,https://www.direct.aviva.co.uk/wealth/FundChoice/SelfSelectFundsList/FundDetails/BKTW4R1/SelfSelectFund
4412,Troy (UK) Trojan Ethical Class X Income,,https://www.direct.aviva.co.uk/wealth/FundChoice/SelfSelectFundsList/FundDetails/BKTW4S2/SelfSelectFund
4413,Troy (UK) Trojan Ethical Global Income Class O Accumulation,,https://www.direct.aviva.co.uk/wealth/FundChoice/SelfSelectFundsList/FundDetails/BNR5HJ6/SelfSelectFund
4414,Troy (UK) Trojan Ethical Income Class O Accumulation,,https://www.direct.aviva.co.uk/wealth/FundChoice/SelfSelectFundsList/FundDetails/BYMLFK3/SelfSelectFund
4415,Troy (UK) Trojan Ethical Income Class O Income,,https://www.direct.aviva.co.uk/wealth/FundChoice/SelfSelectFundsList/FundDetails/BYMLFL4/SelfSelectFund
4416,Troy (UK) Trojan Ethical Income Class X Accumulation,,https://www.direct.aviva.co.uk/wealth/FundChoice/SelfSelectFundsList/FundDetails/BKTW4T3/SelfSelectFund
4417,Troy (UK) Trojan Ethical Income Class X Income,,https://www.direct.aviva.co.uk/wealth/FundChoice/SelfSelectFundsList/FundDetails/BKTW4V5/SelfSelectFund
4418,Troy (UK) Trojan Global Income Class O Accumulation,,https://www.direct.aviva.co.uk/wealth/FundChoice/SelfSelectFundsList/FundDetails/BD82KP3/SelfSelectFund
4419,Troy (UK) Trojan Global Income Class O Income,,https://www.direct.aviva.co.uk/wealth/FundChoice/SelfSelectFundsList/FundDetails/BD82KQ4/SelfSelectFund
4420,Troy (UK) Trojan Income Class O Accumulation,,https://www.direct.aviva.co.uk/wealth/FundChoice/SelfSelectFundsList/FundDetails/B01BP17/SelfSelectFund
4421,Troy (UK) Trojan Income Class O Income,,https://www.direct.aviva.co.uk/wealth/FundChoice/SelfSelectFundsList/FundDetails/B01BNW4/SelfSelectFund
4422,Troy (UK) Trojan Income Class X Accumulation,,https://www.direct.aviva.co.uk/wealth/FundChoice/SelfSelectFundsList/FundDetails/BZ6CQ39/SelfSelectFund
4423,Troy (UK) Trojan Income Class X Income,,https://www.direct.aviva.co.uk/wealth/FundChoice/SelfSelectFundsList/FundDetails/BZ6CQ17/SelfSelectFund
4424,TwentyFour Global Investment Funds Corporate Bond GBP Accumulation,,https://www.direct.aviva.co.uk/wealth/FundChoice/SelfSelectFundsList/FundDetails/BSMTGJ1/SelfSelectFund
4425,TwentyFour Global Investment Funds Corporate Bond GBP Income,,https://www.direct.aviva.co.uk/wealth/FundChoice/SelfSelectFundsList/FundDetails/BSMTGH9/SelfSelectFund
4426,TwentyFour Vontobel Vontobel Fund - TwentyFour Absolute Return Credit Class AQN Income,,https://www.direct.aviva.co.uk/wealth/FundChoice/SelfSelectFundsList/FundDetails/BYY3BD2/SelfSelectFund
4427,TwentyFour Vontobel Vontobel Fund - TwentyFour Absolute Return Credit Class N Accumulation,,https://www.direct.aviva.co.uk/wealth/FundChoice/SelfSelectFundsList/FundDetails/BYXWTB4/SelfSelectFund
4428,TwentyFour Vontobel Vontobel Fund - TwentyFour Strategic Income Class AQN Income,,https://www.direct.aviva.co.uk/wealth/FundChoice/SelfSelectFundsList/FundDetails/BYXDH79/SelfSelectFund
4429,TwentyFour Vontobel Vontobel Fund - TwentyFour Strategic Income Class N Accumulation,,https://www.direct.aviva.co.uk/wealth/FundChoice/SelfSelectFundsList/FundDetails/BYXDH68/SelfSelectFund
4430,TwentyFour Vontobel Vontobel Fund - TwentyFour Sustainable Short Term Bond Income Class N Accumulation,,https://www.direct.aviva.co.uk/wealth/FundChoice/SelfSelectFundsList/FundDetails/BL4KLN2/SelfSelectFund
4431,UBP UBAM - Biodiversity Restoration Class KC Accumulation,,https://www.direct.aviva.co.uk/wealth/FundChoice/SelfSelectFundsList/FundDetails/BKP5623/SelfSelectFund
4432,UBP UBAM - Global High Yield Solution UHC Accumulation,,https://www.direct.aviva.co.uk/wealth/FundChoice/SelfSelectFundsList/FundDetails/BYMLFB4/SelfSelectFund
4433,UBP UBAM - Global High Yield Solution UHD Income,,https://www.direct.aviva.co.uk/wealth/FundChoice/SelfSelectFundsList/FundDetails/BVVHNP2/SelfSelectFund
4434,UBP UBAM - Positive Impact Emerging Equity Class KC Accumulation,,https://www.direct.aviva.co.uk/wealth/FundChoice/SelfSelectFundsList/FundDetails/BMXNND3/SelfSelectFund
4435,UBP UBAM - Positive Impact Emerging Equity Class KD Income,,https://www.direct.aviva.co.uk/wealth/FundChoice/SelfSelectFundsList/FundDetails/BMXNNG6/SelfSelectFund
4436,UBP UBAM - Positive Impact Global Equity KC Accumulation,,https://www.direct.aviva.co.uk/wealth/FundChoice/SelfSelectFundsList/FundDetails/BS55RQ0/SelfSelectFund
4437,UBS (Lux) Bond Fund - Full Cycle Asian Bond Class Q (GBP hedged) Income,,https://www.direct.aviva.co.uk/wealth/FundChoice/SelfSelectFundsList/FundDetails/BNGFN99/SelfSelectFund
4438,UBS (Lux) Bond SICAV - China Fixed Income (RMB) Class (GBP hedged) Q Accumulation,,https://www.direct.aviva.co.uk/wealth/FundChoice/SelfSelectFundsList/FundDetails/BMBWHJ6/SelfSelectFund
4439,UBS (Lux) Sustainable Development Bank Bonds 5-10 GBP Q-Acc - Accumulation,,https://www.direct.aviva.co.uk/wealth/FundChoice/SelfSelectFundsList/FundDetails/BR111X0/SelfSelectFund
4440,UBS Asset Management UBS FTSE RAFI Developed 1000 Index Fund Class C Accumulation,,https://www.direct.aviva.co.uk/wealth/FundChoice/SelfSelectFundsList/FundDetails/BX9C1L5/SelfSelectFund
4441,UBS Asset Management UBS Global Allocation Fund (UK) Class C Accumulation,,https://www.direct.aviva.co.uk/wealth/FundChoice/SelfSelectFundsList/FundDetails/B4MGDQ0/SelfSelectFund
4442,UBS Asset Management UBS Global Emerging Markets Equity Fund Class C Accumulation,,https://www.direct.aviva.co.uk/wealth/FundChoice/SelfSelectFundsList/FundDetails/B7L3415/SelfSelectFund
4443,UBS Asset Management UBS Global Enhanced Equity Income Class C Accumulation,,https://www.direct.aviva.co.uk/wealth/FundChoice/SelfSelectFundsList/FundDetails/BL0RSN6/SelfSelectFund
4444,UBS Asset Management UBS Global Enhanced Equity Income Class C Income,,https://www.direct.aviva.co.uk/wealth/FundChoice/SelfSelectFundsList/FundDetails/BL0RSP8/SelfSelectFund
4445,UBS Asset Management UBS MSCI World Minimum Volatility Index Fund Class C Accumulation,,https://www.direct.aviva.co.uk/wealth/FundChoice/SelfSelectFundsList/FundDetails/BX9C1N7/SelfSelectFund
4446,UBS Asset Management UBS MSCI World Minimum Volatility Index Fund Class C Income,,https://www.direct.aviva.co.uk/wealth/FundChoice/SelfSelectFundsList/FundDetails/BX9C1Q0/SelfSelectFund
4447,UBS Asset Management UBS S&P 500 Index Fund Class C Accumulation,,https://www.direct.aviva.co.uk/wealth/FundChoice/SelfSelectFundsList/FundDetails/BMN91T3/SelfSelectFund
4448,UBS Asset Management UBS S&P 500 Index Fund Class C Income,,https://www.direct.aviva.co.uk/wealth/FundChoice/SelfSelectFundsList/FundDetails/BMN91V5/SelfSelectFund
4449,UBS Asset Management UBS Sterling Corporate Bond Indexed Fund Class C (Gross) Accumulation,,https://www.direct.aviva.co.uk/wealth/FundChoice/SelfSelectFundsList/FundDetails/B95J178/SelfSelectFund
4450,UBS Asset Management UBS Sterling Corporate Bond Indexed Fund Class C (Gross) Income,,https://www.direct.aviva.co.uk/wealth/FundChoice/SelfSelectFundsList/FundDetails/B9LD6X5/SelfSelectFund
4451,UBS Asset Management UBS UK Equity Income Fund Class C Accumulation,,https://www.direct.aviva.co.uk/wealth/FundChoice/SelfSelectFundsList/FundDetails/B4W5895/SelfSelectFund
4452,UBS Asset Management UBS UK Equity Income Fund Class C Income,,https://www.direct.aviva.co.uk/wealth/FundChoice/SelfSelectFundsList/FundDetails/B803446/SelfSelectFund
4453,UBS Asset Management UBS US Equity Fund Class C Accumulation,,https://www.direct.aviva.co.uk/wealth/FundChoice/SelfSelectFundsList/FundDetails/B7V68L2/SelfSelectFund
4454,UBS Asset Management UBS US Growth Fund Class C Accumulation,,https://www.direct.aviva.co.uk/wealth/FundChoice/SelfSelectFundsList/FundDetails/B7VHZX6/SelfSelectFund
4455,UTI International (Singapore) UTI India Dynamic Equity Fund Class RDR Accumulation,,https://www.direct.aviva.co.uk/wealth/FundChoice/SelfSelectFundsList/FundDetails/BDH6RR7/SelfSelectFund
4456,Unicorn Mastertrust Class B Income,,https://www.direct.aviva.co.uk/wealth/FundChoice/SelfSelectFundsList/FundDetails/3121801/SelfSelectFund
4457,Unicorn Outstanding British Companies Class B Accumulation,,https://www.direct.aviva.co.uk/wealth/FundChoice/SelfSelectFundsList/FundDetails/B1GGDH6/SelfSelectFund
4458,Unicorn UK Ethical Income Class B Accumulation,,https://www.direct.aviva.co.uk/wealth/FundChoice/SelfSelectFundsList/FundDetails/BYQCS25/SelfSelectFund
4459,Unicorn UK Ethical Income Class B Income,,https://www.direct.aviva.co.uk/wealth/FundChoice/SelfSelectFundsList/FundDetails/BYP2Y51/SelfSelectFund
4460,Unicorn UK Growth Class B Income,,https://www.direct.aviva.co.uk/wealth/FundChoice/SelfSelectFundsList/FundDetails/3121793/SelfSelectFund
4461,Unicorn UK Income Class B Accumulation,,https://www.direct.aviva.co.uk/wealth/FundChoice/SelfSelectFundsList/FundDetails/B9XQFY6/SelfSelectFund
4462,Unicorn UK Income Class B Income,,https://www.direct.aviva.co.uk/wealth/FundChoice/SelfSelectFundsList/FundDetails/B00Z1R8/SelfSelectFund
4463,Unicorn UK Smaller Companies Class B Income,,https://www.direct.aviva.co.uk/wealth/FundChoice/SelfSelectFundsList/FundDetails/3178506/SelfSelectFund
4464,Valu-Trac VT AI-Funds Tactical High Yield Bond Class S Accumulation,,https://www.direct.aviva.co.uk/wealth/FundChoice/SelfSelectFundsList/FundDetails/BKRSF56/SelfSelectFund
4465,Valu-Trac VT Active Portfolio Overlay Class C Accumulation,,https://www.direct.aviva.co.uk/wealth/FundChoice/SelfSelectFundsList/FundDetails/BYV0VQ9/SelfSelectFund
4466,Valu-Trac VT Aggressive Portfolio Overlay Class C Accumulation,,https://www.direct.aviva.co.uk/wealth/FundChoice/SelfSelectFundsList/FundDetails/BYV0VR0/SelfSelectFund
4467,Valu-Trac VT Aspen Four Seasons I Class Accumulation,,https://www.direct.aviva.co.uk/wealth/FundChoice/SelfSelectFundsList/FundDetails/BN91TN0/SelfSelectFund
4468,Valu-Trac VT Asset Intelligence Defensive Class R Accumulation,,https://www.direct.aviva.co.uk/wealth/FundChoice/SelfSelectFundsList/FundDetails/BM9GMD9/SelfSelectFund
4469,Valu-Trac VT Asset Intelligence Growth Class R Accumulation,,https://www.direct.aviva.co.uk/wealth/FundChoice/SelfSelectFundsList/FundDetails/BM9GMG2/SelfSelectFund
4470,Valu-Trac VT Astute Balanced - Accumulation,,https://www.direct.aviva.co.uk/wealth/FundChoice/SelfSelectFundsList/FundDetails/BKWGB57/SelfSelectFund
4471,Valu-Trac VT Astute Conservative - Accumulation,,https://www.direct.aviva.co.uk/wealth/FundChoice/SelfSelectFundsList/FundDetails/BKWGB46/SelfSelectFund
4472,Valu-Trac VT Astute Growth - Accumulation,,https://www.direct.aviva.co.uk/wealth/FundChoice/SelfSelectFundsList/FundDetails/BKWGB68/SelfSelectFund
4473,Valu-Trac VT Balanced Portfolio Overlay Class C Accumulation,,https://www.direct.aviva.co.uk/wealth/FundChoice/SelfSelectFundsList/FundDetails/BYV0VP8/SelfSelectFund
4474,Valu-Trac VT Blackwood Keystone Class B Income,,https://www.direct.aviva.co.uk/wealth/FundChoice/SelfSelectFundsList/FundDetails/BMDGRC9/SelfSelectFund
4475,Valu-Trac VT Blackwood Prime Class B Income,,https://www.direct.aviva.co.uk/wealth/FundChoice/SelfSelectFundsList/FundDetails/BMDGR96/SelfSelectFund
4476,Valu-Trac VT Brompton Cautious Class A Accumulation,,https://www.direct.aviva.co.uk/wealth/FundChoice/SelfSelectFundsList/FundDetails/BYZCNR6/SelfSelectFund
4477,Valu-Trac VT Cantab Balanced Class A Accumulation,,https://www.direct.aviva.co.uk/wealth/FundChoice/SelfSelectFundsList/FundDetails/BG21143/SelfSelectFund
4478,Valu-Trac VT Cantab Balanced Class A Income,,https://www.direct.aviva.co.uk/wealth/FundChoice/SelfSelectFundsList/FundDetails/BG21132/SelfSelectFund
4479,Valu-Trac VT Cantab Moderate Class A Accumulation,,https://www.direct.aviva.co.uk/wealth/FundChoice/SelfSelectFundsList/FundDetails/BG210G8/SelfSelectFund
4480,Valu-Trac VT Cantab Moderate Class A Income,,https://www.direct.aviva.co.uk/wealth/FundChoice/SelfSelectFundsList/FundDetails/BG210F7/SelfSelectFund
4481,Valu-Trac VT Cantab Sustainable Global Equity Class A Accumulation,,https://www.direct.aviva.co.uk/wealth/FundChoice/SelfSelectFundsList/FundDetails/BK5XL00/SelfSelectFund
4482,Valu-Trac VT Cantab Sustainable Global Equity Class A Income,,https://www.direct.aviva.co.uk/wealth/FundChoice/SelfSelectFundsList/FundDetails/BK5XKZ8/SelfSelectFund
4483,Valu-Trac VT Castlebay UK Equity Class A Accumulation,,https://www.direct.aviva.co.uk/wealth/FundChoice/SelfSelectFundsList/FundDetails/BV0LF60/SelfSelectFund
4484,Valu-Trac VT Castlebay UK Equity Class A Income,,https://www.direct.aviva.co.uk/wealth/FundChoice/SelfSelectFundsList/FundDetails/BV0LF59/SelfSelectFund
4485,Valu-Trac VT Cautious Portfolio Overlay Class C Accumulation,,https://www.direct.aviva.co.uk/wealth/FundChoice/SelfSelectFundsList/FundDetails/BYV0VN6/SelfSelectFund
4486,Valu-Trac VT Chelsea Managed Balanced Growth Class A Accumulation,,https://www.direct.aviva.co.uk/wealth/FundChoice/SelfSelectFundsList/FundDetails/BF0NMX0/SelfSelectFund
4487,Valu-Trac VT Chelsea Managed Monthly Income Class A Accumulation,,https://www.direct.aviva.co.uk/wealth/FundChoice/SelfSelectFundsList/FundDetails/BF0NMS5/SelfSelectFund
4488,Valu-Trac VT Chelsea Managed Monthly Income Class A Income,,https://www.direct.aviva.co.uk/wealth/FundChoice/SelfSelectFundsList/FundDetails/BF0NMT6/SelfSelectFund
4489,Valu-Trac VT De Lisle America Class B Accumulation,,https://www.direct.aviva.co.uk/wealth/FundChoice/SelfSelectFundsList/FundDetails/B3QF3G6/SelfSelectFund
4490,Valu-Trac VT De Lisle America Class B Hedged Accumulation,,https://www.direct.aviva.co.uk/wealth/FundChoice/SelfSelectFundsList/FundDetails/BPLHRZ8/SelfSelectFund
4491,Valu-Trac VT Defensive Portfolio Overlay Class C Accumulation,,https://www.direct.aviva.co.uk/wealth/FundChoice/SelfSelectFundsList/FundDetails/BYV0VM5/SelfSelectFund
4492,Valu-Trac VT Discovery Balanced Class B Sterling Accumulation,,https://www.direct.aviva.co.uk/wealth/FundChoice/SelfSelectFundsList/FundDetails/B92M6Y2/SelfSelectFund
4493,Valu-Trac VT Discovery Balanced Class C Sterling Accumulation,,https://www.direct.aviva.co.uk/wealth/FundChoice/SelfSelectFundsList/FundDetails/BYN6659/SelfSelectFund
4494,Valu-Trac VT Discovery Balanced Class C Sterling Income,,https://www.direct.aviva.co.uk/wealth/FundChoice/SelfSelectFundsList/FundDetails/BYN6660/SelfSelectFund
4495,Valu-Trac VT Discovery Cautious Managed Class C Accumulation,,https://www.direct.aviva.co.uk/wealth/FundChoice/SelfSelectFundsList/FundDetails/BYYB534/SelfSelectFund
4496,Valu-Trac VT Discovery Cautious Managed Class C Income,,https://www.direct.aviva.co.uk/wealth/FundChoice/SelfSelectFundsList/FundDetails/BYYB545/SelfSelectFund
4497,Valu-Trac VT Discovery Managed Growth Class B Sterling Accumulation,,https://www.direct.aviva.co.uk/wealth/FundChoice/SelfSelectFundsList/FundDetails/B92MKL7/SelfSelectFund
4498,Valu-Trac VT Discovery Managed Growth Class C Sterling Accumulation,,https://www.direct.aviva.co.uk/wealth/FundChoice/SelfSelectFundsList/FundDetails/BYN6671/SelfSelectFund
4499,Valu-Trac VT EPIC Multi Asset Growth Class I Accumulation,,https://www.direct.aviva.co.uk/wealth/FundChoice/SelfSelectFundsList/FundDetails/BDZTGT3/SelfSelectFund
4500,Valu-Trac VT EPIC Multi Asset Growth Class I Income,,https://www.direct.aviva.co.uk/wealth/FundChoice/SelfSelectFundsList/FundDetails/BDZTGV5/SelfSelectFund
4501,Valu-Trac VT EPIC Multi Asset Growth Class IA Accumulation,,https://www.direct.aviva.co.uk/wealth/FundChoice/SelfSelectFundsList/FundDetails/BGP6NN8/SelfSelectFund
4502,Valu-Trac VT EPIC Multi Asset Growth Class R Accumulation,,https://www.direct.aviva.co.uk/wealth/FundChoice/SelfSelectFundsList/FundDetails/BDZTGW6/SelfSelectFund
4503,Valu-Trac VT EPIC Multi Asset Growth Class R Income,,https://www.direct.aviva.co.uk/wealth/FundChoice/SelfSelectFundsList/FundDetails/BDZTGX7/SelfSelectFund
4504,Valu-Trac VT Esprit Careful Growth - Accumulation,,https://www.direct.aviva.co.uk/wealth/FundChoice/SelfSelectFundsList/FundDetails/BF0Q2S4/SelfSelectFund
4505,Valu-Trac VT Esprit Tactical Alpha Plus - Accumulation,,https://www.direct.aviva.co.uk/wealth/FundChoice/SelfSelectFundsList/FundDetails/BF0Q2W8/SelfSelectFund
4506,Valu-Trac VT Esprit Tactical Balanced - Accumulation,,https://www.direct.aviva.co.uk/wealth/FundChoice/SelfSelectFundsList/FundDetails/BF0Q2T5/SelfSelectFund
4507,Valu-Trac VT Esprit Tactical Balanced - Income,,https://www.direct.aviva.co.uk/wealth/FundChoice/SelfSelectFundsList/FundDetails/BN94M18/SelfSelectFund
4508,Valu-Trac VT Esprit Tactical Growth - Accumulation,,https://www.direct.aviva.co.uk/wealth/FundChoice/SelfSelectFundsList/FundDetails/BF0Q2V7/SelfSelectFund
4509,Valu-Trac VT Garraway Absolute Equity (CLOSED) Class I Accumulation,,https://www.direct.aviva.co.uk/wealth/FundChoice/SelfSelectFundsList/FundDetails/B2PX1C6/SelfSelectFund
4510,Valu-Trac VT Greystone Balanced Managed Fund Class R Accumulation,,https://www.direct.aviva.co.uk/wealth/FundChoice/SelfSelectFundsList/FundDetails/B82VQ20/SelfSelectFund
4511,Valu-Trac VT Greystone Balanced Managed Fund Class R Income,,https://www.direct.aviva.co.uk/wealth/FundChoice/SelfSelectFundsList/FundDetails/B8HLJX7/SelfSelectFund
4512,Valu-Trac VT Greystone Cautious Managed Fund Class R Accumulation,,https://www.direct.aviva.co.uk/wealth/FundChoice/SelfSelectFundsList/FundDetails/B84ZNJ6/SelfSelectFund
4513,Valu-Trac VT Greystone Cautious Managed Fund Class R Income,,https://www.direct.aviva.co.uk/wealth/FundChoice/SelfSelectFundsList/FundDetails/B8JTXR1/SelfSelectFund
4514,Valu-Trac VT Greystone Conservative Managed Fund Class R Accumulation,,https://www.direct.aviva.co.uk/wealth/FundChoice/SelfSelectFundsList/FundDetails/B8FBGX8/SelfSelectFund
4515,Valu-Trac VT Greystone Global Growth Fund Class R Accumulation,,https://www.direct.aviva.co.uk/wealth/FundChoice/SelfSelectFundsList/FundDetails/B79FLP6/SelfSelectFund
4516,Valu-Trac VT Halo Global Asian Consumer Class B Accumulation,,https://www.direct.aviva.co.uk/wealth/FundChoice/SelfSelectFundsList/FundDetails/BRWQWX1/SelfSelectFund
4517,Valu-Trac VT Halo Global Asian Consumer Class B Income,,https://www.direct.aviva.co.uk/wealth/FundChoice/SelfSelectFundsList/FundDetails/BRGCDS7/SelfSelectFund
4518,Valu-Trac VT Holland Advisors Equity Class R Accumulation,,https://www.direct.aviva.co.uk/wealth/FundChoice/SelfSelectFundsList/FundDetails/BMW26L0/SelfSelectFund
4519,Valu-Trac VT Johnston Cautious Class A Accumulation,,https://www.direct.aviva.co.uk/wealth/FundChoice/SelfSelectFundsList/FundDetails/BM95270/SelfSelectFund
4520,Valu-Trac VT Johnston Cautious Class A Income,,https://www.direct.aviva.co.uk/wealth/FundChoice/SelfSelectFundsList/FundDetails/BM95281/SelfSelectFund
4521,Valu-Trac VT Johnston Growth Class A Accumulation,,https://www.direct.aviva.co.uk/wealth/FundChoice/SelfSelectFundsList/FundDetails/BM95292/SelfSelectFund
4522,Valu-Trac VT Johnston Growth Class A Income,,https://www.direct.aviva.co.uk/wealth/FundChoice/SelfSelectFundsList/FundDetails/BM952B4/SelfSelectFund
4523,Valu-Trac VT Momentum Diversified Balanced Class A Accumulation,,https://www.direct.aviva.co.uk/wealth/FundChoice/SelfSelectFundsList/FundDetails/B7W1TW4/SelfSelectFund
4524,Valu-Trac VT Momentum Diversified Growth Class B Accumulation,,https://www.direct.aviva.co.uk/wealth/FundChoice/SelfSelectFundsList/FundDetails/B7FPW57/SelfSelectFund
4525,Valu-Trac VT Momentum Diversified Income Class B Accumulation,,https://www.direct.aviva.co.uk/wealth/FundChoice/SelfSelectFundsList/FundDetails/BKV4HY3/SelfSelectFund
4526,Valu-Trac VT Momentum Diversified Income Class B Income,,https://www.direct.aviva.co.uk/wealth/FundChoice/SelfSelectFundsList/FundDetails/B7JTF56/SelfSelectFund
4527,Valu-Trac VT Munro Smart-Beta UK Class X Accumulation,,https://www.direct.aviva.co.uk/wealth/FundChoice/SelfSelectFundsList/FundDetails/B1Z8LM4/SelfSelectFund
4528,Valu-Trac VT Munro Smart-Beta UK Class X Income,,https://www.direct.aviva.co.uk/wealth/FundChoice/SelfSelectFundsList/FundDetails/B1Z8L91/SelfSelectFund
4529,Valu-Trac VT North Capital Active Equity Class A Accumulation,,https://www.direct.aviva.co.uk/wealth/FundChoice/SelfSelectFundsList/FundDetails/BLD44Q9/SelfSelectFund
4530,Valu-Trac VT PEF Global Multi-Asset Fund Class A Accumulation,,https://www.direct.aviva.co.uk/wealth/FundChoice/SelfSelectFundsList/FundDetails/BDZZSM8/SelfSelectFund
4531,Valu-Trac VT PortfolioMetrix Blended Cautious GBP Accumulation Accumulation,,https://www.direct.aviva.co.uk/wealth/FundChoice/SelfSelectFundsList/FundDetails/BP8Z4C1/SelfSelectFund
4532,Valu-Trac VT PortfolioMetrix Core Assertive GBP Accumulation Accumulation,,https://www.direct.aviva.co.uk/wealth/FundChoice/SelfSelectFundsList/FundDetails/BM9GNG9/SelfSelectFund
4533,Valu-Trac VT PortfolioMetrix Core Balanced GBP Accumulation Accumulation,,https://www.direct.aviva.co.uk/wealth/FundChoice/SelfSelectFundsList/FundDetails/BM9GNH0/SelfSelectFund
4534,Valu-Trac VT PortfolioMetrix Core Cautious GBP Accumulation Accumulation,,https://www.direct.aviva.co.uk/wealth/FundChoice/SelfSelectFundsList/FundDetails/BM9GNJ2/SelfSelectFund
4535,Valu-Trac VT Price Value Portfolio Class A Accumulation,,https://www.direct.aviva.co.uk/wealth/FundChoice/SelfSelectFundsList/FundDetails/BWZMTX0/SelfSelectFund
4536,Valu-Trac VT Protean Capital Elder Fund Class A Income,,https://www.direct.aviva.co.uk/wealth/FundChoice/SelfSelectFundsList/FundDetails/BYX11T3/SelfSelectFund
4537,Valu-Trac VT RM Alternative Income Class F Accumulation,,https://www.direct.aviva.co.uk/wealth/FundChoice/SelfSelectFundsList/FundDetails/BGV7K90/SelfSelectFund
4538,Valu-Trac VT RM Alternative Income Class F Income,,https://www.direct.aviva.co.uk/wealth/FundChoice/SelfSelectFundsList/FundDetails/BGV7KB2/SelfSelectFund
4539,Valu-Trac VT RM Alternative Income Institutional Accumulation,,https://www.direct.aviva.co.uk/wealth/FundChoice/SelfSelectFundsList/FundDetails/BD6SVV6/SelfSelectFund
4540,Valu-Trac VT RM Alternative Income Institutional Income,,https://www.direct.aviva.co.uk/wealth/FundChoice/SelfSelectFundsList/FundDetails/BD6SVR2/SelfSelectFund
4541,Valu-Trac VT SG UK Defined Return Assets Class A Accumulation,,https://www.direct.aviva.co.uk/wealth/FundChoice/SelfSelectFundsList/FundDetails/BDZRYK4/SelfSelectFund
4542,Valu-Trac VT Sinfonia Adventurous Growth Portfolio Class A Accumulation,,https://www.direct.aviva.co.uk/wealth/FundChoice/SelfSelectFundsList/FundDetails/B2R2YS8/SelfSelectFund
4543,Valu-Trac VT Sinfonia Balanced Managed Portfolio Class A Accumulation,,https://www.direct.aviva.co.uk/wealth/FundChoice/SelfSelectFundsList/FundDetails/B2R2YJ9/SelfSelectFund
4544,Valu-Trac VT Sinfonia Cautious Managed Portfolio Class A Accumulation,,https://www.direct.aviva.co.uk/wealth/FundChoice/SelfSelectFundsList/FundDetails/B2R2Y00/SelfSelectFund
4545,Valu-Trac VT Sinfonia Income and Growth Portfolio Class A Accumulation,,https://www.direct.aviva.co.uk/wealth/FundChoice/SelfSelectFundsList/FundDetails/B2R2XR0/SelfSelectFund
4546,Valu-Trac VT Sinfonia Income and Growth Portfolio Class A Income,,https://www.direct.aviva.co.uk/wealth/FundChoice/SelfSelectFundsList/FundDetails/B2R2XS1/SelfSelectFund
4547,Valu-Trac VT Sorbus Vector Class A Income,,https://www.direct.aviva.co.uk/wealth/FundChoice/SelfSelectFundsList/FundDetails/BYXFB40/SelfSelectFund
4548,Valu-Trac VT Tatton Blended Active Fund Class A Accumulation,,https://www.direct.aviva.co.uk/wealth/FundChoice/SelfSelectFundsList/FundDetails/BFFXRK7/SelfSelectFund
4549,Valu-Trac VT Tatton Blended Aggressive - Accumulation,,https://www.direct.aviva.co.uk/wealth/FundChoice/SelfSelectFundsList/FundDetails/BL3NDR0/SelfSelectFund
4550,Valu-Trac VT Tatton Blended Balanced Fund Class A Accumulation,,https://www.direct.aviva.co.uk/wealth/FundChoice/SelfSelectFundsList/FundDetails/BFFXRF2/SelfSelectFund
4551,Valu-Trac VT Tatton Blended Cautious Fund Class A Accumulation,,https://www.direct.aviva.co.uk/wealth/FundChoice/SelfSelectFundsList/FundDetails/BFFXR96/SelfSelectFund
4552,Valu-Trac VT Tatton Blended Defensive - Accumulation,,https://www.direct.aviva.co.uk/wealth/FundChoice/SelfSelectFundsList/FundDetails/BL3NDV4/SelfSelectFund
4553,Valu-Trac VT Tatton Blended Defensive - Income,,https://www.direct.aviva.co.uk/wealth/FundChoice/SelfSelectFundsList/FundDetails/BL3NDW5/SelfSelectFund
4554,Valu-Trac VT Tatton Oak Capital Growth Class B Accumulation,,https://www.direct.aviva.co.uk/wealth/FundChoice/SelfSelectFundsList/FundDetails/B63B9K4/SelfSelectFund
4555,Valu-Trac VT Tatton Oak Cautious Growth Class B Accumulation,,https://www.direct.aviva.co.uk/wealth/FundChoice/SelfSelectFundsList/FundDetails/B63B9M6/SelfSelectFund
4556,Valu-Trac VT Tatton Passive Balanced Class I Accumulation,,https://www.direct.aviva.co.uk/wealth/FundChoice/SelfSelectFundsList/FundDetails/BLB17L8/SelfSelectFund
4557,Valu-Trac VT Tatton Passive Cautious Class I Accumulation,,https://www.direct.aviva.co.uk/wealth/FundChoice/SelfSelectFundsList/FundDetails/BLB17M9/SelfSelectFund
4558,Valu-Trac VT Tatton Passive Growth Class I Accumulation,,https://www.direct.aviva.co.uk/wealth/FundChoice/SelfSelectFundsList/FundDetails/BLB17K7/SelfSelectFund
4559,Valu-Trac VT Teviot UK Smaller Companies - Accumulation,,https://www.direct.aviva.co.uk/wealth/FundChoice/SelfSelectFundsList/FundDetails/BF6X212/SelfSelectFund
4560,Valu-Trac VT Teviot UK Smaller Companies - Income,,https://www.direct.aviva.co.uk/wealth/FundChoice/SelfSelectFundsList/FundDetails/BF6X223/SelfSelectFund
4561,Valu-Trac VT Tyndall European Unconstrained Class F Accumulation,,https://www.direct.aviva.co.uk/wealth/FundChoice/SelfSelectFundsList/FundDetails/BLF7Z18/SelfSelectFund
4562,Valu-Trac VT Tyndall European Unconstrained Class F Income,,https://www.direct.aviva.co.uk/wealth/FundChoice/SelfSelectFundsList/FundDetails/BLF7Z29/SelfSelectFund
4563,Valu-Trac VT Tyndall Global Select Fund Class B Accumulation,,https://www.direct.aviva.co.uk/wealth/FundChoice/SelfSelectFundsList/FundDetails/BGRCF38/SelfSelectFund
4564,Valu-Trac VT Tyndall Global Select Fund Class B Income,,https://www.direct.aviva.co.uk/wealth/FundChoice/SelfSelectFundsList/FundDetails/BGRCF49/SelfSelectFund
4565,Valu-Trac VT Tyndall North American Class F Accumulation,,https://www.direct.aviva.co.uk/wealth/FundChoice/SelfSelectFundsList/FundDetails/BYPZY05/SelfSelectFund
4566,Valu-Trac VT Tyndall North American Class F Hedged Accumulation,,https://www.direct.aviva.co.uk/wealth/FundChoice/SelfSelectFundsList/FundDetails/BDG28F1/SelfSelectFund
4567,Valu-Trac VT Tyndall North American Class F Hedged Income,,https://www.direct.aviva.co.uk/wealth/FundChoice/SelfSelectFundsList/FundDetails/BDG28G2/SelfSelectFund
4568,Valu-Trac VT Tyndall North American Class F Income,,https://www.direct.aviva.co.uk/wealth/FundChoice/SelfSelectFundsList/FundDetails/BDH3R34/SelfSelectFund
4569,Valu-Trac VT Tyndall Unconstrained UK Income Fund Class A Accumulation,,https://www.direct.aviva.co.uk/wealth/FundChoice/SelfSelectFundsList/FundDetails/BYX0D61/SelfSelectFund
4570,Valu-Trac VT Tyndall Unconstrained UK Income Fund Class A Income,,https://www.direct.aviva.co.uk/wealth/FundChoice/SelfSelectFundsList/FundDetails/BYX0D83/SelfSelectFund
4571,Valu-Trac VT Vanneck Defensive - Income,,https://www.direct.aviva.co.uk/wealth/FundChoice/SelfSelectFundsList/FundDetails/BFYT977/SelfSelectFund
4572,Valu-Trac VT Vanneck Global Equity Class B Accumulation,,https://www.direct.aviva.co.uk/wealth/FundChoice/SelfSelectFundsList/FundDetails/BJ4G2B1/SelfSelectFund
4573,Valu-Trac VT Vanneck Global Equity Class B Income,,https://www.direct.aviva.co.uk/wealth/FundChoice/SelfSelectFundsList/FundDetails/BJ4G2C2/SelfSelectFund
4574,Valu-Trac VT Woodhill UK Equity Strategic - Income,,https://www.direct.aviva.co.uk/wealth/FundChoice/SelfSelectFundsList/FundDetails/BMTRT64/SelfSelectFund
4575,Vanguard ActiveLife Climate Aware 40-50% Equity Class A Accumulation,,https://www.direct.aviva.co.uk/wealth/FundChoice/SelfSelectFundsList/FundDetails/BMCQRZ3/SelfSelectFund
4576,Vanguard ActiveLife Climate Aware 40-50% Equity Class A Income,,https://www.direct.aviva.co.uk/wealth/FundChoice/SelfSelectFundsList/FundDetails/BMCQRX1/SelfSelectFund
4577,Vanguard ActiveLife Climate Aware 60-70% Equity Class A Accumulation,,https://www.direct.aviva.co.uk/wealth/FundChoice/SelfSelectFundsList/FundDetails/BZ83005/SelfSelectFund
4578,Vanguard ActiveLife Climate Aware 60-70% Equity Class A Income,,https://www.direct.aviva.co.uk/wealth/FundChoice/SelfSelectFundsList/FundDetails/BZ82ZZ2/SelfSelectFund
4579,Vanguard ActiveLife Climate Aware 80-90% Equity Class A Accumulation,,https://www.direct.aviva.co.uk/wealth/FundChoice/SelfSelectFundsList/FundDetails/BMCQS16/SelfSelectFund
4580,Vanguard ActiveLife Climate Aware 80-90% Equity Class A Income,,https://www.direct.aviva.co.uk/wealth/FundChoice/SelfSelectFundsList/FundDetails/BMCQS05/SelfSelectFund
4581,Vanguard ESG Developed Europe Index Acc Accumulation,,https://www.direct.aviva.co.uk/wealth/FundChoice/SelfSelectFundsList/FundDetails/B76VTL9/SelfSelectFund
4582,Vanguard ESG Developed Europe Index Dist Income,,https://www.direct.aviva.co.uk/wealth/FundChoice/SelfSelectFundsList/FundDetails/B76VTR5/SelfSelectFund
4583,Vanguard ESG Developed World All Cap Equity Index Acc Accumulation,,https://www.direct.aviva.co.uk/wealth/FundChoice/SelfSelectFundsList/FundDetails/B76VTN1/SelfSelectFund
4584,Vanguard ESG Developed World All Cap Equity Index GBP Dist. Income,,https://www.direct.aviva.co.uk/wealth/FundChoice/SelfSelectFundsList/FundDetails/B76VTM0/SelfSelectFund
4585,Vanguard ESG Emerging Markets All Cap Equity Index Acc Accumulation,,https://www.direct.aviva.co.uk/wealth/FundChoice/SelfSelectFundsList/FundDetails/BKV0VZ0/SelfSelectFund
4586,Vanguard ESG Emerging Markets All Cap Equity Index GBP Dist. Income,,https://www.direct.aviva.co.uk/wealth/FundChoice/SelfSelectFundsList/FundDetails/BKV0W02/SelfSelectFund
4587,Vanguard ESG Global Corporate Bond Index Hedged Accumulation,,https://www.direct.aviva.co.uk/wealth/FundChoice/SelfSelectFundsList/FundDetails/BNDS119/SelfSelectFund
4588,Vanguard ESG Global Corporate Bond Index Hedged Income,,https://www.direct.aviva.co.uk/wealth/FundChoice/SelfSelectFundsList/FundDetails/BNDS120/SelfSelectFund
4589,Vanguard ESG Screened Developed World All Cap Equity Index GBP Accumulation,,https://www.direct.aviva.co.uk/wealth/FundChoice/SelfSelectFundsList/FundDetails/BLLZQL3/SelfSelectFund
4590,Vanguard ESG Screened Developed World All Cap Equity Index GBP Income,,https://www.direct.aviva.co.uk/wealth/FundChoice/SelfSelectFundsList/FundDetails/BLLXGT5/SelfSelectFund
4591,Vanguard Emerging Markets Bond Investor GBP Hedged Accumulation,,https://www.direct.aviva.co.uk/wealth/FundChoice/SelfSelectFundsList/FundDetails/BKLWXP0/SelfSelectFund
4592,Vanguard Emerging Markets Bond Investor GBP Hedged Income,,https://www.direct.aviva.co.uk/wealth/FundChoice/SelfSelectFundsList/FundDetails/BP2BKJ4/SelfSelectFund
4593,Vanguard Emerging Markets Stock Index Acc Accumulation,,https://www.direct.aviva.co.uk/wealth/FundChoice/SelfSelectFundsList/FundDetails/B50MZ72/SelfSelectFund
4594,Vanguard Emerging Markets Stock Index GBP Dist Income,,https://www.direct.aviva.co.uk/wealth/FundChoice/SelfSelectFundsList/FundDetails/B51KVT9/SelfSelectFund
4595,Vanguard Euro Government Bond Index GBP Hedged Acc Accumulation,,https://www.direct.aviva.co.uk/wealth/FundChoice/SelfSelectFundsList/FundDetails/BFRTD72/SelfSelectFund
4596,Vanguard Euro Investment Grade Bond Index GBP Hedged Acc Accumulation,,https://www.direct.aviva.co.uk/wealth/FundChoice/SelfSelectFundsList/FundDetails/BFRTD83/SelfSelectFund
4597,Vanguard FTSE 100 Index Unit Trust GBP Accumulation,,https://www.direct.aviva.co.uk/wealth/FundChoice/SelfSelectFundsList/FundDetails/BD3RZ36/SelfSelectFund
4598,Vanguard FTSE 100 Index Unit Trust GBP Income,,https://www.direct.aviva.co.uk/wealth/FundChoice/SelfSelectFundsList/FundDetails/BD3RZ25/SelfSelectFund
4599,Vanguard FTSE Developed Europe ex-U.K Equity Index GBP Accumulation,,https://www.direct.aviva.co.uk/wealth/FundChoice/SelfSelectFundsList/FundDetails/B5B71H8/SelfSelectFund
4600,Vanguard FTSE Developed Europe ex-U.K Equity Index GBP Income,,https://www.direct.aviva.co.uk/wealth/FundChoice/SelfSelectFundsList/FundDetails/B5B74N5/SelfSelectFund
4601,Vanguard FTSE Developed World ex-U.K Equity Index GBP Accumulation,,https://www.direct.aviva.co.uk/wealth/FundChoice/SelfSelectFundsList/FundDetails/B59G4Q7/SelfSelectFund
4602,Vanguard FTSE Developed World ex-U.K Equity Index GBP Income,,https://www.direct.aviva.co.uk/wealth/FundChoice/SelfSelectFundsList/FundDetails/B5B74F7/SelfSelectFund
4603,Vanguard FTSE Global All Cap Index GBP Acc Accumulation,,https://www.direct.aviva.co.uk/wealth/FundChoice/SelfSelectFundsList/FundDetails/BD3RZ58/SelfSelectFund
4604,Vanguard FTSE Global All Cap Index GBP Inc Income,,https://www.direct.aviva.co.uk/wealth/FundChoice/SelfSelectFundsList/FundDetails/BD3RZ47/SelfSelectFund
4605,Vanguard FTSE U.K Equity Income Index GBP Accumulation,,https://www.direct.aviva.co.uk/wealth/FundChoice/SelfSelectFundsList/FundDetails/B59G4H8/SelfSelectFund
4606,Vanguard FTSE U.K Equity Income Index GBP Income,,https://www.direct.aviva.co.uk/wealth/FundChoice/SelfSelectFundsList/FundDetails/B5B7468/SelfSelectFund
4607,Vanguard FTSE U.K. All Share Index Unit Trust GBP Accumulation,,https://www.direct.aviva.co.uk/wealth/FundChoice/SelfSelectFundsList/FundDetails/B3X7QG6/SelfSelectFund
4608,Vanguard FTSE U.K. All Share Index Unit Trust GBP Income,,https://www.direct.aviva.co.uk/wealth/FundChoice/SelfSelectFundsList/FundDetails/BPN5P78/SelfSelectFund
4609,Vanguard Global Bond Index GBP Hedged Dist Income,,https://www.direct.aviva.co.uk/wealth/FundChoice/SelfSelectFundsList/FundDetails/B2RHVP9/SelfSelectFund
4610,Vanguard Global Bond Index Hedged Acc Accumulation,,https://www.direct.aviva.co.uk/wealth/FundChoice/SelfSelectFundsList/FundDetails/B50W2R1/SelfSelectFund
4611,Vanguard Global Capital Stewards Equity Class A Accumulation,,https://www.direct.aviva.co.uk/wealth/FundChoice/SelfSelectFundsList/FundDetails/BMV9B62/SelfSelectFund
4612,Vanguard Global Capital Stewards Equity Class A Income,,https://www.direct.aviva.co.uk/wealth/FundChoice/SelfSelectFundsList/FundDetails/BMV9B51/SelfSelectFund
4613,Vanguard Global Core Bond Accumulation,,https://www.direct.aviva.co.uk/wealth/FundChoice/SelfSelectFundsList/FundDetails/BS2CXP5/SelfSelectFund
4614,Vanguard Global Core Bond Income,,https://www.direct.aviva.co.uk/wealth/FundChoice/SelfSelectFundsList/FundDetails/BS2CXQ6/SelfSelectFund
4615,Vanguard Global Corporate Bond Index GBP Hedged Acc Accumulation,,https://www.direct.aviva.co.uk/wealth/FundChoice/SelfSelectFundsList/FundDetails/BDFB5M5/SelfSelectFund
4616,Vanguard Global Corporate Bond Index GBP Hedged Dist. Income,,https://www.direct.aviva.co.uk/wealth/FundChoice/SelfSelectFundsList/FundDetails/BDFB5K3/SelfSelectFund
4617,Vanguard Global Credit Bond Retail Hedged Accumulation,,https://www.direct.aviva.co.uk/wealth/FundChoice/SelfSelectFundsList/FundDetails/BYV1RG4/SelfSelectFund
4618,Vanguard Global Credit Bond Retail Hedged Income,,https://www.direct.aviva.co.uk/wealth/FundChoice/SelfSelectFundsList/FundDetails/BYV1RH5/SelfSelectFund
4619,Vanguard Global Emerging Markets Class A Accumulation,,https://www.direct.aviva.co.uk/wealth/FundChoice/SelfSelectFundsList/FundDetails/BZ82ZY1/SelfSelectFund
4620,Vanguard Global Emerging Markets Class A Income,,https://www.direct.aviva.co.uk/wealth/FundChoice/SelfSelectFundsList/FundDetails/BZ82ZX0/SelfSelectFund
4621,Vanguard Global Equity Class A Accumulation,,https://www.direct.aviva.co.uk/wealth/FundChoice/SelfSelectFundsList/FundDetails/BZ82ZT6/SelfSelectFund
4622,Vanguard Global Equity Class A Income,,https://www.direct.aviva.co.uk/wealth/FundChoice/SelfSelectFundsList/FundDetails/BZ82ZS5/SelfSelectFund
4623,Vanguard Global Equity Income Class A Accumulation,,https://www.direct.aviva.co.uk/wealth/FundChoice/SelfSelectFundsList/FundDetails/BZ82ZW9/SelfSelectFund
4624,Vanguard Global Equity Income Class A Income,,https://www.direct.aviva.co.uk/wealth/FundChoice/SelfSelectFundsList/FundDetails/BZ82ZV8/SelfSelectFund
4625,Vanguard Global Short-Term Bond Index Hedged Dist Accumulation,,https://www.direct.aviva.co.uk/wealth/FundChoice/SelfSelectFundsList/FundDetails/BH65QG5/SelfSelectFund
4626,Vanguard Global Short-Term Bond Index Hedged Dist Income,,https://www.direct.aviva.co.uk/wealth/FundChoice/SelfSelectFundsList/FundDetails/BH65QH6/SelfSelectFund
4627,Vanguard Global Short-Term Corporate Bond Index GBP Hedged Acc Accumulation,,https://www.direct.aviva.co.uk/wealth/FundChoice/SelfSelectFundsList/FundDetails/BDFB763/SelfSelectFund
4628,Vanguard Global Small-Cap Index GBP Accumulation,,https://www.direct.aviva.co.uk/wealth/FundChoice/SelfSelectFundsList/FundDetails/B3X1NT0/SelfSelectFund
4629,Vanguard Global Small-Cap Index GBP Income,,https://www.direct.aviva.co.uk/wealth/FundChoice/SelfSelectFundsList/FundDetails/B3X1LS5/SelfSelectFund
4630,Vanguard Global Strategic Bond Accumulation,,https://www.direct.aviva.co.uk/wealth/FundChoice/SelfSelectFundsList/FundDetails/BN7RXM7/SelfSelectFund
4631,Vanguard Global Strategic Bond Income,,https://www.direct.aviva.co.uk/wealth/FundChoice/SelfSelectFundsList/FundDetails/BN7RXW7/SelfSelectFund
4632,Vanguard Japan Government Bond Index Hedged Acc Accumulation,,https://www.direct.aviva.co.uk/wealth/FundChoice/SelfSelectFundsList/FundDetails/BFRTD94/SelfSelectFund
4633,Vanguard Japan Stock Index Acc Accumulation,,https://www.direct.aviva.co.uk/wealth/FundChoice/SelfSelectFundsList/FundDetails/B50MZ94/SelfSelectFund
4634,Vanguard Japan Stock Index Dist Income,,https://www.direct.aviva.co.uk/wealth/FundChoice/SelfSelectFundsList/FundDetails/B51KW52/SelfSelectFund
4635,Vanguard LifeStrategy Global 100% Equity Class A Accumulation,,https://www.direct.aviva.co.uk/wealth/FundChoice/SelfSelectFundsList/FundDetails/BVPLDL6/SelfSelectFund
4636,Vanguard LifeStrategy Global 100% Equity Class A Income,,https://www.direct.aviva.co.uk/wealth/FundChoice/SelfSelectFundsList/FundDetails/BVPLDM7/SelfSelectFund
4637,Vanguard LifeStrategy Global 20% Equity Class A Accumulation,,https://www.direct.aviva.co.uk/wealth/FundChoice/SelfSelectFundsList/FundDetails/BVPLDV6/SelfSelectFund
4638,Vanguard LifeStrategy Global 20% Equity Class A Income,,https://www.direct.aviva.co.uk/wealth/FundChoice/SelfSelectFundsList/FundDetails/BVPLDW7/SelfSelectFund
4639,Vanguard LifeStrategy Global 40% Equity Class A Accumulation,,https://www.direct.aviva.co.uk/wealth/FundChoice/SelfSelectFundsList/FundDetails/BVPLDS3/SelfSelectFund
4640,Vanguard LifeStrategy Global 40% Equity Class A Income,,https://www.direct.aviva.co.uk/wealth/FundChoice/SelfSelectFundsList/FundDetails/BVPLDT4/SelfSelectFund
4641,Vanguard LifeStrategy Global 60% Equity Class A Accumulation,,https://www.direct.aviva.co.uk/wealth/FundChoice/SelfSelectFundsList/FundDetails/BVPLDQ1/SelfSelectFund
4642,Vanguard LifeStrategy Global 60% Equity Class A Income,,https://www.direct.aviva.co.uk/wealth/FundChoice/SelfSelectFundsList/FundDetails/BVPLDR2/SelfSelectFund
4643,Vanguard LifeStrategy Global 80% Equity Class A Accumulation,,https://www.direct.aviva.co.uk/wealth/FundChoice/SelfSelectFundsList/FundDetails/BVPLDN8/SelfSelectFund
4644,Vanguard LifeStrategy Global 80% Equity Class A Income,,https://www.direct.aviva.co.uk/wealth/FundChoice/SelfSelectFundsList/FundDetails/BVPLDP0/SelfSelectFund
4645,Vanguard Lifestrategy 100% Equity Class A Accumulation,,https://www.direct.aviva.co.uk/wealth/FundChoice/SelfSelectFundsList/FundDetails/B41XG30/SelfSelectFund
4646,Vanguard Lifestrategy 100% Equity Class A Income,,https://www.direct.aviva.co.uk/wealth/FundChoice/SelfSelectFundsList/FundDetails/B545NX9/SelfSelectFund
4647,Vanguard Lifestrategy 20% Equity Class A Gross Accumulation,,https://www.direct.aviva.co.uk/wealth/FundChoice/SelfSelectFundsList/FundDetails/B4NXY34/SelfSelectFund
4648,Vanguard Lifestrategy 20% Equity Class A Gross Income,,https://www.direct.aviva.co.uk/wealth/FundChoice/SelfSelectFundsList/FundDetails/B462029/SelfSelectFund
4649,Vanguard Lifestrategy 40% Equity Class A Accumulation,,https://www.direct.aviva.co.uk/wealth/FundChoice/SelfSelectFundsList/FundDetails/B3ZHN96/SelfSelectFund
4650,Vanguard Lifestrategy 40% Equity Class A Income,,https://www.direct.aviva.co.uk/wealth/FundChoice/SelfSelectFundsList/FundDetails/B41F6L4/SelfSelectFund
4651,Vanguard Lifestrategy 60% Equity Class A Accumulation,,https://www.direct.aviva.co.uk/wealth/FundChoice/SelfSelectFundsList/FundDetails/B3TYHH9/SelfSelectFund
4652,Vanguard Lifestrategy 60% Equity Class A Income,,https://www.direct.aviva.co.uk/wealth/FundChoice/SelfSelectFundsList/FundDetails/B4R2F34/SelfSelectFund
4653,Vanguard Lifestrategy 80% Equity Class A Accumulation,,https://www.direct.aviva.co.uk/wealth/FundChoice/SelfSelectFundsList/FundDetails/B4PQW15/SelfSelectFund
4654,Vanguard Lifestrategy 80% Equity Class A Income,,https://www.direct.aviva.co.uk/wealth/FundChoice/SelfSelectFundsList/FundDetails/B4KWNF9/SelfSelectFund
4655,Vanguard Pacific ex-Japan Stock Index Acc Accumulation,,https://www.direct.aviva.co.uk/wealth/FundChoice/SelfSelectFundsList/FundDetails/B523L31/SelfSelectFund
4656,Vanguard Pacific ex-Japan Stock Index Dist Income,,https://www.direct.aviva.co.uk/wealth/FundChoice/SelfSelectFundsList/FundDetails/B523L08/SelfSelectFund
4657,Vanguard Sterling Short-Term Money Market A GBP Accumulation Accumulation,,https://www.direct.aviva.co.uk/wealth/FundChoice/SelfSelectFundsList/FundDetails/BFYDWM5/SelfSelectFund
4658,Vanguard Sterling Short-Term Money Market Class A Income,,https://www.direct.aviva.co.uk/wealth/FundChoice/SelfSelectFundsList/FundDetails/BGB6GZ5/SelfSelectFund
4659,Vanguard Target Retirement 2015 Class A Accumulation,,https://www.direct.aviva.co.uk/wealth/FundChoice/SelfSelectFundsList/FundDetails/BZ6VHV1/SelfSelectFund
4660,Vanguard Target Retirement 2020 Class A Accumulation,,https://www.direct.aviva.co.uk/wealth/FundChoice/SelfSelectFundsList/FundDetails/BZ6VJ59/SelfSelectFund
4661,Vanguard Target Retirement 2025 Class A Accumulation,,https://www.direct.aviva.co.uk/wealth/FundChoice/SelfSelectFundsList/FundDetails/BZ6VJB5/SelfSelectFund
4662,Vanguard Target Retirement 2030 Class A Accumulation,,https://www.direct.aviva.co.uk/wealth/FundChoice/SelfSelectFundsList/FundDetails/BZ6VJD7/SelfSelectFund
4663,Vanguard Target Retirement 2035 Class A Accumulation,,https://www.direct.aviva.co.uk/wealth/FundChoice/SelfSelectFundsList/FundDetails/BZ6VJH1/SelfSelectFund
4664,Vanguard Target Retirement 2040 Class A Accumulation,,https://www.direct.aviva.co.uk/wealth/FundChoice/SelfSelectFundsList/FundDetails/BZ6VK78/SelfSelectFund
4665,Vanguard Target Retirement 2045 Class A Accumulation,,https://www.direct.aviva.co.uk/wealth/FundChoice/SelfSelectFundsList/FundDetails/BZ6VK89/SelfSelectFund
4666,Vanguard Target Retirement 2050 Class A Accumulation,,https://www.direct.aviva.co.uk/wealth/FundChoice/SelfSelectFundsList/FundDetails/BZ6VKT0/SelfSelectFund
4667,Vanguard Target Retirement 2055 Class A Accumulation,,https://www.direct.aviva.co.uk/wealth/FundChoice/SelfSelectFundsList/FundDetails/BZ6VKV2/SelfSelectFund
4668,Vanguard Target Retirement 2060 Class A Accumulation,,https://www.direct.aviva.co.uk/wealth/FundChoice/SelfSelectFundsList/FundDetails/BF38WW1/SelfSelectFund
4669,Vanguard Target Retirement 2065 Class A Accumulation,,https://www.direct.aviva.co.uk/wealth/FundChoice/SelfSelectFundsList/FundDetails/BF38WX2/SelfSelectFund
4670,Vanguard U.K Government Bond Index GBP Accumulation,,https://www.direct.aviva.co.uk/wealth/FundChoice/SelfSelectFundsList/FundDetails/B1S7537/SelfSelectFund
4671,Vanguard U.K Government Bond Index GBP Income,,https://www.direct.aviva.co.uk/wealth/FundChoice/SelfSelectFundsList/FundDetails/B1S7582/SelfSelectFund
4672,Vanguard U.K Investment Grade Bond Index GBP Accumulation,,https://www.direct.aviva.co.uk/wealth/FundChoice/SelfSelectFundsList/FundDetails/B1S74Q3/SelfSelectFund
4673,Vanguard U.K Investment Grade Bond Index GBP Income,,https://www.direct.aviva.co.uk/wealth/FundChoice/SelfSelectFundsList/FundDetails/B1S74W9/SelfSelectFund
4674,Vanguard U.K. Inflation-Linked Gilt Index GBP Accumulation,,https://www.direct.aviva.co.uk/wealth/FundChoice/SelfSelectFundsList/FundDetails/B45Q903/SelfSelectFund
4675,Vanguard U.K. Inflation-Linked Gilt Index GBP Income,,https://www.direct.aviva.co.uk/wealth/FundChoice/SelfSelectFundsList/FundDetails/B467FS5/SelfSelectFund
4676,Vanguard U.K. Long Duration Gilt Index GBP Accumulation,,https://www.direct.aviva.co.uk/wealth/FundChoice/SelfSelectFundsList/FundDetails/B4M8924/SelfSelectFund
4677,Vanguard U.K. Long Duration Gilt Index GBP Income,,https://www.direct.aviva.co.uk/wealth/FundChoice/SelfSelectFundsList/FundDetails/B44DQC6/SelfSelectFund
4678,Vanguard U.K. Short-Term Gilt Index General GBP Accumulation,,https://www.direct.aviva.co.uk/wealth/FundChoice/SelfSelectFundsList/FundDetails/BTJSMW3/SelfSelectFund
4679,Vanguard U.K. Short-Term Gilt Index General GBP Income,,https://www.direct.aviva.co.uk/wealth/FundChoice/SelfSelectFundsList/FundDetails/BTJSN20/SelfSelectFund
4680,Vanguard U.K. Short-Term Investment Grade Bond Index GBP Accumulation,,https://www.direct.aviva.co.uk/wealth/FundChoice/SelfSelectFundsList/FundDetails/B9M1BB1/SelfSelectFund
4681,Vanguard U.K. Short-Term Investment Grade Bond Index GBP Income,,https://www.direct.aviva.co.uk/wealth/FundChoice/SelfSelectFundsList/FundDetails/B95W713/SelfSelectFund
4682,Vanguard U.S Equity Index GBP Accumulation,,https://www.direct.aviva.co.uk/wealth/FundChoice/SelfSelectFundsList/FundDetails/B5B71Q7/SelfSelectFund
4683,Vanguard U.S Equity Index GBP Income,,https://www.direct.aviva.co.uk/wealth/FundChoice/SelfSelectFundsList/FundDetails/B5B74S0/SelfSelectFund
4684,Vanguard US Government Bond Index Dist Income,,https://www.direct.aviva.co.uk/wealth/FundChoice/SelfSelectFundsList/FundDetails/BD6D456/SelfSelectFund
4685,Vanguard US Government Bond Index Hedged Accumulation,,https://www.direct.aviva.co.uk/wealth/FundChoice/SelfSelectFundsList/FundDetails/BFRTDB6/SelfSelectFund
4686,Vanguard US Government Bond Index Hedged Dist Income,,https://www.direct.aviva.co.uk/wealth/FundChoice/SelfSelectFundsList/FundDetails/BDD0SS1/SelfSelectFund
4687,Vanguard US Investment Grade Credit Index Hedged Acc Accumulation,,https://www.direct.aviva.co.uk/wealth/FundChoice/SelfSelectFundsList/FundDetails/BFRTDC7/SelfSelectFund
4688,Veritas Asian Class A Income,,https://www.direct.aviva.co.uk/wealth/FundChoice/SelfSelectFundsList/FundDetails/B02T6J5/SelfSelectFund
4689,Veritas China Class A Income,,https://www.direct.aviva.co.uk/wealth/FundChoice/SelfSelectFundsList/FundDetails/B4QQGK1/SelfSelectFund
4690,Veritas Global Equity Income Class A Income,,https://www.direct.aviva.co.uk/wealth/FundChoice/SelfSelectFundsList/FundDetails/B04TTW7/SelfSelectFund
4691,Veritas Global Focus Class A Income,,https://www.direct.aviva.co.uk/wealth/FundChoice/SelfSelectFundsList/FundDetails/3410628/SelfSelectFund
4692,Veritas Global Real Return Class A Income,,https://www.direct.aviva.co.uk/wealth/FundChoice/SelfSelectFundsList/FundDetails/B5W1LR9/SelfSelectFund
4693,Vert Asset Management Global Sustainable Real Estate Class I Accumulation,,https://www.direct.aviva.co.uk/wealth/FundChoice/SelfSelectFundsList/FundDetails/BPK55M6/SelfSelectFund
4694,Virtus Global Funds Virtus GF SGA Global Growth Class E Accumulation,,https://www.direct.aviva.co.uk/wealth/FundChoice/SelfSelectFundsList/FundDetails/BDR6ML6/SelfSelectFund
4695,Virtus Global Funds Virtus GF SGA Global Growth Class E Income,,https://www.direct.aviva.co.uk/wealth/FundChoice/SelfSelectFundsList/FundDetails/BDR6MM7/SelfSelectFund
4696,Virtus Global Funds Virtus GF U.S. Small-Mid Cap Class M Income,,https://www.direct.aviva.co.uk/wealth/FundChoice/SelfSelectFundsList/FundDetails/BMZ99C0/SelfSelectFund
4697,Vontobel Asset Management Emerging Markets Blend AQHN (Hedged) Income,,https://www.direct.aviva.co.uk/wealth/FundChoice/SelfSelectFundsList/FundDetails/BJLTN09/SelfSelectFund
4698,Vontobel Asset Management Fund II - mtx Emerging Markets Sustainability Champions AN Income,,https://www.direct.aviva.co.uk/wealth/FundChoice/SelfSelectFundsList/FundDetails/BN29T64/SelfSelectFund
4699,Vontobel Asset Management Global Environmental Change N GBP Capitalisation Accumulation,,https://www.direct.aviva.co.uk/wealth/FundChoice/SelfSelectFundsList/FundDetails/BYX11Y8/SelfSelectFund
4700,Vontobel Asset Management mtx Emerging Markets Leaders N Accumulation,,https://www.direct.aviva.co.uk/wealth/FundChoice/SelfSelectFundsList/FundDetails/BF6V0M3/SelfSelectFund
4701,Vulcan Vulcan Value Equity Fund GBP Accumulation,,https://www.direct.aviva.co.uk/wealth/FundChoice/SelfSelectFundsList/FundDetails/B8VYS68/SelfSelectFund
4702,Vulcan Vulcan Value Equity Fund GBP Income Income,,https://www.direct.aviva.co.uk/wealth/FundChoice/SelfSelectFundsList/FundDetails/BC7GWP3/SelfSelectFund
4703,WFM Aquila Conservative Class B Accumulation,,https://www.direct.aviva.co.uk/wealth/FundChoice/SelfSelectFundsList/FundDetails/BSF1XY8/SelfSelectFund
4704,WFM Aquila Conservative Class B Income,,https://www.direct.aviva.co.uk/wealth/FundChoice/SelfSelectFundsList/FundDetails/BSF1Y34/SelfSelectFund
4705,WFM Aquila Opportunities Class B Accumulation,,https://www.direct.aviva.co.uk/wealth/FundChoice/SelfSelectFundsList/FundDetails/BSF1Y01/SelfSelectFund
4706,WFM Aquila Opportunities Class B Income,,https://www.direct.aviva.co.uk/wealth/FundChoice/SelfSelectFundsList/FundDetails/BSF1Y56/SelfSelectFund
4707,WFM EF 8AM Balanced Class A Income,,https://www.direct.aviva.co.uk/wealth/FundChoice/SelfSelectFundsList/FundDetails/B9L57F0/SelfSelectFund
4708,WFM EF 8AM Cautious Class A Income,,https://www.direct.aviva.co.uk/wealth/FundChoice/SelfSelectFundsList/FundDetails/B9J92G0/SelfSelectFund
4709,WFM EF 8AM Focussed Class A Income,,https://www.direct.aviva.co.uk/wealth/FundChoice/SelfSelectFundsList/FundDetails/B9L4T62/SelfSelectFund
4710,WFM EF 8AM Tactical Growth Class A Income,,https://www.direct.aviva.co.uk/wealth/FundChoice/SelfSelectFundsList/FundDetails/B9C65S1/SelfSelectFund
4711,WFM EF FACET Balanced Discretionary Portfolio (CLOSED) Class B Accumulation,,https://www.direct.aviva.co.uk/wealth/FundChoice/SelfSelectFundsList/FundDetails/B67JGM5/SelfSelectFund
4712,WFM EF FACET Balanced Discretionary Portfolio (CLOSED) Class B Income,,https://www.direct.aviva.co.uk/wealth/FundChoice/SelfSelectFundsList/FundDetails/B3NHHK7/SelfSelectFund
4713,WFM EF FACET Cautious Discretionary Portfolio (CLOSED) Class B Accumulation,,https://www.direct.aviva.co.uk/wealth/FundChoice/SelfSelectFundsList/FundDetails/B3Q4TW1/SelfSelectFund
4714,WFM EF WM Global Trend Fund Class B Accumulation,,https://www.direct.aviva.co.uk/wealth/FundChoice/SelfSelectFundsList/FundDetails/B5B7DY9/SelfSelectFund
4715,WFM EF WM Global Trend Fund Class B Income,,https://www.direct.aviva.co.uk/wealth/FundChoice/SelfSelectFundsList/FundDetails/B4Q6742/SelfSelectFund
4716,WFM Verus Responsible Balanced Class A Accumulation,,https://www.direct.aviva.co.uk/wealth/FundChoice/SelfSelectFundsList/FundDetails/BCZYG91/SelfSelectFund
4717,WFM Verus Responsible Balanced Class B Accumulation,,https://www.direct.aviva.co.uk/wealth/FundChoice/SelfSelectFundsList/FundDetails/BCZYGC4/SelfSelectFund
4718,WFM Verus Responsible Balanced Class B Income,,https://www.direct.aviva.co.uk/wealth/FundChoice/SelfSelectFundsList/FundDetails/BCW3LB8/SelfSelectFund
4719,WFM WAY Flexible Global Growth Portfolio Class E Accumulation,,https://www.direct.aviva.co.uk/wealth/FundChoice/SelfSelectFundsList/FundDetails/B96VT46/SelfSelectFund
4720,WFM WAY Global Balanced Portfolio Class E Accumulation,,https://www.direct.aviva.co.uk/wealth/FundChoice/SelfSelectFundsList/FundDetails/B96WY44/SelfSelectFund
4721,WFM WAY Global Balanced Portfolio Class E Income,,https://www.direct.aviva.co.uk/wealth/FundChoice/SelfSelectFundsList/FundDetails/B972001/SelfSelectFund
4722,WFM WAY Global Cautious Portfolio Fund Class E Accumulation,,https://www.direct.aviva.co.uk/wealth/FundChoice/SelfSelectFundsList/FundDetails/B971ZJ2/SelfSelectFund
4723,WFM WAY Global Cautious Portfolio Fund Class E Income,,https://www.direct.aviva.co.uk/wealth/FundChoice/SelfSelectFundsList/FundDetails/B96XS01/SelfSelectFund
4724,WFM WAY Global Growth Portfolio Fund Class E Accumulation,,https://www.direct.aviva.co.uk/wealth/FundChoice/SelfSelectFundsList/FundDetails/B8T10T8/SelfSelectFund
4725,WFM WAY Global Growth Portfolio Fund Class E Income,,https://www.direct.aviva.co.uk/wealth/FundChoice/SelfSelectFundsList/FundDetails/B8DRG49/SelfSelectFund
4726,WFM WAY MA Cautious Portfolio Fund Class E Accumulation,,https://www.direct.aviva.co.uk/wealth/FundChoice/SelfSelectFundsList/FundDetails/B87X8G9/SelfSelectFund
4727,WFM WAY MA Cautious Portfolio Fund Class E Income,,https://www.direct.aviva.co.uk/wealth/FundChoice/SelfSelectFundsList/FundDetails/B8JGQM8/SelfSelectFund
4728,WS AVI WS AVI Worldwide Opportunities Class B Accumulation,,https://www.direct.aviva.co.uk/wealth/FundChoice/SelfSelectFundsList/FundDetails/3183113/SelfSelectFund
4729,WS Aegon Risk-Managed 1 Fund Class A Accumulation,,https://www.direct.aviva.co.uk/wealth/FundChoice/SelfSelectFundsList/FundDetails/BKV26L7/SelfSelectFund
4730,WS Aegon Risk-Managed 1 Fund Class A Income,,https://www.direct.aviva.co.uk/wealth/FundChoice/SelfSelectFundsList/FundDetails/BKV26M8/SelfSelectFund
4731,WS Aegon Risk-Managed 2 Fund Class A Accumulation,,https://www.direct.aviva.co.uk/wealth/FundChoice/SelfSelectFundsList/FundDetails/BL38YK5/SelfSelectFund
4732,WS Aegon Risk-Managed 2 Fund Class A Income,,https://www.direct.aviva.co.uk/wealth/FundChoice/SelfSelectFundsList/FundDetails/BL38YL6/SelfSelectFund
4733,WS Aegon Risk-Managed 3 Fund Class A Accumulation,,https://www.direct.aviva.co.uk/wealth/FundChoice/SelfSelectFundsList/FundDetails/BL38YS3/SelfSelectFund
4734,WS Aegon Risk-Managed 3 Fund Class A Income,,https://www.direct.aviva.co.uk/wealth/FundChoice/SelfSelectFundsList/FundDetails/BL39226/SelfSelectFund
4735,WS Aegon Risk-Managed 4 Fund Class A Accumulation,,https://www.direct.aviva.co.uk/wealth/FundChoice/SelfSelectFundsList/FundDetails/BL38YV6/SelfSelectFund
4736,WS Aegon Risk-Managed 4 Fund Class A Income,,https://www.direct.aviva.co.uk/wealth/FundChoice/SelfSelectFundsList/FundDetails/BL38YW7/SelfSelectFund
4737,WS Aegon Risk-Managed 5 Fund Class A Accumulation,,https://www.direct.aviva.co.uk/wealth/FundChoice/SelfSelectFundsList/FundDetails/BL38Z13/SelfSelectFund
4738,WS Aegon Risk-Managed 5 Fund Class A Income,,https://www.direct.aviva.co.uk/wealth/FundChoice/SelfSelectFundsList/FundDetails/BL38Z24/SelfSelectFund
4739,WS Aegon Risk-Managed 6 Fund Class A Accumulation,,https://www.direct.aviva.co.uk/wealth/FundChoice/SelfSelectFundsList/FundDetails/BL38Z57/SelfSelectFund
4740,WS Aegon Risk-Managed 6 Fund Class A Income,,https://www.direct.aviva.co.uk/wealth/FundChoice/SelfSelectFundsList/FundDetails/BL38Z68/SelfSelectFund
4741,WS Doherty Balanced Managed Class B Accumulation,,https://www.direct.aviva.co.uk/wealth/FundChoice/SelfSelectFundsList/FundDetails/B92M716/SelfSelectFund
4742,WS Doherty Cautious Managed Class B Accumulation,,https://www.direct.aviva.co.uk/wealth/FundChoice/SelfSelectFundsList/FundDetails/B92M857/SelfSelectFund
4743,WS Doherty WS Calibre Equity Class B Accumulation,,https://www.direct.aviva.co.uk/wealth/FundChoice/SelfSelectFundsList/FundDetails/B92M1L4/SelfSelectFund
4744,WS EkinsGuinness WS EkinsGuinness Dynamic Growth Fund Class B Accumulation,,https://www.direct.aviva.co.uk/wealth/FundChoice/SelfSelectFundsList/FundDetails/BD8YW42/SelfSelectFund
4745,WS EkinsGuinness WS EkinsGuinness Dynamic Growth Fund Class B Income,,https://www.direct.aviva.co.uk/wealth/FundChoice/SelfSelectFundsList/FundDetails/BD8YW75/SelfSelectFund
4746,WS EkinsGuinness WS EkinsGuinness Global Thematics Fund Class F Accumulation,,https://www.direct.aviva.co.uk/wealth/FundChoice/SelfSelectFundsList/FundDetails/BTFYPH1/SelfSelectFund
4747,WS EkinsGuinness WS EkinsGuinness Global Thematics Fund Class F Income,,https://www.direct.aviva.co.uk/wealth/FundChoice/SelfSelectFundsList/FundDetails/BTFYPJ3/SelfSelectFund
4748,WS General Global Investment Fund WS Ardtur Continental European Class P I Accumulation,,https://www.direct.aviva.co.uk/wealth/FundChoice/SelfSelectFundsList/FundDetails/BYX3YX4/SelfSelectFund
4749,WS General Global Investment Funds WS Lancaster Global Equity Class I Accumulation,,https://www.direct.aviva.co.uk/wealth/FundChoice/SelfSelectFundsList/FundDetails/B54RK12/SelfSelectFund
4750,WS General Global Investment Funds WS Lancaster Global Equity Class I Income,,https://www.direct.aviva.co.uk/wealth/FundChoice/SelfSelectFundsList/FundDetails/B717BM7/SelfSelectFund
4751,WS Gresham House WS Gresham House UK Micro Cap Fund Class C Accumulation,,https://www.direct.aviva.co.uk/wealth/FundChoice/SelfSelectFundsList/FundDetails/BV9FYS8/SelfSelectFund
4752,WS Gresham House WS Gresham House UK Micro Cap Fund Class C Income,,https://www.direct.aviva.co.uk/wealth/FundChoice/SelfSelectFundsList/FundDetails/BV9FYT9/SelfSelectFund
4753,WS Gresham House WS Gresham House UK Multi Cap Income Class C Accumulation,,https://www.direct.aviva.co.uk/wealth/FundChoice/SelfSelectFundsList/FundDetails/BYXVGS7/SelfSelectFund
4754,WS Gresham House WS Gresham House UK Multi Cap Income Class C Income,,https://www.direct.aviva.co.uk/wealth/FundChoice/SelfSelectFundsList/FundDetails/BYXVGT8/SelfSelectFund
4755,WS Gresham House WS Gresham House UK Smaller Companies Class C Accumulation,,https://www.direct.aviva.co.uk/wealth/FundChoice/SelfSelectFundsList/FundDetails/BH416G5/SelfSelectFund
4756,WS Gresham House WS Gresham House UK Smaller Companies Class C Income,,https://www.direct.aviva.co.uk/wealth/FundChoice/SelfSelectFundsList/FundDetails/BH416F4/SelfSelectFund
4757,WS Guinness Investment Funds WS Guinness Asian Equity Income Fund Class Y Accumulation,,https://www.direct.aviva.co.uk/wealth/FundChoice/SelfSelectFundsList/FundDetails/BMFKG66/SelfSelectFund
4758,WS Guinness Investment Funds WS Guinness Asian Equity Income Fund Class Y Income,,https://www.direct.aviva.co.uk/wealth/FundChoice/SelfSelectFundsList/FundDetails/BMFKG77/SelfSelectFund
4759,WS Guinness Investment Funds WS Guinness European Equity Income Fund Class Y Accumulation,,https://www.direct.aviva.co.uk/wealth/FundChoice/SelfSelectFundsList/FundDetails/BP5J6M0/SelfSelectFund
4760,WS Guinness Investment Funds WS Guinness European Equity Income Fund Class Y Income,,https://www.direct.aviva.co.uk/wealth/FundChoice/SelfSelectFundsList/FundDetails/BP5J6N1/SelfSelectFund
4761,WS Guinness Investment Funds WS Guinness Global Equity Income Fund Class Y Accumulation,,https://www.direct.aviva.co.uk/wealth/FundChoice/SelfSelectFundsList/FundDetails/BNGFN77/SelfSelectFund
4762,WS Guinness Investment Funds WS Guinness Global Equity Income Fund Class Y Income,,https://www.direct.aviva.co.uk/wealth/FundChoice/SelfSelectFundsList/FundDetails/BNGFN66/SelfSelectFund
4763,WS Guinness Investment Funds WS Guinness Global Innovators Fund Class Y Accumulation,,https://www.direct.aviva.co.uk/wealth/FundChoice/SelfSelectFundsList/FundDetails/BP5J5Y5/SelfSelectFund
4764,WS Guinness Investment Funds WS Guinness Global Quality Mid Cap Fund Class Y Accumulation,,https://www.direct.aviva.co.uk/wealth/FundChoice/SelfSelectFundsList/FundDetails/BP5J7C7/SelfSelectFund
4765,WS Guinness Investment Funds WS Guinness Sustainable Energy Fund Class Y Accumulation,,https://www.direct.aviva.co.uk/wealth/FundChoice/SelfSelectFundsList/FundDetails/BP5J619/SelfSelectFund
4766,WS Guinness WS Guinness Global Energy Fund Class I Accumulation,,https://www.direct.aviva.co.uk/wealth/FundChoice/SelfSelectFundsList/FundDetails/B56FW07/SelfSelectFund
4767,WS Havelock Global Select A Accumulation,,https://www.direct.aviva.co.uk/wealth/FundChoice/SelfSelectFundsList/FundDetails/BFM7DN7/SelfSelectFund
4768,WS Investment Funds ICVC VI WS CISA Adventurous Fund Retail Class A Accumulation,,https://www.direct.aviva.co.uk/wealth/FundChoice/SelfSelectFundsList/FundDetails/BNHS234/SelfSelectFund
4769,WS Investment Funds ICVC VI WS CISA Conservative Fund Retail Class A Accumulation,,https://www.direct.aviva.co.uk/wealth/FundChoice/SelfSelectFundsList/FundDetails/BNHS212/SelfSelectFund
4770,WS Investment Funds ICVC VI WS CISA Growth Fund Retail Class A Accumulation,,https://www.direct.aviva.co.uk/wealth/FundChoice/SelfSelectFundsList/FundDetails/BNHS223/SelfSelectFund
4771,WS Lancaster Funds WS Lancaster Absolute Return Class I Accumulation,,https://www.direct.aviva.co.uk/wealth/FundChoice/SelfSelectFundsList/FundDetails/B55NGS8/SelfSelectFund
4772,WS Lightman Investment Funds WS Lightman European Fund Class R Accumulation,,https://www.direct.aviva.co.uk/wealth/FundChoice/SelfSelectFundsList/FundDetails/BGPFJN7/SelfSelectFund
4773,WS Lightman Investment Funds WS Lightman European Fund Class R Income,,https://www.direct.aviva.co.uk/wealth/FundChoice/SelfSelectFundsList/FundDetails/BJCWFZ6/SelfSelectFund
4774,WS Montanaro Better World Fund Class A Accumulation,,https://www.direct.aviva.co.uk/wealth/FundChoice/SelfSelectFundsList/FundDetails/BJRCFP1/SelfSelectFund
4775,WS Montanaro Europe (ex-UK) Small and Mid-Cap Fund Class A Accumulation,,https://www.direct.aviva.co.uk/wealth/FundChoice/SelfSelectFundsList/FundDetails/BJRCFY0/SelfSelectFund
4776,WS Montanaro Europe (ex-UK) Small and Mid-Cap Fund Class A Income,,https://www.direct.aviva.co.uk/wealth/FundChoice/SelfSelectFundsList/FundDetails/BJRCFX9/SelfSelectFund
4777,WS Montanaro Global Select Fund Class A Accumulation,,https://www.direct.aviva.co.uk/wealth/FundChoice/SelfSelectFundsList/FundDetails/BJRCFN9/SelfSelectFund
4778,WS Montanaro WS Montanaro UK Income Fund Class A Accumulation,,https://www.direct.aviva.co.uk/wealth/FundChoice/SelfSelectFundsList/FundDetails/BJRCFW8/SelfSelectFund
4779,WS Montanaro WS Montanaro UK Income Fund Class A Income,,https://www.direct.aviva.co.uk/wealth/FundChoice/SelfSelectFundsList/FundDetails/BJRCFQ2/SelfSelectFund
4780,WS Nomura Global Infrastructure Securities Class B Accumulation,,https://www.direct.aviva.co.uk/wealth/FundChoice/SelfSelectFundsList/FundDetails/B1W2BX0/SelfSelectFund
4781,WS Nomura Global Infrastructure Securities Class B Income,,https://www.direct.aviva.co.uk/wealth/FundChoice/SelfSelectFundsList/FundDetails/B1W28Q2/SelfSelectFund
4782,WS Prudential Risk Managed Active 1 Class P Accumulation,,https://www.direct.aviva.co.uk/wealth/FundChoice/SelfSelectFundsList/FundDetails/BF23238/SelfSelectFund
4783,WS Prudential Risk Managed Active 1 Class P Income,,https://www.direct.aviva.co.uk/wealth/FundChoice/SelfSelectFundsList/FundDetails/BF23249/SelfSelectFund
4784,WS Prudential Risk Managed Active 2 Class P Accumulation,,https://www.direct.aviva.co.uk/wealth/FundChoice/SelfSelectFundsList/FundDetails/BF23250/SelfSelectFund
4785,WS Prudential Risk Managed Active 2 Class P Income,,https://www.direct.aviva.co.uk/wealth/FundChoice/SelfSelectFundsList/FundDetails/BF23261/SelfSelectFund
4786,WS Prudential Risk Managed Active 3 Class P Accumulation,,https://www.direct.aviva.co.uk/wealth/FundChoice/SelfSelectFundsList/FundDetails/BF23272/SelfSelectFund
4787,WS Prudential Risk Managed Active 3 Class P Income,,https://www.direct.aviva.co.uk/wealth/FundChoice/SelfSelectFundsList/FundDetails/BF23283/SelfSelectFund
4788,WS Prudential Risk Managed Active 4 Class P Accumulation,,https://www.direct.aviva.co.uk/wealth/FundChoice/SelfSelectFundsList/FundDetails/BF23294/SelfSelectFund
4789,WS Prudential Risk Managed Active 4 Class P Income,,https://www.direct.aviva.co.uk/wealth/FundChoice/SelfSelectFundsList/FundDetails/BF232B6/SelfSelectFund
4790,WS Prudential Risk Managed Active 5 Class P Accumulation,,https://www.direct.aviva.co.uk/wealth/FundChoice/SelfSelectFundsList/FundDetails/BF232C7/SelfSelectFund
4791,WS Prudential Risk Managed Active 5 Class P Income,,https://www.direct.aviva.co.uk/wealth/FundChoice/SelfSelectFundsList/FundDetails/BF232D8/SelfSelectFund
4792,WS Prudential Risk Managed Passive 1 Class P Accumulation,,https://www.direct.aviva.co.uk/wealth/FundChoice/SelfSelectFundsList/FundDetails/BF232F0/SelfSelectFund
4793,WS Prudential Risk Managed Passive 1 Class P Income,,https://www.direct.aviva.co.uk/wealth/FundChoice/SelfSelectFundsList/FundDetails/BF232G1/SelfSelectFund
4794,WS Prudential Risk Managed Passive 2 Class P Accumulation,,https://www.direct.aviva.co.uk/wealth/FundChoice/SelfSelectFundsList/FundDetails/BVYTZX7/SelfSelectFund
4795,WS Prudential Risk Managed Passive 2 Class P Income,,https://www.direct.aviva.co.uk/wealth/FundChoice/SelfSelectFundsList/FundDetails/BVYTZY8/SelfSelectFund
4796,WS Prudential Risk Managed Passive 3 Class P Accumulation,,https://www.direct.aviva.co.uk/wealth/FundChoice/SelfSelectFundsList/FundDetails/BF232H2/SelfSelectFund
4797,WS Prudential Risk Managed Passive 3 Class P Income,,https://www.direct.aviva.co.uk/wealth/FundChoice/SelfSelectFundsList/FundDetails/BF232J4/SelfSelectFund
4798,WS Prudential Risk Managed Passive 4 Class P Accumulation,,https://www.direct.aviva.co.uk/wealth/FundChoice/SelfSelectFundsList/FundDetails/BVYV027/SelfSelectFund
4799,WS Prudential Risk Managed Passive 4 Class P Income,,https://www.direct.aviva.co.uk/wealth/FundChoice/SelfSelectFundsList/FundDetails/BVYV038/SelfSelectFund
4800,WS Prudential Risk Managed Passive 5 Class P Accumulation,,https://www.direct.aviva.co.uk/wealth/FundChoice/SelfSelectFundsList/FundDetails/BVYV072/SelfSelectFund
4801,WS Prudential Risk Managed Passive 5 Class P Income,,https://www.direct.aviva.co.uk/wealth/FundChoice/SelfSelectFundsList/FundDetails/BVYV083/SelfSelectFund
4802,WS Sequel WS Sequel Balanced Target Return Strategy Fund Class B Accumulation,,https://www.direct.aviva.co.uk/wealth/FundChoice/SelfSelectFundsList/FundDetails/BBDRQW8/SelfSelectFund
4803,WS Sequel WS Sequel Cautious Target Return Strategy Fund Class B Accumulation,,https://www.direct.aviva.co.uk/wealth/FundChoice/SelfSelectFundsList/FundDetails/BBDRQK6/SelfSelectFund
4804,WS Sequel WS Sequel Growth Target Return Strategy Fund Class B Accumulation,,https://www.direct.aviva.co.uk/wealth/FundChoice/SelfSelectFundsList/FundDetails/BBDRR69/SelfSelectFund
4805,WS Sequel WS Sequel Real Assets Diversified Fund Retail Class Accumulation,,https://www.direct.aviva.co.uk/wealth/FundChoice/SelfSelectFundsList/FundDetails/B1DCMG9/SelfSelectFund
4806,WS Sequel WS Sequel Real Assets Diversified Fund Retail Class Income,,https://www.direct.aviva.co.uk/wealth/FundChoice/SelfSelectFundsList/FundDetails/BMNQP81/SelfSelectFund
4807,WS T. Bailey Global Thematic Equity A Accumulation,,https://www.direct.aviva.co.uk/wealth/FundChoice/SelfSelectFundsList/FundDetails/0934648/SelfSelectFund
4808,WS T. Bailey Multi-Asset Dynamic A Accumulation,,https://www.direct.aviva.co.uk/wealth/FundChoice/SelfSelectFundsList/FundDetails/B1LB2Z7/SelfSelectFund
4809,WS T. Bailey Multi-Asset Dynamic A Income,,https://www.direct.aviva.co.uk/wealth/FundChoice/SelfSelectFundsList/FundDetails/B1385S0/SelfSelectFund
4810,WS T. Bailey Multi-Asset Growth Class S Accumulation,,https://www.direct.aviva.co.uk/wealth/FundChoice/SelfSelectFundsList/FundDetails/BPR9ST9/SelfSelectFund
4811,WS T. Bailey Multi-Asset Growth Class S Income,,https://www.direct.aviva.co.uk/wealth/FundChoice/SelfSelectFundsList/FundDetails/BPR9SV1/SelfSelectFund
4812,WS T. Bailey UK Responsibly Invested Equity Class S Accumulation,,https://www.direct.aviva.co.uk/wealth/FundChoice/SelfSelectFundsList/FundDetails/BPRB1Q3/SelfSelectFund
4813,WS Zennor WS Zennor Japan Equity Income Class B Accumulation,,https://www.direct.aviva.co.uk/wealth/FundChoice/SelfSelectFundsList/FundDetails/BQRH599/SelfSelectFund
4814,WS Zennor WS Zennor Japan Equity Income Class B Income,,https://www.direct.aviva.co.uk/wealth/FundChoice/SelfSelectFundsList/FundDetails/BQRH5B1/SelfSelectFund
4815,Waverton Absolute Return Class P Income,,https://www.direct.aviva.co.uk/wealth/FundChoice/SelfSelectFundsList/FundDetails/BGCYWX8/SelfSelectFund
4816,Waverton European Capital Growth Class I Income,,https://www.direct.aviva.co.uk/wealth/FundChoice/SelfSelectFundsList/FundDetails/BF5KTH9/SelfSelectFund
4817,Waverton European Dividend Growth Class A Income,,https://www.direct.aviva.co.uk/wealth/FundChoice/SelfSelectFundsList/FundDetails/BF5KV51/SelfSelectFund
4818,Waverton European Dividend Growth Class F Income,,https://www.direct.aviva.co.uk/wealth/FundChoice/SelfSelectFundsList/FundDetails/BF5KVC8/SelfSelectFund
4819,Waverton Global Equity Class P Stg£ Income,,https://www.direct.aviva.co.uk/wealth/FundChoice/SelfSelectFundsList/FundDetails/BMC79Y9/SelfSelectFund
4820,Waverton Global Strategic Bond Class A Income,,https://www.direct.aviva.co.uk/wealth/FundChoice/SelfSelectFundsList/FundDetails/B4V3748/SelfSelectFund
4821,Waverton Multi-Asset Cautious Class P Acc Accumulation,,https://www.direct.aviva.co.uk/wealth/FundChoice/SelfSelectFundsList/FundDetails/BS82C29/SelfSelectFund
4822,Waverton Multi-Asset Defensive Class P Acc Accumulation,,https://www.direct.aviva.co.uk/wealth/FundChoice/SelfSelectFundsList/FundDetails/BS82C74/SelfSelectFund
4823,Waverton Multi-Asset Growth Class P Stg£ Accumulation,,https://www.direct.aviva.co.uk/wealth/FundChoice/SelfSelectFundsList/FundDetails/BMVHFV9/SelfSelectFund
4824,Waverton Multi-Asset Growth Class P Stg£ Income,,https://www.direct.aviva.co.uk/wealth/FundChoice/SelfSelectFundsList/FundDetails/BMVHFT7/SelfSelectFund
4825,Waverton Multi-Asset Income Class P Accumulation,,https://www.direct.aviva.co.uk/wealth/FundChoice/SelfSelectFundsList/FundDetails/BGYBYD1/SelfSelectFund
4826,Waverton Multi-Asset Income Class P Income,,https://www.direct.aviva.co.uk/wealth/FundChoice/SelfSelectFundsList/FundDetails/BQ1KPQ1/SelfSelectFund
4827,Waverton Real Assets Class P Income,,https://www.direct.aviva.co.uk/wealth/FundChoice/SelfSelectFundsList/FundDetails/BF5KV17/SelfSelectFund
4828,Waverton Sterling Bond Class P Income,,https://www.direct.aviva.co.uk/wealth/FundChoice/SelfSelectFundsList/FundDetails/BGQYPR9/SelfSelectFund
4829,Waverton Strategic Equity Fund Class P Income,,https://www.direct.aviva.co.uk/wealth/FundChoice/SelfSelectFundsList/FundDetails/BGQYPS0/SelfSelectFund
4830,Waystone IE Titan Core Credit Class A Accumulation,,https://www.direct.aviva.co.uk/wealth/FundChoice/SelfSelectFundsList/FundDetails/BRC24L1/SelfSelectFund
4831,Waystone IE Titan Core Credit Class B Income,,https://www.direct.aviva.co.uk/wealth/FundChoice/SelfSelectFundsList/FundDetails/BRC24M2/SelfSelectFund
4832,Waystone IE Titan Hybrid Capital Bond Fund Class A Accumulation,,https://www.direct.aviva.co.uk/wealth/FundChoice/SelfSelectFundsList/FundDetails/BZ6VKP6/SelfSelectFund
4833,Waystone IE Titan Hybrid Capital Bond Fund Class B Income,,https://www.direct.aviva.co.uk/wealth/FundChoice/SelfSelectFundsList/FundDetails/BZ6VKQ7/SelfSelectFund
4834,Waystone IE Titan Short Duration IG Income Class A Accumulation,,https://www.direct.aviva.co.uk/wealth/FundChoice/SelfSelectFundsList/FundDetails/BRC24S8/SelfSelectFund
4835,Waystone IE Titan Short Duration IG Income Class B Income,,https://www.direct.aviva.co.uk/wealth/FundChoice/SelfSelectFundsList/FundDetails/BRC24T9/SelfSelectFund
4836,Wellington Asia Technology Class N Unhedged Accumulation,,https://www.direct.aviva.co.uk/wealth/FundChoice/SelfSelectFundsList/FundDetails/BLD1TW1/SelfSelectFund
4837,Wellington Asian Opportunities Class N Unhedged Accumulation,,https://www.direct.aviva.co.uk/wealth/FundChoice/SelfSelectFundsList/FundDetails/BLD1V47/SelfSelectFund
4838,Wellington Durable Enterprises Class N Unhedged Accumulation,,https://www.direct.aviva.co.uk/wealth/FundChoice/SelfSelectFundsList/FundDetails/BJ570V9/SelfSelectFund
4839,Wellington Emerging Markets Research Equity Core Class N Unhedged Accumulation,,https://www.direct.aviva.co.uk/wealth/FundChoice/SelfSelectFundsList/FundDetails/BLD1VQ9/SelfSelectFund
4840,Wellington Enduring Assets Class N Unhedged Accumulation,,https://www.direct.aviva.co.uk/wealth/FundChoice/SelfSelectFundsList/FundDetails/BJ570W0/SelfSelectFund
4841,Wellington FinTech Class N Unhedged Accumulation,,https://www.direct.aviva.co.uk/wealth/FundChoice/SelfSelectFundsList/FundDetails/BGPBVB7/SelfSelectFund
4842,Wellington Focused European Equity Class N Unhedged Accumulation,,https://www.direct.aviva.co.uk/wealth/FundChoice/SelfSelectFundsList/FundDetails/BH480P3/SelfSelectFund
4843,Wellington Global Bond Class N Hedged Acc Accumulation,,https://www.direct.aviva.co.uk/wealth/FundChoice/SelfSelectFundsList/FundDetails/BH48796/SelfSelectFund
4844,Wellington Global Credit ESG Class N Hedged Accumulation,,https://www.direct.aviva.co.uk/wealth/FundChoice/SelfSelectFundsList/FundDetails/BH47QG3/SelfSelectFund
4845,Wellington Global Equity Income Class N Q2 Unhedged Accumulation,,https://www.direct.aviva.co.uk/wealth/FundChoice/SelfSelectFundsList/FundDetails/BP4TM23/SelfSelectFund
4846,Wellington Global Impact Bond Class N Hedged Accumulation,,https://www.direct.aviva.co.uk/wealth/FundChoice/SelfSelectFundsList/FundDetails/BJ321F7/SelfSelectFund
4847,Wellington Global Impact Class N Hedged Accumulation,,https://www.direct.aviva.co.uk/wealth/FundChoice/SelfSelectFundsList/FundDetails/BD6PGZ6/SelfSelectFund
4848,Wellington Global Impact Class N Unhedged Accumulation,,https://www.direct.aviva.co.uk/wealth/FundChoice/SelfSelectFundsList/FundDetails/BGPNQX0/SelfSelectFund
4849,Wellington Global Innovation Class N Unhedged Accumulation,,https://www.direct.aviva.co.uk/wealth/FundChoice/SelfSelectFundsList/FundDetails/BLD1W55/SelfSelectFund
4850,Wellington Global Quality Growth Class N Unhedged Accumulation,,https://www.direct.aviva.co.uk/wealth/FundChoice/SelfSelectFundsList/FundDetails/BLD1WM2/SelfSelectFund
4851,Wellington Global Quality Value Class N Unhedged Accumulation,,https://www.direct.aviva.co.uk/wealth/FundChoice/SelfSelectFundsList/FundDetails/BQS8VQ0/SelfSelectFund
4852,Wellington Global Stewards Class N Unhedged Accumulation,,https://www.direct.aviva.co.uk/wealth/FundChoice/SelfSelectFundsList/FundDetails/BJ09MR0/SelfSelectFund
4853,Wellington India Focus Equity Class N Unhedged Accumulation,,https://www.direct.aviva.co.uk/wealth/FundChoice/SelfSelectFundsList/FundDetails/BRJLWN9/SelfSelectFund
4854,Wellington Opportunistic Fixed Income Class N Hedged Accumulation,,https://www.direct.aviva.co.uk/wealth/FundChoice/SelfSelectFundsList/FundDetails/BH45FD7/SelfSelectFund
4855,Wellington US Research Equity Fund Class N Unhedged Accumulation,,https://www.direct.aviva.co.uk/wealth/FundChoice/SelfSelectFundsList/FundDetails/BMY8DF9/SelfSelectFund
4856,Wellington US Research Equity Fund Class N Unhedged Income,,https://www.direct.aviva.co.uk/wealth/FundChoice/SelfSelectFundsList/FundDetails/BMY8DC6/SelfSelectFund
4857,Wellington World Bond Class N Hedged Accumulation,,https://www.direct.aviva.co.uk/wealth/FundChoice/SelfSelectFundsList/FundDetails/BF2ZV82/SelfSelectFund
4858,WhiteOak Capital Ashoka WhiteOak Emerging Markets Equity Fund Class A GBP Accumulation,,https://www.direct.aviva.co.uk/wealth/FundChoice/SelfSelectFundsList/FundDetails/BNDY753/SelfSelectFund
4859,WhiteOak Capital Ashoka WhiteOak Emerging Markets Equity Fund Class D GBP Accumulation,,https://www.direct.aviva.co.uk/wealth/FundChoice/SelfSelectFundsList/FundDetails/BNNJM08/SelfSelectFund
4860,WhiteOak Capital Ashoka WhiteOak India Opportunities Fund Class D GBP Accumulation,,https://www.direct.aviva.co.uk/wealth/FundChoice/SelfSelectFundsList/FundDetails/BHPGG47/SelfSelectFund
4861,Winton Capital Management Multi-Strategy Fund UCITS Class I Income,,https://www.direct.aviva.co.uk/wealth/FundChoice/SelfSelectFundsList/FundDetails/BYWTYY4/SelfSelectFund
4862,Winton Capital Management Winton Trend Enhanced Global Equity Class I (Hedged) Accumulation,,https://www.direct.aviva.co.uk/wealth/FundChoice/SelfSelectFundsList/FundDetails/BPJK964/SelfSelectFund
4863,Winton Capital Management Winton Trend Enhanced Global Equity Class I (UnHedged) Accumulation,,https://www.direct.aviva.co.uk/wealth/FundChoice/SelfSelectFundsList/FundDetails/BPJK9Q4/SelfSelectFund
4864,Winton Capital Management Winton Trend Fund (UCITS) Class I Accumulation,,https://www.direct.aviva.co.uk/wealth/FundChoice/SelfSelectFundsList/FundDetails/BG382Q2/SelfSelectFund
4865,Wise Funds Limited IFSL Wise Multi-Asset Growth Class B Accumulation,,https://www.direct.aviva.co.uk/wealth/FundChoice/SelfSelectFundsList/FundDetails/3427253/SelfSelectFund
4866,Wise Funds Limited IFSL Wise Multi-Asset Income Class B Accumulation,,https://www.direct.aviva.co.uk/wealth/FundChoice/SelfSelectFundsList/FundDetails/B0LJ1M4/SelfSelectFund
4867,Wise Funds Limited IFSL Wise Multi-Asset Income Class B Income,,https://www.direct.aviva.co.uk/wealth/FundChoice/SelfSelectFundsList/FundDetails/B0LJ016/SelfSelectFund
4868,Yealand Fund Services Limited Electric & General Investment Fund Class A Accumulation Accumulation,,https://www.direct.aviva.co.uk/wealth/FundChoice/SelfSelectFundsList/FundDetails/BKTPGL8/SelfSelectFund
4869,Yealand Fund Services Limited Electric & General Investment Fund Class A Income Income,,https://www.direct.aviva.co.uk/wealth/FundChoice/SelfSelectFundsList/FundDetails/B52CBS3/SelfSelectFund
4870,Yealand Fund Services Limited Whitman UK Small Cap Growth Class B Accumulation,,https://www.direct.aviva.co.uk/wealth/FundChoice/SelfSelectFundsList/FundDetails/BMTM505/SelfSelectFund
4871,Yealand Fund Services Limited YFS Argonaut Absolute Return Class R Accumulation,,https://www.direct.aviva.co.uk/wealth/FundChoice/SelfSelectFundsList/FundDetails/B7FT1K7/SelfSelectFund
4872,Yealand Fund Services Limited YFS Argonaut Flexible A Class Accumulation,,https://www.direct.aviva.co.uk/wealth/FundChoice/SelfSelectFundsList/FundDetails/BTCLCP2/SelfSelectFund
4873,Yealand Fund Services Limited YFS Argonaut Flexible A Class Income,,https://www.direct.aviva.co.uk/wealth/FundChoice/SelfSelectFundsList/FundDetails/BTCLCQ3/SelfSelectFund
4874,Yealand Fund Services Limited YFS Argonaut Flexible I Class Accumulation,,https://www.direct.aviva.co.uk/wealth/FundChoice/SelfSelectFundsList/FundDetails/BTCLCR4/SelfSelectFund
4875,Yealand Fund Services Limited YFS Argonaut Flexible I Class Income,,https://www.direct.aviva.co.uk/wealth/FundChoice/SelfSelectFundsList/FundDetails/BTCLCS5/SelfSelectFund
4876,Yealand Fund Services Limited YFS Charteris Gold & Precious Metals Fund Class I Accumulation,,https://www.direct.aviva.co.uk/wealth/FundChoice/SelfSelectFundsList/FundDetails/BYQ2JY4/SelfSelectFund
4877,Yealand Fund Services Limited YFS Charteris Gold & Precious Metals Fund Class I Income,,https://www.direct.aviva.co.uk/wealth/FundChoice/SelfSelectFundsList/FundDetails/BYQ2JZ5/SelfSelectFund
4878,Yealand Fund Services Limited YFS Collidr Multi-Asset Fund Institutional Accumulation,,https://www.direct.aviva.co.uk/wealth/FundChoice/SelfSelectFundsList/FundDetails/BGLNHC0/SelfSelectFund
4879,Yealand Fund Services Limited YFS Collidr Multi-Asset Fund Institutional Income,,https://www.direct.aviva.co.uk/wealth/FundChoice/SelfSelectFundsList/FundDetails/BNNH2Q8/SelfSelectFund
4880,Yealand Fund Services Limited YFS Hathaway Fund Accumulation,,https://www.direct.aviva.co.uk/wealth/FundChoice/SelfSelectFundsList/FundDetails/3239544/SelfSelectFund
4881,Yealand Fund Services Limited YFS Hathaway Fund Income,,https://www.direct.aviva.co.uk/wealth/FundChoice/SelfSelectFundsList/FundDetails/3239533/SelfSelectFund
4882,Yealand Fund Services Limited YFS Sterling Select Companies Fund Accumulation,,https://www.direct.aviva.co.uk/wealth/FundChoice/SelfSelectFundsList/FundDetails/0270892/SelfSelectFund
4883,Yealand Fund Services Limited YFS Sterling Select Companies Fund Income,,https://www.direct.aviva.co.uk/wealth/FundChoice/SelfSelectFundsList/FundDetails/0270870/SelfSelectFund
4884,Zeus SVS Zeus Dynamic Opportunities Institutional Class A Accumulation,,https://www.direct.aviva.co.uk/wealth/FundChoice/SelfSelectFundsList/FundDetails/BQFNHL5/SelfSelectFund
4885,abrdn OEIC abrdn AAA Bond Class I Accumulation,,https://www.direct.aviva.co.uk/wealth/FundChoice/SelfSelectFundsList/FundDetails/0657343/SelfSelectFund
4886,abrdn OEIC abrdn AAA Bond Class I Income,,https://www.direct.aviva.co.uk/wealth/FundChoice/SelfSelectFundsList/FundDetails/0658454/SelfSelectFund
4887,abrdn OEIC abrdn American Equity Class I Accumulation,,https://www.direct.aviva.co.uk/wealth/FundChoice/SelfSelectFundsList/FundDetails/B0XWN25/SelfSelectFund
4888,abrdn OEIC abrdn American Equity Enhanced Index Class B Accumulation,,https://www.direct.aviva.co.uk/wealth/FundChoice/SelfSelectFundsList/FundDetails/BRJL819/SelfSelectFund
4889,abrdn OEIC abrdn American Equity Tracker Class B Accumulation,,https://www.direct.aviva.co.uk/wealth/FundChoice/SelfSelectFundsList/FundDetails/BGMK117/SelfSelectFund
4890,abrdn OEIC abrdn Asia Pacific Equity Class A Accumulation,,https://www.direct.aviva.co.uk/wealth/FundChoice/SelfSelectFundsList/FundDetails/B0XWNF8/SelfSelectFund
4891,abrdn OEIC abrdn Asia Pacific Equity Class I Accumulation,,https://www.direct.aviva.co.uk/wealth/FundChoice/SelfSelectFundsList/FundDetails/B0XWNG9/SelfSelectFund
4892,abrdn OEIC abrdn Asia Pacific Equity Class I Income,,https://www.direct.aviva.co.uk/wealth/FundChoice/SelfSelectFundsList/FundDetails/B88N705/SelfSelectFund
4893,abrdn OEIC abrdn Asia Pacific Equity Enhanced Index Class B Accumulation,,https://www.direct.aviva.co.uk/wealth/FundChoice/SelfSelectFundsList/FundDetails/BRJL7V2/SelfSelectFund
4894,abrdn OEIC abrdn Asia Pacific ex-Japan Equity Tracker Class B Accumulation,,https://www.direct.aviva.co.uk/wealth/FundChoice/SelfSelectFundsList/FundDetails/BKBD2D4/SelfSelectFund
4895,abrdn OEIC abrdn Diversified Growth and Income Class I Accumulation,,https://www.direct.aviva.co.uk/wealth/FundChoice/SelfSelectFundsList/FundDetails/B1C4277/SelfSelectFund
4896,abrdn OEIC abrdn Diversified Growth and Income Class I Income,,https://www.direct.aviva.co.uk/wealth/FundChoice/SelfSelectFundsList/FundDetails/B1C4288/SelfSelectFund
4897,abrdn OEIC abrdn Dynamic Distribution Institutional Accumulation,,https://www.direct.aviva.co.uk/wealth/FundChoice/SelfSelectFundsList/FundDetails/B0WS7N3/SelfSelectFund
4898,abrdn OEIC abrdn Dynamic Distribution Institutional Income,,https://www.direct.aviva.co.uk/wealth/FundChoice/SelfSelectFundsList/FundDetails/B0WS8K7/SelfSelectFund
4899,abrdn OEIC abrdn Emerging Markets Equity Class I Accumulation,,https://www.direct.aviva.co.uk/wealth/FundChoice/SelfSelectFundsList/FundDetails/3322756/SelfSelectFund
4900,abrdn OEIC abrdn Emerging Markets Equity Enhanced Index Class B Accumulation,,https://www.direct.aviva.co.uk/wealth/FundChoice/SelfSelectFundsList/FundDetails/3330975/SelfSelectFund
4901,abrdn OEIC abrdn Emerging Markets Income Equity Class I Accumulation,,https://www.direct.aviva.co.uk/wealth/FundChoice/SelfSelectFundsList/FundDetails/B82VD29/SelfSelectFund
4902,abrdn OEIC abrdn Emerging Markets Income Equity Class I Income,,https://www.direct.aviva.co.uk/wealth/FundChoice/SelfSelectFundsList/FundDetails/B7VX3J6/SelfSelectFund
4903,abrdn OEIC abrdn Emerging Markets Local Currency Bond Tracker Class B Accumulation,,https://www.direct.aviva.co.uk/wealth/FundChoice/SelfSelectFundsList/FundDetails/BG08MT8/SelfSelectFund
4904,abrdn OEIC abrdn Ethical Corporate Bond Class I Accumulation,,https://www.direct.aviva.co.uk/wealth/FundChoice/SelfSelectFundsList/FundDetails/B0LNNK8/SelfSelectFund
4905,abrdn OEIC abrdn Ethical Corporate Bond Class I Income,,https://www.direct.aviva.co.uk/wealth/FundChoice/SelfSelectFundsList/FundDetails/B0LNNL9/SelfSelectFund
4906,abrdn OEIC abrdn Europe Ex UK Equity Class I Accumulation,,https://www.direct.aviva.co.uk/wealth/FundChoice/SelfSelectFundsList/FundDetails/B0LG6P3/SelfSelectFund
4907,abrdn OEIC abrdn Europe ex UK Ethical Equity Class I Accumulation,,https://www.direct.aviva.co.uk/wealth/FundChoice/SelfSelectFundsList/FundDetails/B1ZB0P9/SelfSelectFund
4908,abrdn OEIC abrdn Europe ex UK Income Equity Class I Accumulation,,https://www.direct.aviva.co.uk/wealth/FundChoice/SelfSelectFundsList/FundDetails/B3L7SB7/SelfSelectFund
4909,abrdn OEIC abrdn Europe ex UK Income Equity Class I Income,,https://www.direct.aviva.co.uk/wealth/FundChoice/SelfSelectFundsList/FundDetails/B3L7S95/SelfSelectFund
4910,abrdn OEIC abrdn European Equity Enhanced Index Class B Accumulation,,https://www.direct.aviva.co.uk/wealth/FundChoice/SelfSelectFundsList/FundDetails/BRJL7X4/SelfSelectFund
4911,abrdn OEIC abrdn European Real estate Share Class I Accumulation,,https://www.direct.aviva.co.uk/wealth/FundChoice/SelfSelectFundsList/FundDetails/BWK2690/SelfSelectFund
4912,abrdn OEIC abrdn European Real estate Share Class I Income,,https://www.direct.aviva.co.uk/wealth/FundChoice/SelfSelectFundsList/FundDetails/BWK2689/SelfSelectFund
4913,abrdn OEIC abrdn European Smaller Companies Fund Class I Accumulation,,https://www.direct.aviva.co.uk/wealth/FundChoice/SelfSelectFundsList/FundDetails/B0XWN58/SelfSelectFund
4914,abrdn OEIC abrdn Global Balanced Growth Class I Accumulation,,https://www.direct.aviva.co.uk/wealth/FundChoice/SelfSelectFundsList/FundDetails/0433167/SelfSelectFund
4915,abrdn OEIC abrdn Global Balanced Growth Class I Income,,https://www.direct.aviva.co.uk/wealth/FundChoice/SelfSelectFundsList/FundDetails/0433156/SelfSelectFund
4916,abrdn OEIC abrdn Global Corporate Bond Screened Tracker Fund Class B Accumulation,,https://www.direct.aviva.co.uk/wealth/FundChoice/SelfSelectFundsList/FundDetails/BF47302/SelfSelectFund
4917,abrdn OEIC abrdn Global Corporate Bond Screened Tracker Fund Class B Income,,https://www.direct.aviva.co.uk/wealth/FundChoice/SelfSelectFundsList/FundDetails/BF47313/SelfSelectFund
4918,abrdn OEIC abrdn Global Equity Class I Accumulation,,https://www.direct.aviva.co.uk/wealth/FundChoice/SelfSelectFundsList/FundDetails/3168273/SelfSelectFund
4919,abrdn OEIC abrdn Global Equity Class I Income,,https://www.direct.aviva.co.uk/wealth/FundChoice/SelfSelectFundsList/FundDetails/B83WC46/SelfSelectFund
4920,abrdn OEIC abrdn Global Government Bond Tracker Class B Accumulation,,https://www.direct.aviva.co.uk/wealth/FundChoice/SelfSelectFundsList/FundDetails/BK80KQ7/SelfSelectFund
4921,abrdn OEIC abrdn Global Inflation-Linked Bond Class I Accumulation,,https://www.direct.aviva.co.uk/wealth/FundChoice/SelfSelectFundsList/FundDetails/B00ZJP2/SelfSelectFund
4922,abrdn OEIC abrdn Global Inflation-Linked Bond Class I Income,,https://www.direct.aviva.co.uk/wealth/FundChoice/SelfSelectFundsList/FundDetails/B00ZJX0/SelfSelectFund
4923,abrdn OEIC abrdn Global Inflation-Linked Bond Tracker Class B Accumulation,,https://www.direct.aviva.co.uk/wealth/FundChoice/SelfSelectFundsList/FundDetails/BG08N17/SelfSelectFund
4924,abrdn OEIC abrdn Global Infrastructure Equity Fund Class B Accumulation,,https://www.direct.aviva.co.uk/wealth/FundChoice/SelfSelectFundsList/FundDetails/BRCFRL1/SelfSelectFund
4925,abrdn OEIC abrdn Global Infrastructure Equity Fund Class I Accumulation,,https://www.direct.aviva.co.uk/wealth/FundChoice/SelfSelectFundsList/FundDetails/B779VF0/SelfSelectFund
4926,abrdn OEIC abrdn Global Infrastructure Equity Fund Class I Income,,https://www.direct.aviva.co.uk/wealth/FundChoice/SelfSelectFundsList/FundDetails/B74TZJ5/SelfSelectFund
4927,abrdn OEIC abrdn Global Real Estate Fund Class I Accumulation,,https://www.direct.aviva.co.uk/wealth/FundChoice/SelfSelectFundsList/FundDetails/B0LD3X1/SelfSelectFund
4928,abrdn OEIC abrdn Global Real Estate Fund Class I Income,,https://www.direct.aviva.co.uk/wealth/FundChoice/SelfSelectFundsList/FundDetails/B0LD3Y2/SelfSelectFund
4929,abrdn OEIC abrdn Global Smaller Companies Class I Accumulation,,https://www.direct.aviva.co.uk/wealth/FundChoice/SelfSelectFundsList/FundDetails/B777SP3/SelfSelectFund
4930,abrdn OEIC abrdn Global Sustainable and Responsible Investment Equity Class I Accumulation,,https://www.direct.aviva.co.uk/wealth/FundChoice/SelfSelectFundsList/FundDetails/0683393/SelfSelectFund
4931,abrdn OEIC abrdn Global Sustainable and Responsible Investment Equity Class I Income,,https://www.direct.aviva.co.uk/wealth/FundChoice/SelfSelectFundsList/FundDetails/0683382/SelfSelectFund
4932,abrdn OEIC abrdn High Yield Bond Class I Accumulation,,https://www.direct.aviva.co.uk/wealth/FundChoice/SelfSelectFundsList/FundDetails/0093624/SelfSelectFund
4933,abrdn OEIC abrdn High Yield Bond Class I Income,,https://www.direct.aviva.co.uk/wealth/FundChoice/SelfSelectFundsList/FundDetails/0093981/SelfSelectFund
4934,abrdn OEIC abrdn Japan Equity Enhanced Index Class B Accumulation,,https://www.direct.aviva.co.uk/wealth/FundChoice/SelfSelectFundsList/FundDetails/BRJL831/SelfSelectFund
4935,abrdn OEIC abrdn Japanese Equity Class I Accumulation,,https://www.direct.aviva.co.uk/wealth/FundChoice/SelfSelectFundsList/FundDetails/0452173/SelfSelectFund
4936,abrdn OEIC abrdn Latin American Equity Class I Accumulation,,https://www.direct.aviva.co.uk/wealth/FundChoice/SelfSelectFundsList/FundDetails/B4R0SD9/SelfSelectFund
4937,abrdn OEIC abrdn MyFolio Core I Class I Accumulation,,https://www.direct.aviva.co.uk/wealth/FundChoice/SelfSelectFundsList/FundDetails/B51ZXG5/SelfSelectFund
4938,abrdn OEIC abrdn MyFolio Core I Class I Income,,https://www.direct.aviva.co.uk/wealth/FundChoice/SelfSelectFundsList/FundDetails/BHZCR64/SelfSelectFund
4939,abrdn OEIC abrdn MyFolio Core II Class I Accumulation,,https://www.direct.aviva.co.uk/wealth/FundChoice/SelfSelectFundsList/FundDetails/B519BS5/SelfSelectFund
4940,abrdn OEIC abrdn MyFolio Core II Class I Income,,https://www.direct.aviva.co.uk/wealth/FundChoice/SelfSelectFundsList/FundDetails/BHZCRC0/SelfSelectFund
4941,abrdn OEIC abrdn MyFolio Core III Class I Accumulation,,https://www.direct.aviva.co.uk/wealth/FundChoice/SelfSelectFundsList/FundDetails/B53X7B0/SelfSelectFund
4942,abrdn OEIC abrdn MyFolio Core III Class I Income,,https://www.direct.aviva.co.uk/wealth/FundChoice/SelfSelectFundsList/FundDetails/BHZCRH5/SelfSelectFund
4943,abrdn OEIC abrdn MyFolio Core IV Class I Accumulation,,https://www.direct.aviva.co.uk/wealth/FundChoice/SelfSelectFundsList/FundDetails/B4XVS36/SelfSelectFund
4944,abrdn OEIC abrdn MyFolio Core IV Class I Income,,https://www.direct.aviva.co.uk/wealth/FundChoice/SelfSelectFundsList/FundDetails/BHZCRM0/SelfSelectFund
4945,abrdn OEIC abrdn MyFolio Core V Class I Accumulation,,https://www.direct.aviva.co.uk/wealth/FundChoice/SelfSelectFundsList/FundDetails/B545DL7/SelfSelectFund
4946,abrdn OEIC abrdn MyFolio Core V Class I Income,,https://www.direct.aviva.co.uk/wealth/FundChoice/SelfSelectFundsList/FundDetails/BHZCRR5/SelfSelectFund
4947,abrdn OEIC abrdn MyFolio Enhanced ESG I Institutional Class B Accumulation,,https://www.direct.aviva.co.uk/wealth/FundChoice/SelfSelectFundsList/FundDetails/BN4R5R9/SelfSelectFund
4948,abrdn OEIC abrdn MyFolio Enhanced ESG II Institutional Class B Accumulation,,https://www.direct.aviva.co.uk/wealth/FundChoice/SelfSelectFundsList/FundDetails/BN4R609/SelfSelectFund
4949,abrdn OEIC abrdn MyFolio Enhanced ESG III Institutional Class B Accumulation,,https://www.direct.aviva.co.uk/wealth/FundChoice/SelfSelectFundsList/FundDetails/BN4R621/SelfSelectFund
4950,abrdn OEIC abrdn MyFolio Enhanced ESG Index I Class B Fixed Accumulation,,https://www.direct.aviva.co.uk/wealth/FundChoice/SelfSelectFundsList/FundDetails/BMXNWN6/SelfSelectFund
4951,abrdn OEIC abrdn MyFolio Enhanced ESG Index II Class B Fixed Accumulation,,https://www.direct.aviva.co.uk/wealth/FundChoice/SelfSelectFundsList/FundDetails/BMXNWQ9/SelfSelectFund
4952,abrdn OEIC abrdn MyFolio Enhanced ESG Index III Class B Fixed Accumulation,,https://www.direct.aviva.co.uk/wealth/FundChoice/SelfSelectFundsList/FundDetails/BMXNWS1/SelfSelectFund
4953,abrdn OEIC abrdn MyFolio Enhanced ESG Index IV Class B Fixed Accumulation,,https://www.direct.aviva.co.uk/wealth/FundChoice/SelfSelectFundsList/FundDetails/BMXNWF8/SelfSelectFund
4954,abrdn OEIC abrdn MyFolio Enhanced ESG V Class B Fixed Accumulation,,https://www.direct.aviva.co.uk/wealth/FundChoice/SelfSelectFundsList/FundDetails/BN4R665/SelfSelectFund
4955,abrdn OEIC abrdn MyFolio Enhanced ESG V Class B Fixed Income,,https://www.direct.aviva.co.uk/wealth/FundChoice/SelfSelectFundsList/FundDetails/BPBR9L8/SelfSelectFund
4956,abrdn OEIC abrdn MyFolio Index I Class B Fixed Accumulation,,https://www.direct.aviva.co.uk/wealth/FundChoice/SelfSelectFundsList/FundDetails/BHZCQK1/SelfSelectFund
4957,abrdn OEIC abrdn MyFolio Index II Class B Fixed Accumulation,,https://www.direct.aviva.co.uk/wealth/FundChoice/SelfSelectFundsList/FundDetails/BHZCQP6/SelfSelectFund
4958,abrdn OEIC abrdn MyFolio Index III Class B Fixed Accumulation,,https://www.direct.aviva.co.uk/wealth/FundChoice/SelfSelectFundsList/FundDetails/BHZCQT0/SelfSelectFund
4959,abrdn OEIC abrdn MyFolio Index IV Class B Fixed Accumulation,,https://www.direct.aviva.co.uk/wealth/FundChoice/SelfSelectFundsList/FundDetails/BHZCQY5/SelfSelectFund
4960,abrdn OEIC abrdn MyFolio Index V Class B Fixed Accumulation,,https://www.direct.aviva.co.uk/wealth/FundChoice/SelfSelectFundsList/FundDetails/BHZCR20/SelfSelectFund
4961,abrdn OEIC abrdn MyFolio Multi-Manager I Class I Accumulation,,https://www.direct.aviva.co.uk/wealth/FundChoice/SelfSelectFundsList/FundDetails/B5401V8/SelfSelectFund
4962,abrdn OEIC abrdn MyFolio Multi-Manager I Class I Income,,https://www.direct.aviva.co.uk/wealth/FundChoice/SelfSelectFundsList/FundDetails/BHZCRW0/SelfSelectFund
4963,abrdn OEIC abrdn MyFolio Multi-Manager II Class I Accumulation,,https://www.direct.aviva.co.uk/wealth/FundChoice/SelfSelectFundsList/FundDetails/B55L0T1/SelfSelectFund
4964,abrdn OEIC abrdn MyFolio Multi-Manager III Class I Accumulation,,https://www.direct.aviva.co.uk/wealth/FundChoice/SelfSelectFundsList/FundDetails/B54Z1X5/SelfSelectFund
4965,abrdn OEIC abrdn MyFolio Multi-Manager III Inst. Income,,https://www.direct.aviva.co.uk/wealth/FundChoice/SelfSelectFundsList/FundDetails/BPJLRL8/SelfSelectFund
4966,abrdn OEIC abrdn MyFolio Multi-Manager IV Class I Accumulation,,https://www.direct.aviva.co.uk/wealth/FundChoice/SelfSelectFundsList/FundDetails/B4WCRZ5/SelfSelectFund
4967,abrdn OEIC abrdn MyFolio Multi-Manager V Class I Accumulation,,https://www.direct.aviva.co.uk/wealth/FundChoice/SelfSelectFundsList/FundDetails/B52YK93/SelfSelectFund
4968,abrdn OEIC abrdn MyFolio Multi-Manager V Class I Income,,https://www.direct.aviva.co.uk/wealth/FundChoice/SelfSelectFundsList/FundDetails/BHZCS05/SelfSelectFund
4969,abrdn OEIC abrdn MyFolio Sustainable IV Institutional Class B Accumulation,,https://www.direct.aviva.co.uk/wealth/FundChoice/SelfSelectFundsList/FundDetails/BN4R643/SelfSelectFund
4970,abrdn OEIC abrdn MyFolio Sustainable Index V Class B Fixed Accumulation,,https://www.direct.aviva.co.uk/wealth/FundChoice/SelfSelectFundsList/FundDetails/BMXNWV4/SelfSelectFund
4971,abrdn OEIC abrdn North American Small & Mid-Cap Equity Fund Class I Accumulation,,https://www.direct.aviva.co.uk/wealth/FundChoice/SelfSelectFundsList/FundDetails/0448309/SelfSelectFund
4972,abrdn OEIC abrdn Short Dated Corporate Bond Class I Accumulation,,https://www.direct.aviva.co.uk/wealth/FundChoice/SelfSelectFundsList/FundDetails/BZCGBQ3/SelfSelectFund
4973,abrdn OEIC abrdn Short Dated Corporate Bond Class I Income,,https://www.direct.aviva.co.uk/wealth/FundChoice/SelfSelectFundsList/FundDetails/BZCGBR4/SelfSelectFund
4974,abrdn OEIC abrdn Short Dated Global Corporate Bond Tracker Class B Accumulation,,https://www.direct.aviva.co.uk/wealth/FundChoice/SelfSelectFundsList/FundDetails/BG08N39/SelfSelectFund
4975,abrdn OEIC abrdn Short Dated Global Inflation-Linked Bond Tracker Class B Accumulation,,https://www.direct.aviva.co.uk/wealth/FundChoice/SelfSelectFundsList/FundDetails/BGMK173/SelfSelectFund
4976,abrdn OEIC abrdn Short Dated Sterling Corporate Bond Tracker Class B Accumulation,,https://www.direct.aviva.co.uk/wealth/FundChoice/SelfSelectFundsList/FundDetails/BGMK195/SelfSelectFund
4977,abrdn OEIC abrdn Short Duration Global Inflation-Linked Bond Class I Accumulation,,https://www.direct.aviva.co.uk/wealth/FundChoice/SelfSelectFundsList/FundDetails/BP25R51/SelfSelectFund
4978,abrdn OEIC abrdn Sterling Corporate Bond Class I Accumulation,,https://www.direct.aviva.co.uk/wealth/FundChoice/SelfSelectFundsList/FundDetails/BYMMJL5/SelfSelectFund
4979,abrdn OEIC abrdn Sterling Corporate Bond Class I Income,,https://www.direct.aviva.co.uk/wealth/FundChoice/SelfSelectFundsList/FundDetails/BYMMK89/SelfSelectFund
4980,abrdn OEIC abrdn Sterling Inflation-Linked Bond Class I Accumulation,,https://www.direct.aviva.co.uk/wealth/FundChoice/SelfSelectFundsList/FundDetails/BWK2753/SelfSelectFund
4981,abrdn OEIC abrdn Sterling Inflation-Linked Bond Class I Income,,https://www.direct.aviva.co.uk/wealth/FundChoice/SelfSelectFundsList/FundDetails/BWK2764/SelfSelectFund
4982,abrdn OEIC abrdn Sterling Money Market Class I Accumulation,,https://www.direct.aviva.co.uk/wealth/FundChoice/SelfSelectFundsList/FundDetails/B1C4233/SelfSelectFund
4983,abrdn OEIC abrdn Sterling Money Market Class I Income,,https://www.direct.aviva.co.uk/wealth/FundChoice/SelfSelectFundsList/FundDetails/B1C4244/SelfSelectFund
4984,abrdn OEIC abrdn Sterling Short Term Government Bond Class I Accumulation,,https://www.direct.aviva.co.uk/wealth/FundChoice/SelfSelectFundsList/FundDetails/BWK25K4/SelfSelectFund
4985,abrdn OEIC abrdn Sterling Short Term Government Bond Class I Income,,https://www.direct.aviva.co.uk/wealth/FundChoice/SelfSelectFundsList/FundDetails/BWK25L5/SelfSelectFund
4986,abrdn OEIC abrdn Strategic Bond Class I Accumulation,,https://www.direct.aviva.co.uk/wealth/FundChoice/SelfSelectFundsList/FundDetails/BWK27Z3/SelfSelectFund
4987,abrdn OEIC abrdn Strategic Bond Class I Income,,https://www.direct.aviva.co.uk/wealth/FundChoice/SelfSelectFundsList/FundDetails/BWK2805/SelfSelectFund
4988,abrdn OEIC abrdn Strategic Bond Gross I Accumulation,,https://www.direct.aviva.co.uk/wealth/FundChoice/SelfSelectFundsList/FundDetails/BWK2816/SelfSelectFund
4989,abrdn OEIC abrdn Strategic Bond Gross I Income,,https://www.direct.aviva.co.uk/wealth/FundChoice/SelfSelectFundsList/FundDetails/BWK2827/SelfSelectFund
4990,abrdn OEIC abrdn UK All Share Tracker Class B Accumulation,,https://www.direct.aviva.co.uk/wealth/FundChoice/SelfSelectFundsList/FundDetails/B76B9Y2/SelfSelectFund
4991,abrdn OEIC abrdn UK All Share Tracker Class B Income,,https://www.direct.aviva.co.uk/wealth/FundChoice/SelfSelectFundsList/FundDetails/B6VGS37/SelfSelectFund
4992,abrdn OEIC abrdn UK Equity Enhanced Index Class B Accumulation,,https://www.direct.aviva.co.uk/wealth/FundChoice/SelfSelectFundsList/FundDetails/BRJL853/SelfSelectFund
4993,abrdn OEIC abrdn UK Ethical Equity Class I Accumulation,,https://www.direct.aviva.co.uk/wealth/FundChoice/SelfSelectFundsList/FundDetails/0433305/SelfSelectFund
4994,abrdn OEIC abrdn UK Ethical Equity Class I Income,,https://www.direct.aviva.co.uk/wealth/FundChoice/SelfSelectFundsList/FundDetails/BVFNS51/SelfSelectFund
4995,abrdn OEIC abrdn UK Government Bond Class I Accumulation,,https://www.direct.aviva.co.uk/wealth/FundChoice/SelfSelectFundsList/FundDetails/0433338/SelfSelectFund
4996,abrdn OEIC abrdn UK Government Bond Class I Income,,https://www.direct.aviva.co.uk/wealth/FundChoice/SelfSelectFundsList/FundDetails/0433316/SelfSelectFund
4997,abrdn OEIC abrdn UK Income Equity Class I Accumulation,,https://www.direct.aviva.co.uk/wealth/FundChoice/SelfSelectFundsList/FundDetails/B0XWN92/SelfSelectFund
4998,abrdn OEIC abrdn UK Income Equity Class I Income,,https://www.direct.aviva.co.uk/wealth/FundChoice/SelfSelectFundsList/FundDetails/B0XWNB4/SelfSelectFund
4999,abrdn OEIC abrdn UK Mid Cap Equity Class I Accumulation,,https://www.direct.aviva.co.uk/wealth/FundChoice/SelfSelectFundsList/FundDetails/B0XWNT2/SelfSelectFund
5000,abrdn OEIC abrdn UK Mid Cap Equity Class I Income,,https://www.direct.aviva.co.uk/wealth/FundChoice/SelfSelectFundsList/FundDetails/B0XWNS1/SelfSelectFund
5001,abrdn OEIC abrdn UK Real Estate Feeder Fund Class I Accumulation,,https://www.direct.aviva.co.uk/wealth/FundChoice/SelfSelectFundsList/FundDetails/BYPHPB9/SelfSelectFund
5002,abrdn OEIC abrdn UK Real Estate Feeder Fund Institutional Income,,https://www.direct.aviva.co.uk/wealth/FundChoice/SelfSelectFundsList/FundDetails/BP8YY39/SelfSelectFund
5003,abrdn OEIC abrdn UK Real Estate Fund Institutional Accumulation,,https://www.direct.aviva.co.uk/wealth/FundChoice/SelfSelectFundsList/FundDetails/BJZ2TG2/SelfSelectFund
5004,abrdn OEIC abrdn UK Real Estate Fund Institutional Income,,https://www.direct.aviva.co.uk/wealth/FundChoice/SelfSelectFundsList/FundDetails/BJZ2V33/SelfSelectFund
5005,abrdn OEIC abrdn UK Real Estate Share Class I Accumulation,,https://www.direct.aviva.co.uk/wealth/FundChoice/SelfSelectFundsList/FundDetails/B0XWNN6/SelfSelectFund
5006,abrdn OEIC abrdn UK Smaller Companies Class I Accumulation,,https://www.direct.aviva.co.uk/wealth/FundChoice/SelfSelectFundsList/FundDetails/0433349/SelfSelectFund
5007,abrdn OEIC abrdn UK Sustainable Equity Class I Accumulation,,https://www.direct.aviva.co.uk/wealth/FundChoice/SelfSelectFundsList/FundDetails/B131GD1/SelfSelectFund
5008,abrdn OEIC abrdn UK Sustainable Equity Class I Income,,https://www.direct.aviva.co.uk/wealth/FundChoice/SelfSelectFundsList/FundDetails/B131GH5/SelfSelectFund
5009,abrdn OEIC abrdn UK Value Equity Class I Accumulation,,https://www.direct.aviva.co.uk/wealth/FundChoice/SelfSelectFundsList/FundDetails/B0LD3C0/SelfSelectFund
5010,abrdn OEIC abrdn World Equity Enhanced Index Class B Accumulation,,https://www.direct.aviva.co.uk/wealth/FundChoice/SelfSelectFundsList/FundDetails/BRJL7Z6/SelfSelectFund
5011,abrdn SICAV All China Sustainable Equity Class X Accumulation,,https://www.direct.aviva.co.uk/wealth/FundChoice/SelfSelectFundsList/FundDetails/B7VZVD2/SelfSelectFund
5012,abrdn SICAV Asia Pacific Sustainable Equity Class X Accumulation,,https://www.direct.aviva.co.uk/wealth/FundChoice/SelfSelectFundsList/FundDetails/B7M3B91/SelfSelectFund
5013,abrdn SICAV Asian Smaller Companies Class X Accumulation,,https://www.direct.aviva.co.uk/wealth/FundChoice/SelfSelectFundsList/FundDetails/B8GQ580/SelfSelectFund
5014,abrdn SICAV Climate Transition Bond Class X Accumulation,,https://www.direct.aviva.co.uk/wealth/FundChoice/SelfSelectFundsList/FundDetails/BMCDYR5/SelfSelectFund
5015,abrdn SICAV Emerging Markets Bond Class X Accumulation,,https://www.direct.aviva.co.uk/wealth/FundChoice/SelfSelectFundsList/FundDetails/BXNTCH5/SelfSelectFund
5016,abrdn SICAV Emerging Markets Corporate Bond Class I M Hedged Income,,https://www.direct.aviva.co.uk/wealth/FundChoice/SelfSelectFundsList/FundDetails/BDZZJP8/SelfSelectFund
5017,abrdn SICAV Emerging Markets Corporate Bond class I Hedged Accumulation,,https://www.direct.aviva.co.uk/wealth/FundChoice/SelfSelectFundsList/FundDetails/BZ0WNL2/SelfSelectFund
5018,abrdn SICAV Emerging Markets Equity Class X Accumulation,,https://www.direct.aviva.co.uk/wealth/FundChoice/SelfSelectFundsList/FundDetails/B7884X5/SelfSelectFund
5019,abrdn SICAV Emerging Markets SDG Corporate Bond Class X Accumulation,,https://www.direct.aviva.co.uk/wealth/FundChoice/SelfSelectFundsList/FundDetails/BQKVQ40/SelfSelectFund
5020,abrdn SICAV Emerging Markets SDG Equity Class X Accumulation,,https://www.direct.aviva.co.uk/wealth/FundChoice/SelfSelectFundsList/FundDetails/BNGJKQ7/SelfSelectFund
5021,abrdn SICAV Emerging Markets Smaller Companies Class X Accumulation,,https://www.direct.aviva.co.uk/wealth/FundChoice/SelfSelectFundsList/FundDetails/B7C4L50/SelfSelectFund
5022,abrdn SICAV Emerging Markets Total Return Bond class I Hedged Income,,https://www.direct.aviva.co.uk/wealth/FundChoice/SelfSelectFundsList/FundDetails/BFZVVS7/SelfSelectFund
5023,abrdn SICAV Euro High Yield Bond Class X M Income,,https://www.direct.aviva.co.uk/wealth/FundChoice/SelfSelectFundsList/FundDetails/B709ZQ6/SelfSelectFund
5024,abrdn SICAV European Smaller Companies Class B Accumulation,,https://www.direct.aviva.co.uk/wealth/FundChoice/SelfSelectFundsList/FundDetails/BD3V6S0/SelfSelectFund
5025,abrdn SICAV Future Global Equity Class X Accumulation,,https://www.direct.aviva.co.uk/wealth/FundChoice/SelfSelectFundsList/FundDetails/B8HTXL7/SelfSelectFund
5026,abrdn SICAV Global Corporate Sustainable Bond Class X Hedged Accumulation,,https://www.direct.aviva.co.uk/wealth/FundChoice/SelfSelectFundsList/FundDetails/BMFHS38/SelfSelectFund
5027,abrdn SICAV Global Government Bond Class X Accumulation,,https://www.direct.aviva.co.uk/wealth/FundChoice/SelfSelectFundsList/FundDetails/BMD5Q74/SelfSelectFund
5028,abrdn SICAV Global Sustainable Equity Class X A Income,,https://www.direct.aviva.co.uk/wealth/FundChoice/SelfSelectFundsList/FundDetails/B873TL1/SelfSelectFund
5029,abrdn SICAV Global Sustainable Equity Class X Accumulation,,https://www.direct.aviva.co.uk/wealth/FundChoice/SelfSelectFundsList/FundDetails/B8NB8X4/SelfSelectFund
5030,abrdn SICAV Indian Equity Class X Accumulation,,https://www.direct.aviva.co.uk/wealth/FundChoice/SelfSelectFundsList/FundDetails/B7LS8L8/SelfSelectFund
5031,abrdn SICAV Japanese Smaller Companies Sustainable Equity Class X Accumulation,,https://www.direct.aviva.co.uk/wealth/FundChoice/SelfSelectFundsList/FundDetails/B7LCDW6/SelfSelectFund
5032,abrdn SICAV Japanese Sustainable Equity Class X Accumulation,,https://www.direct.aviva.co.uk/wealth/FundChoice/SelfSelectFundsList/FundDetails/B7Z1459/SelfSelectFund
5033,abrdn SICAV Macro Fixed Income Class B Accumulation,,https://www.direct.aviva.co.uk/wealth/FundChoice/SelfSelectFundsList/FundDetails/BD3V6M4/SelfSelectFund
5034,abrdn SICAV North American Smaller Companies Class X Accumulation,,https://www.direct.aviva.co.uk/wealth/FundChoice/SelfSelectFundsList/FundDetails/BK8JTN4/SelfSelectFund
5035,abrdn SICAV Short Dated Enhanced Income Class X Hedged Accumulation,,https://www.direct.aviva.co.uk/wealth/FundChoice/SelfSelectFundsList/FundDetails/BS2BF34/SelfSelectFund
5036,abrdn SICAV Total Return Credit Class B Accumulation,,https://www.direct.aviva.co.uk/wealth/FundChoice/SelfSelectFundsList/FundDetails/BD3V6Y6/SelfSelectFund
5037,iShares Developed Real Estate Index Class D Accumulating GBP Hedged Accumulation,,https://www.direct.aviva.co.uk/wealth/FundChoice/SelfSelectFundsList/FundDetails/BPLMXV1/SelfSelectFund
