name,isin,url
Aegon AM Ethical Cautious Managed Class B Accumulation,,https://www.direct.aviva.co.uk/wealth/FundChoice/SelfSelectFundsList/FundDetails/B7V2CD0/SelfSelectFund
Aegon AM Ethical Cautious Managed Class B Income,,https://www.direct.aviva.co.uk/wealth/FundChoice/SelfSelectFundsList/FundDetails/B7TCPG6/SelfSelectFund
Aegon AM Ethical Corporate Bond Class B Accumulation,,https://www.direct.aviva.co.uk/wealth/FundChoice/SelfSelectFundsList/FundDetails/B018K35/SelfSelectFund
Aegon AM Ethical Corporate Bond Class B Income,,https://www.direct.aviva.co.uk/wealth/FundChoice/SelfSelectFundsList/FundDetails/B0C4RP3/SelfSelectFund
Aegon AM Ethical Equity Class B Accumulation,,https://www.direct.aviva.co.uk/wealth/FundChoice/SelfSelectFundsList/FundDetails/0745088/SelfSelectFund
Aegon AM Ethical Equity Class B Income,,https://www.direct.aviva.co.uk/wealth/FundChoice/SelfSelectFundsList/FundDetails/B8FZHY8/SelfSelectFund
Aegon AM Global Equity Income Class B Accumulation,,https://www.direct.aviva.co.uk/wealth/FundChoice/SelfSelectFundsList/FundDetails/BF5SVX3/SelfSelectFund
Aegon AM Global Short Dated Climate Transition Fund Class S Accumulation,,https://www.direct.aviva.co.uk/wealth/FundChoice/SelfSelectFundsList/FundDetails/BL1GHK2/SelfSelectFund
Aegon AM Global Short Dated Climate Transition Fund Class S Income,,https://www.direct.aviva.co.uk/wealth/FundChoice/SelfSelectFundsList/FundDetails/BL1GHL3/SelfSelectFund
Aegon AM Global Short Dated High Yield Bond Class B (Hedged) Accumulation,,https://www.direct.aviva.co.uk/wealth/FundChoice/SelfSelectFundsList/FundDetails/BDCVTF9/SelfSelectFund
Allianz Global Investors UK Index-Linked Gilt Fund Class W Accumulation,,https://www.direct.aviva.co.uk/wealth/FundChoice/SelfSelectFundsList/FundDetails/BDD4M69/SelfSelectFund
Allianz Global Investors UK Index-Linked Gilt Fund Class W Income,,https://www.direct.aviva.co.uk/wealth/FundChoice/SelfSelectFundsList/FundDetails/BDD4M70/SelfSelectFund
Allianz Global Investors UK RiskMaster Conservative Multi Asset Class Y Accumulation,,https://www.direct.aviva.co.uk/wealth/FundChoice/SelfSelectFundsList/FundDetails/BYMVB72/SelfSelectFund
Allianz Global Investors UK RiskMaster Growth Multi Asset Class Y Accumulation,,https://www.direct.aviva.co.uk/wealth/FundChoice/SelfSelectFundsList/FundDetails/BYMVBC7/SelfSelectFund
Allianz Global Investors UK RiskMaster Moderate Multi Asset Class Y Accumulation,,https://www.direct.aviva.co.uk/wealth/FundChoice/SelfSelectFundsList/FundDetails/BYMVB94/SelfSelectFund
Allianz Global Investors UK Strategic Bond Class C Income,,https://www.direct.aviva.co.uk/wealth/FundChoice/SelfSelectFundsList/FundDetails/B06T936/SelfSelectFund
Allianz Global Investors UK Total Return Asian Equity Class C Accumulation,,https://www.direct.aviva.co.uk/wealth/FundChoice/SelfSelectFundsList/FundDetails/BVYJ2G9/SelfSelectFund
Allianz Global Investors UK Total Return Asian Equity Class C Income,,https://www.direct.aviva.co.uk/wealth/FundChoice/SelfSelectFundsList/FundDetails/B1FRQV5/SelfSelectFund
Allianz Global Investors UK UK Listed Equity Income Class C Accumulation,,https://www.direct.aviva.co.uk/wealth/FundChoice/SelfSelectFundsList/FundDetails/BP5X398/SelfSelectFund
Allianz Global Investors UK UK Listed Equity Income Class C Income,,https://www.direct.aviva.co.uk/wealth/FundChoice/SelfSelectFundsList/FundDetails/B82ZGC2/SelfSelectFund
Amundi Amundi Index MSCI Europe SRI PAB Class IG Accumulation,,https://www.direct.aviva.co.uk/wealth/FundChoice/SelfSelectFundsList/FundDetails/BJBYNS2/SelfSelectFund
Amundi Amundi Index MSCI Pacific Ex Japan SRI Class IG Accumulation,,https://www.direct.aviva.co.uk/wealth/FundChoice/SelfSelectFundsList/FundDetails/BNM5Q50/SelfSelectFund
Amundi Amundi Index MSCI USA SRI PAB Class IG Accumulation,,https://www.direct.aviva.co.uk/wealth/FundChoice/SelfSelectFundsList/FundDetails/BJBYNT3/SelfSelectFund
Amundi Amundi Index MSCI World SRI PAB Class IG (C) Accumulation,,https://www.direct.aviva.co.uk/wealth/FundChoice/SelfSelectFundsList/FundDetails/BJBYNV5/SelfSelectFund
Amundi Amundi MSCI Japan SRI Climate Paris Aligned Class IG Accumulation,,https://www.direct.aviva.co.uk/wealth/FundChoice/SelfSelectFundsList/FundDetails/BNM5Q61/SelfSelectFund
Amundi Amundi MSCI UK IMI SRI Climate Paris Aligned Class IG Accumulation,,https://www.direct.aviva.co.uk/wealth/FundChoice/SelfSelectFundsList/FundDetails/BNM5Q49/SelfSelectFund
Amundi Amundi Prime Japan Class IG Accumulation,,https://www.direct.aviva.co.uk/wealth/FundChoice/SelfSelectFundsList/FundDetails/BRJYTS2/SelfSelectFund
Amundi Amundi Prime UK Mid & Small Cap Class IG Accumulation,,https://www.direct.aviva.co.uk/wealth/FundChoice/SelfSelectFundsList/FundDetails/BRJYTR1/SelfSelectFund
Amundi Euro Aggregate Corporate SRI Class IHG Income,,https://www.direct.aviva.co.uk/wealth/FundChoice/SelfSelectFundsList/FundDetails/BKPV6B0/SelfSelectFund
Amundi Index MSCI EMU - RHG Class C Accumulation,,https://www.direct.aviva.co.uk/wealth/FundChoice/SelfSelectFundsList/FundDetails/BFZD9Y5/SelfSelectFund
Artemis US Select Class I Accumulation,,https://www.direct.aviva.co.uk/wealth/FundChoice/SelfSelectFundsList/FundDetails/BMMV510/SelfSelectFund
Artemis US Select Class I Hedged Accumulation,,https://www.direct.aviva.co.uk/wealth/FundChoice/SelfSelectFundsList/FundDetails/BYSYZX9/SelfSelectFund
Artemis US Select Class I Income,,https://www.direct.aviva.co.uk/wealth/FundChoice/SelfSelectFundsList/FundDetails/BWWZ2D3/SelfSelectFund
Artemis US Smaller Companies Class I Accumulation,,https://www.direct.aviva.co.uk/wealth/FundChoice/SelfSelectFundsList/FundDetails/BMMV576/SelfSelectFund
Artemis US Smaller Companies Class I Hedged Accumulation,,https://www.direct.aviva.co.uk/wealth/FundChoice/SelfSelectFundsList/FundDetails/BK6RLD4/SelfSelectFund
Ashmore SICAV Emerging Market Total Return Class Z Income,,https://www.direct.aviva.co.uk/wealth/FundChoice/SelfSelectFundsList/FundDetails/BG6M1H5/SelfSelectFund
Ashmore SICAV Emerging Markets Equity Class Z Accumulation,,https://www.direct.aviva.co.uk/wealth/FundChoice/SelfSelectFundsList/FundDetails/BDDJQ73/SelfSelectFund
Ashmore SICAV Emerging Markets Short Duration Class Z Accumulation,,https://www.direct.aviva.co.uk/wealth/FundChoice/SelfSelectFundsList/FundDetails/BYW9P18/SelfSelectFund
Ashmore SICAV Emerging Markets Short Duration Class Z Income,,https://www.direct.aviva.co.uk/wealth/FundChoice/SelfSelectFundsList/FundDetails/BP4K8V7/SelfSelectFund
Atlantic House Defensive Defined Returns Class A Accumulation,,https://www.direct.aviva.co.uk/wealth/FundChoice/SelfSelectFundsList/FundDetails/BDZQTC8/SelfSelectFund
Aviva Insured Funds Universal 2051 Retirement S14,,https://www.direct.aviva.co.uk/wealth/FundChoice/SelfSelectFundsList/FundDetails/BRGT689/SelfSelectFund
Aviva Insured Funds Universal 2052 Retirement S14,,https://www.direct.aviva.co.uk/wealth/FundChoice/SelfSelectFundsList/FundDetails/BRGT690/SelfSelectFund
Aviva Insured Funds Universal 2053 Retirement S14,,https://www.direct.aviva.co.uk/wealth/FundChoice/SelfSelectFundsList/FundDetails/BRGT6B2/SelfSelectFund
Aviva Insured Funds Universal 2054 Retirement S14,,https://www.direct.aviva.co.uk/wealth/FundChoice/SelfSelectFundsList/FundDetails/BRGT6C3/SelfSelectFund
Aviva Insured Funds Universal 2055 Retirement S14,,https://www.direct.aviva.co.uk/wealth/FundChoice/SelfSelectFundsList/FundDetails/BRGT6D4/SelfSelectFund
Aviva Insured Funds Universal 2056 Retirement S14,,https://www.direct.aviva.co.uk/wealth/FundChoice/SelfSelectFundsList/FundDetails/BRGT6F6/SelfSelectFund
Aviva Insured Funds Universal 2057 Retirement S14,,https://www.direct.aviva.co.uk/wealth/FundChoice/SelfSelectFundsList/FundDetails/BRGT6G7/SelfSelectFund
Aviva Insured Funds Universal 2058 Retirement S14,,https://www.direct.aviva.co.uk/wealth/FundChoice/SelfSelectFundsList/FundDetails/BRGT6H8/SelfSelectFund
Aviva Insured Funds Universal 2059 Retirement S14,,https://www.direct.aviva.co.uk/wealth/FundChoice/SelfSelectFundsList/FundDetails/BRGT6J0/SelfSelectFund
Aviva Insured Funds Universal 2060 Retirement S14,,https://www.direct.aviva.co.uk/wealth/FundChoice/SelfSelectFundsList/FundDetails/BRGT6K1/SelfSelectFund
Aviva Investors UK Funds Multi-Asset Income Class 2 Accumulation,,https://www.direct.aviva.co.uk/wealth/FundChoice/SelfSelectFundsList/FundDetails/BYZC2W4/SelfSelectFund
Aviva Investors UK Funds Multi-Asset Income Class 2 Income,,https://www.direct.aviva.co.uk/wealth/FundChoice/SelfSelectFundsList/FundDetails/3044232/SelfSelectFund
Aviva Investors UK Funds Multi-Manager 20-60% Shares Class 2 Accumulation,,https://www.direct.aviva.co.uk/wealth/FundChoice/SelfSelectFundsList/FundDetails/B1N94W0/SelfSelectFund
Aviva Investors UK Funds Multi-Manager 20-60% Shares Class 2 Income,,https://www.direct.aviva.co.uk/wealth/FundChoice/SelfSelectFundsList/FundDetails/B7ZZR41/SelfSelectFund
Aviva Investors UK Funds Multi-Manager 40-85% Class 2 Accumulation,,https://www.direct.aviva.co.uk/wealth/FundChoice/SelfSelectFundsList/FundDetails/B1N94Q4/SelfSelectFund
Aviva Investors UK Funds Multi-Manager 40-85% Class 2 Income,,https://www.direct.aviva.co.uk/wealth/FundChoice/SelfSelectFundsList/FundDetails/B8FV3N7/SelfSelectFund
Aviva Investors UK Funds Multi-Manager Flexible Class 2 Accumulation,,https://www.direct.aviva.co.uk/wealth/FundChoice/SelfSelectFundsList/FundDetails/B1N9527/SelfSelectFund
Aviva Investors UK Funds Multi-Strategy Target Return Class 9 Accumulation,,https://www.direct.aviva.co.uk/wealth/FundChoice/SelfSelectFundsList/FundDetails/BP0RT42/SelfSelectFund
Aviva Investors UK Funds Multi-asset Plus Fund I Class 9 Accumulation,,https://www.direct.aviva.co.uk/wealth/FundChoice/SelfSelectFundsList/FundDetails/BVRZFZ4/SelfSelectFund
Aviva Investors UK Funds Multi-asset Plus Fund II Class 9 Accumulation,,https://www.direct.aviva.co.uk/wealth/FundChoice/SelfSelectFundsList/FundDetails/BVRZG06/SelfSelectFund
BNP Paribas Asset Management AXA Global High Yield Class Z Gross Income,,https://www.direct.aviva.co.uk/wealth/FundChoice/SelfSelectFundsList/FundDetails/B29NG94/SelfSelectFund
BNP Paribas Asset Management AXA Global Short Duration Bond Class Z Accumulation,,https://www.direct.aviva.co.uk/wealth/FundChoice/SelfSelectFundsList/FundDetails/BDFZQV3/SelfSelectFund
BNP Paribas Asset Management AXA Global Short Duration Bond Class Z Income,,https://www.direct.aviva.co.uk/wealth/FundChoice/SelfSelectFundsList/FundDetails/BDFZQW4/SelfSelectFund
BNP Paribas Asset Management AXA Global Strategic Bond Class Z Acc Accumulation,,https://www.direct.aviva.co.uk/wealth/FundChoice/SelfSelectFundsList/FundDetails/BMZCH47/SelfSelectFund
BNP Paribas Asset Management AXA Global Strategic Bond Class Z Inc Income,,https://www.direct.aviva.co.uk/wealth/FundChoice/SelfSelectFundsList/FundDetails/BMZCH36/SelfSelectFund
BNP Paribas Asset Management AXA Global Sustainable Managed Class Z Accumulation,,https://www.direct.aviva.co.uk/wealth/FundChoice/SelfSelectFundsList/FundDetails/B7MMHK1/SelfSelectFund
BNP Paribas Asset Management AXA Global Sustainable Managed Class Z Income,,https://www.direct.aviva.co.uk/wealth/FundChoice/SelfSelectFundsList/FundDetails/B7MQY79/SelfSelectFund
BNP Paribas Asset Management AXA Green Short Duration Class Z Accumulation,,https://www.direct.aviva.co.uk/wealth/FundChoice/SelfSelectFundsList/FundDetails/BNNDLG9/SelfSelectFund
BNP Paribas Asset Management AXA Green Short Duration Class Z Income,,https://www.direct.aviva.co.uk/wealth/FundChoice/SelfSelectFundsList/FundDetails/BNNDLH0/SelfSelectFund
BNP Paribas Asset Management AXA People & Planet Equity Class Z Accumulation,,https://www.direct.aviva.co.uk/wealth/FundChoice/SelfSelectFundsList/FundDetails/B4490M2/SelfSelectFund
BNY Mellon Global Emerging Markets Opportunities (GB) Class W (Net) Income,,https://www.direct.aviva.co.uk/wealth/FundChoice/SelfSelectFundsList/FundDetails/BVYPP91/SelfSelectFund
BNY Mellon Global Equity (GB) Class W Accumulation,,https://www.direct.aviva.co.uk/wealth/FundChoice/SelfSelectFundsList/FundDetails/B8376K5/SelfSelectFund
BNY Mellon Global Equity (GB) Class W Income,,https://www.direct.aviva.co.uk/wealth/FundChoice/SelfSelectFundsList/FundDetails/B53Q5S2/SelfSelectFund
BNY Mellon Global Equity Income Fund (Responsible) (GB) Class W Accumulation,,https://www.direct.aviva.co.uk/wealth/FundChoice/SelfSelectFundsList/FundDetails/BJ066Z7/SelfSelectFund
BNY Mellon Global Equity Income Fund (Responsible) (GB) Class W Income,,https://www.direct.aviva.co.uk/wealth/FundChoice/SelfSelectFundsList/FundDetails/BJ06709/SelfSelectFund
BNY Mellon Global High Yield Bond (GB) Class W Accumulation,,https://www.direct.aviva.co.uk/wealth/FundChoice/SelfSelectFundsList/FundDetails/B7KWF21/SelfSelectFund
BNY Mellon Global High Yield Bond (GB) Class W Income,,https://www.direct.aviva.co.uk/wealth/FundChoice/SelfSelectFundsList/FundDetails/B8BX3V5/SelfSelectFund
BNY Mellon Global Income (GB) Class W Accumulation,,https://www.direct.aviva.co.uk/wealth/FundChoice/SelfSelectFundsList/FundDetails/B7S9KM9/SelfSelectFund
BNY Mellon Global Income (GB) Class W Income,,https://www.direct.aviva.co.uk/wealth/FundChoice/SelfSelectFundsList/FundDetails/B8BQG48/SelfSelectFund
BNY Mellon Global Infrastructure Income (GB) Class W Accumulation,,https://www.direct.aviva.co.uk/wealth/FundChoice/SelfSelectFundsList/FundDetails/BDR8GH6/SelfSelectFund
Baillie Gifford Developed Asia Pacific Class B Income,,https://www.direct.aviva.co.uk/wealth/FundChoice/SelfSelectFundsList/FundDetails/3049163/SelfSelectFund
Baillie Gifford Emerging Markets Growth Class B Accumulation,,https://www.direct.aviva.co.uk/wealth/FundChoice/SelfSelectFundsList/FundDetails/0602064/SelfSelectFund
Baillie Gifford Emerging Markets Growth Class B Income,,https://www.direct.aviva.co.uk/wealth/FundChoice/SelfSelectFundsList/FundDetails/0602053/SelfSelectFund
Baillie Gifford Emerging Markets Leading Companies Class B Accumulation,,https://www.direct.aviva.co.uk/wealth/FundChoice/SelfSelectFundsList/FundDetails/B06HZN2/SelfSelectFund
Baillie Gifford Emerging Markets Leading Companies Class B Income,,https://www.direct.aviva.co.uk/wealth/FundChoice/SelfSelectFundsList/FundDetails/B06HZP4/SelfSelectFund
Baillie Gifford Emerging Markets Leading Companies Class W6 Accumulation,,https://www.direct.aviva.co.uk/wealth/FundChoice/SelfSelectFundsList/FundDetails/BS52L92/SelfSelectFund
Baillie Gifford Emerging Markets Leading Companies Class W6 Income,,https://www.direct.aviva.co.uk/wealth/FundChoice/SelfSelectFundsList/FundDetails/BS52LB4/SelfSelectFund
Baillie Gifford European Class B Accumulation,,https://www.direct.aviva.co.uk/wealth/FundChoice/SelfSelectFundsList/FundDetails/0605825/SelfSelectFund
Baillie Gifford European Class B Income,,https://www.direct.aviva.co.uk/wealth/FundChoice/SelfSelectFundsList/FundDetails/0605739/SelfSelectFund
Baillie Gifford Global Alpha Growth Class B Accumulation,,https://www.direct.aviva.co.uk/wealth/FundChoice/SelfSelectFundsList/FundDetails/B61DJ02/SelfSelectFund
Barings International Ireland Ltd Emerging Markets Debt Blended Total Return Tranche C Income,,https://www.direct.aviva.co.uk/wealth/FundChoice/SelfSelectFundsList/FundDetails/BSL73X9/SelfSelectFund
Barings International Ireland Ltd Emerging Markets Local Debt Class C Unhedged Accumulation,,https://www.direct.aviva.co.uk/wealth/FundChoice/SelfSelectFundsList/FundDetails/BG36V36/SelfSelectFund
Barings International Ireland Ltd Emerging Markets Local Debt Tranche C Accumulation,,https://www.direct.aviva.co.uk/wealth/FundChoice/SelfSelectFundsList/FundDetails/BKZGL43/SelfSelectFund
Barings International Ireland Ltd Emerging Markets Local Debt Tranche C Income,,https://www.direct.aviva.co.uk/wealth/FundChoice/SelfSelectFundsList/FundDetails/BKZGL54/SelfSelectFund
Barings International Ireland Ltd Emerging Markets Sovereign Debt Tranche C Accumulation,,https://www.direct.aviva.co.uk/wealth/FundChoice/SelfSelectFundsList/FundDetails/BYXX2J6/SelfSelectFund
Barings International Ireland Ltd European High Yield Bond Class B Income,,https://www.direct.aviva.co.uk/wealth/FundChoice/SelfSelectFundsList/FundDetails/B3QLQL0/SelfSelectFund
Barings International Ireland Ltd Global Bond Class I Income,,https://www.direct.aviva.co.uk/wealth/FundChoice/SelfSelectFundsList/FundDetails/B7JYQM5/SelfSelectFund
Barings International Ireland Ltd Global Emerging Markets Class I Accumulation,,https://www.direct.aviva.co.uk/wealth/FundChoice/SelfSelectFundsList/FundDetails/B67GCC8/SelfSelectFund
Barings International Ireland Ltd Global High Yield Bond Class I Accumulation,,https://www.direct.aviva.co.uk/wealth/FundChoice/SelfSelectFundsList/FundDetails/B7M65Z4/SelfSelectFund
Barings International Ireland Ltd Global High Yield Bond Class I Income,,https://www.direct.aviva.co.uk/wealth/FundChoice/SelfSelectFundsList/FundDetails/B7F8GW1/SelfSelectFund
BlackRock (Lux) BGF Global Equity Income Class D5G Hedged Income,,https://www.direct.aviva.co.uk/wealth/FundChoice/SelfSelectFundsList/FundDetails/B8NXKM3/SelfSelectFund
BlackRock (Lux) BGF Global Equity Income Class D5G Income,,https://www.direct.aviva.co.uk/wealth/FundChoice/SelfSelectFundsList/FundDetails/B88HFG9/SelfSelectFund
BlackRock (Lux) BGF Global High Yield Bond Class D2 Hedged Accumulation,,https://www.direct.aviva.co.uk/wealth/FundChoice/SelfSelectFundsList/FundDetails/B3BDFC5/SelfSelectFund
BlackRock (Lux) BGF Global Long-Horizon Equity Class D4 Income,,https://www.direct.aviva.co.uk/wealth/FundChoice/SelfSelectFundsList/FundDetails/BTN1VQ5/SelfSelectFund
BlackRock (Lux) BGF India Class D4 Income,,https://www.direct.aviva.co.uk/wealth/FundChoice/SelfSelectFundsList/FundDetails/B8HK019/SelfSelectFund
BlackRock (Lux) BGF Japan Flexible Equity Class D4 Income,,https://www.direct.aviva.co.uk/wealth/FundChoice/SelfSelectFundsList/FundDetails/B89STB4/SelfSelectFund
BlackRock (Lux) BGF Japan Small & MidCap Opportunities Class D4 Income,,https://www.direct.aviva.co.uk/wealth/FundChoice/SelfSelectFundsList/FundDetails/B8KTH89/SelfSelectFund
BlackRock (Lux) BGF Latin American Class D2 Hedged Accumulation,,https://www.direct.aviva.co.uk/wealth/FundChoice/SelfSelectFundsList/FundDetails/B8MY997/SelfSelectFund
BlackRock (Lux) BGF Latin American Class D4 Income,,https://www.direct.aviva.co.uk/wealth/FundChoice/SelfSelectFundsList/FundDetails/B7L9RK3/SelfSelectFund
BlackRock (Lux) BGF Next Generation Technology Class D2 Hedged Accumulation,,https://www.direct.aviva.co.uk/wealth/FundChoice/SelfSelectFundsList/FundDetails/BG094W8/SelfSelectFund
BlackRock Corporate Bond Class D Income,,https://www.direct.aviva.co.uk/wealth/FundChoice/SelfSelectFundsList/FundDetails/B4T5JV7/SelfSelectFund
BlackRock Developed Markets Sustainable Equity Class D Accumulation,,https://www.direct.aviva.co.uk/wealth/FundChoice/SelfSelectFundsList/FundDetails/B4XLYS3/SelfSelectFund
BlackRock Developed Markets Sustainable Equity Class D Income,,https://www.direct.aviva.co.uk/wealth/FundChoice/SelfSelectFundsList/FundDetails/B8DDP95/SelfSelectFund
BlackRock Dynamic Allocation Class D Accumulation,,https://www.direct.aviva.co.uk/wealth/FundChoice/SelfSelectFundsList/FundDetails/BVYJ3Y4/SelfSelectFund
BlackRock Dynamic Diversified Growth Class D Accumulation,,https://www.direct.aviva.co.uk/wealth/FundChoice/SelfSelectFundsList/FundDetails/B823TT4/SelfSelectFund
BlackRock Dynamic Diversified Growth Class D Income,,https://www.direct.aviva.co.uk/wealth/FundChoice/SelfSelectFundsList/FundDetails/B883P12/SelfSelectFund
BlackRock ESG Strategic Growth Class D Accumulation,,https://www.direct.aviva.co.uk/wealth/FundChoice/SelfSelectFundsList/FundDetails/BFBFWY6/SelfSelectFund
BlackRock Emerging Markets Class D Accumulation,,https://www.direct.aviva.co.uk/wealth/FundChoice/SelfSelectFundsList/FundDetails/B4R9F68/SelfSelectFund
BlackRock Emerging Markets Class D Income,,https://www.direct.aviva.co.uk/wealth/FundChoice/SelfSelectFundsList/FundDetails/B88T662/SelfSelectFund
BlackRock European Absolute Alpha Class D Accumulation,,https://www.direct.aviva.co.uk/wealth/FundChoice/SelfSelectFundsList/FundDetails/B4Y62W7/SelfSelectFund
BlackRock iShares Continental European Equity ESG Screened and Optimised Index Class D Accumulation,,https://www.direct.aviva.co.uk/wealth/FundChoice/SelfSelectFundsList/FundDetails/BN08ZZ4/SelfSelectFund
BlackRock iShares Continental European Equity ESG Screened and Optimised Index Class D Income,,https://www.direct.aviva.co.uk/wealth/FundChoice/SelfSelectFundsList/FundDetails/BN09007/SelfSelectFund
BlackRock iShares Continental European Equity Index Class D Accumulation,,https://www.direct.aviva.co.uk/wealth/FundChoice/SelfSelectFundsList/FundDetails/B83MH18/SelfSelectFund
BlackRock iShares Continental European Equity Index Class D Income,,https://www.direct.aviva.co.uk/wealth/FundChoice/SelfSelectFundsList/FundDetails/BV49ZM6/SelfSelectFund
BlackRock iShares Continental European Equity Index Class H Accumulation,,https://www.direct.aviva.co.uk/wealth/FundChoice/SelfSelectFundsList/FundDetails/BJL5BS1/SelfSelectFund
BlackRock iShares Continental European Equity Index Class H Income,,https://www.direct.aviva.co.uk/wealth/FundChoice/SelfSelectFundsList/FundDetails/BYTHMZ8/SelfSelectFund
BlackRock iShares Corporate Bond Index Class D Accumulation,,https://www.direct.aviva.co.uk/wealth/FundChoice/SelfSelectFundsList/FundDetails/B84DSW8/SelfSelectFund
BlackRock iShares Corporate Bond Index Class D Income,,https://www.direct.aviva.co.uk/wealth/FundChoice/SelfSelectFundsList/FundDetails/B7J60R4/SelfSelectFund
BlackRock iShares Corporate Bond Index Class H Accumulation,,https://www.direct.aviva.co.uk/wealth/FundChoice/SelfSelectFundsList/FundDetails/BJL5BV4/SelfSelectFund
BlackRock iShares Corporate Bond Index Class H Income,,https://www.direct.aviva.co.uk/wealth/FundChoice/SelfSelectFundsList/FundDetails/BKF2KH7/SelfSelectFund
BlackRock iShares UK Gilts All Stocks Index Class H Accumulation,,https://www.direct.aviva.co.uk/wealth/FundChoice/SelfSelectFundsList/FundDetails/BPFJDD0/SelfSelectFund
BlackRock iShares UK Gilts All Stocks Index Class H Income,,https://www.direct.aviva.co.uk/wealth/FundChoice/SelfSelectFundsList/FundDetails/BPFJDF2/SelfSelectFund
BlackRock iShares US Equity ESG Screened and Optimised Index Class D Accumulation,,https://www.direct.aviva.co.uk/wealth/FundChoice/SelfSelectFundsList/FundDetails/BN090C9/SelfSelectFund
BlackRock iShares US Equity ESG Screened and Optimised Index Class D Income,,https://www.direct.aviva.co.uk/wealth/FundChoice/SelfSelectFundsList/FundDetails/BN090D0/SelfSelectFund
BlackRock iShares US Equity Index Class D Accumulation,,https://www.direct.aviva.co.uk/wealth/FundChoice/SelfSelectFundsList/FundDetails/B5VRGY0/SelfSelectFund
BlackRock iShares US Equity Index Class H Income,,https://www.direct.aviva.co.uk/wealth/FundChoice/SelfSelectFundsList/FundDetails/BYTHN33/SelfSelectFund
BlackRock iShares Up to 10 Years Gilts Index Fund Class D Income,,https://www.direct.aviva.co.uk/wealth/FundChoice/SelfSelectFundsList/FundDetails/BN091C6/SelfSelectFund
Blue Whale WS Blue Whale Growth Class R Accumulation,,https://www.direct.aviva.co.uk/wealth/FundChoice/SelfSelectFundsList/FundDetails/BD6PG78/SelfSelectFund
Blue Whale WS Blue Whale Growth Class R Income,,https://www.direct.aviva.co.uk/wealth/FundChoice/SelfSelectFundsList/FundDetails/BD6PG89/SelfSelectFund
BlueBay Global High Yield ESG Bond Class C Accumulation,,https://www.direct.aviva.co.uk/wealth/FundChoice/SelfSelectFundsList/FundDetails/BP6HHF3/SelfSelectFund
CT (Lux) European High Yield Bond Class 3G Accumulation,,https://www.direct.aviva.co.uk/wealth/FundChoice/SelfSelectFundsList/FundDetails/BF50YH4/SelfSelectFund
CT (Lux) European Social Bond Class ZGH Accumulation,,https://www.direct.aviva.co.uk/wealth/FundChoice/SelfSelectFundsList/FundDetails/BYQH6B5/SelfSelectFund
CT (Lux) Global Corporate Bond Class NGC Accumulation,,https://www.direct.aviva.co.uk/wealth/FundChoice/SelfSelectFundsList/FundDetails/BDFBMM4/SelfSelectFund
CT (Lux) Global Corporate Bond Class ZGH Accumulation,,https://www.direct.aviva.co.uk/wealth/FundChoice/SelfSelectFundsList/FundDetails/BLWDX71/SelfSelectFund
CT (Lux) Pan European ESG Equities Class 3G Accumulation,,https://www.direct.aviva.co.uk/wealth/FundChoice/SelfSelectFundsList/FundDetails/BDFKZ11/SelfSelectFund
CT (Lux) Pan European Equity Dividend Class 3GP Income,,https://www.direct.aviva.co.uk/wealth/FundChoice/SelfSelectFundsList/FundDetails/BF50ZM6/SelfSelectFund
CT (Lux) Pan European Smaller Companies Class 3G Accumulation,,https://www.direct.aviva.co.uk/wealth/FundChoice/SelfSelectFundsList/FundDetails/BF50XP5/SelfSelectFund
CT (Lux) UK Equity Income Class IGP Income,,https://www.direct.aviva.co.uk/wealth/FundChoice/SelfSelectFundsList/FundDetails/BZ4CRW7/SelfSelectFund
CT (Lux) US Disciplined Core Equities Class NG Accumulation,,https://www.direct.aviva.co.uk/wealth/FundChoice/SelfSelectFundsList/FundDetails/BL5MKH4/SelfSelectFund
CT American Class Z Accumulation,,https://www.direct.aviva.co.uk/wealth/FundChoice/SelfSelectFundsList/FundDetails/B7T2FK0/SelfSelectFund
CT Latin America Class Z Accumulation,,https://www.direct.aviva.co.uk/wealth/FundChoice/SelfSelectFundsList/FundDetails/B8BQ6V5/SelfSelectFund
CT MM Navigator Distribution C Accumulation,,https://www.direct.aviva.co.uk/wealth/FundChoice/SelfSelectFundsList/FundDetails/B80KXN9/SelfSelectFund
CT MM Navigator Distribution C Income,,https://www.direct.aviva.co.uk/wealth/FundChoice/SelfSelectFundsList/FundDetails/B80KZH7/SelfSelectFund
CT MM Navigator Distribution M Income,,https://www.direct.aviva.co.uk/wealth/FundChoice/SelfSelectFundsList/FundDetails/BZCTP04/SelfSelectFund
CT Managed Bond Class 2 Accumulation,,https://www.direct.aviva.co.uk/wealth/FundChoice/SelfSelectFundsList/FundDetails/BMGRVS3/SelfSelectFund
CT Managed Bond Class Z Accumulation,,https://www.direct.aviva.co.uk/wealth/FundChoice/SelfSelectFundsList/FundDetails/BMGRVV6/SelfSelectFund
CT Managed Bond Focused Class 2 Accumulation,,https://www.direct.aviva.co.uk/wealth/FundChoice/SelfSelectFundsList/FundDetails/BMGRVN8/SelfSelectFund
CT Managed Bond Focused Class Z Accumulation,,https://www.direct.aviva.co.uk/wealth/FundChoice/SelfSelectFundsList/FundDetails/BMGRVP0/SelfSelectFund
CT Managed Equity & Bond Class 2 Accumulation,,https://www.direct.aviva.co.uk/wealth/FundChoice/SelfSelectFundsList/FundDetails/BMGRVX8/SelfSelectFund
CT Managed Equity & Bond Class T Income,,https://www.direct.aviva.co.uk/wealth/FundChoice/SelfSelectFundsList/FundDetails/BMGRVY9/SelfSelectFund
CT UK Commercial Property Feeder 2 Accumulation,,https://www.direct.aviva.co.uk/wealth/FundChoice/SelfSelectFundsList/FundDetails/BWZMHM5/SelfSelectFund
CT UK Commercial Property Feeder 2 Income,,https://www.direct.aviva.co.uk/wealth/FundChoice/SelfSelectFundsList/FundDetails/BWZMHL4/SelfSelectFund
CT UK Equity Alpha Income Class Z Income,,https://www.direct.aviva.co.uk/wealth/FundChoice/SelfSelectFundsList/FundDetails/B88P6D7/SelfSelectFund
CT UK Equity Income 2 Accumulation,,https://www.direct.aviva.co.uk/wealth/FundChoice/SelfSelectFundsList/FundDetails/B7TFC97/SelfSelectFund
CT UK Equity Income 2 Income,,https://www.direct.aviva.co.uk/wealth/FundChoice/SelfSelectFundsList/FundDetails/B60HHR8/SelfSelectFund
CT UK Equity Income Class Z Accumulation,,https://www.direct.aviva.co.uk/wealth/FundChoice/SelfSelectFundsList/FundDetails/B888FR3/SelfSelectFund
CT UK Equity Income Class Z Income,,https://www.direct.aviva.co.uk/wealth/FundChoice/SelfSelectFundsList/FundDetails/B8169Q1/SelfSelectFund
CT UK Growth and Income Class Z Income,,https://www.direct.aviva.co.uk/wealth/FundChoice/SelfSelectFundsList/FundDetails/B8848T4/SelfSelectFund
CT UK Institutional Class 2 Accumulation,,https://www.direct.aviva.co.uk/wealth/FundChoice/SelfSelectFundsList/FundDetails/0145161/SelfSelectFund
CT UK Mid 250 Class Z Accumulation,,https://www.direct.aviva.co.uk/wealth/FundChoice/SelfSelectFundsList/FundDetails/B8BX5X1/SelfSelectFund
Candriam Candriam Sustainable Equity Emerging Markets Class I - Unhedged Accumulation,,https://www.direct.aviva.co.uk/wealth/FundChoice/SelfSelectFundsList/FundDetails/BYXZ1S4/SelfSelectFund
Candriam Candriam Sustainable Equity Japan Class R-H Accumulation,,https://www.direct.aviva.co.uk/wealth/FundChoice/SelfSelectFundsList/FundDetails/BS9B7K8/SelfSelectFund
Candriam Candriam Sustainable Equity World Class R - Unhedged Accumulation,,https://www.direct.aviva.co.uk/wealth/FundChoice/SelfSelectFundsList/FundDetails/BYXZ225/SelfSelectFund
Cantor Fitzgerald Global Equity UCITS Fund Share Class B GBP Accumulation,,https://www.direct.aviva.co.uk/wealth/FundChoice/SelfSelectFundsList/FundDetails/BW01ZB2/SelfSelectFund
Capital Group Emerging Markets Debt (LUX) Class Z Accumulation,,https://www.direct.aviva.co.uk/wealth/FundChoice/SelfSelectFundsList/FundDetails/B7M3254/SelfSelectFund
Capital Group Emerging Markets Debt (LUX) Class Zd Income,,https://www.direct.aviva.co.uk/wealth/FundChoice/SelfSelectFundsList/FundDetails/BBH82Q3/SelfSelectFund
Capital Group Emerging Markets Equity (LUX) Class Z Accumulation,,https://www.direct.aviva.co.uk/wealth/FundChoice/SelfSelectFundsList/FundDetails/BJ05NZ3/SelfSelectFund
Capital Group Emerging Markets Equity (LUX) Class Zd Income,,https://www.direct.aviva.co.uk/wealth/FundChoice/SelfSelectFundsList/FundDetails/BBH82Z2/SelfSelectFund
Capital Group Emerging Markets Local Currency Debt (LUX) Class Z Accumulation,,https://www.direct.aviva.co.uk/wealth/FundChoice/SelfSelectFundsList/FundDetails/B9LYYV2/SelfSelectFund
Capital Group Emerging Markets Local Currency Debt (LUX) Class Zd Income,,https://www.direct.aviva.co.uk/wealth/FundChoice/SelfSelectFundsList/FundDetails/BVL80H6/SelfSelectFund
Capital Group US High Yield Fund (LUX) Class Z Accumulation,,https://www.direct.aviva.co.uk/wealth/FundChoice/SelfSelectFundsList/FundDetails/BF0L2M3/SelfSelectFund
Capital Group US High Yield Fund (LUX) Class Zd Income,,https://www.direct.aviva.co.uk/wealth/FundChoice/SelfSelectFundsList/FundDetails/BF0L2T0/SelfSelectFund
Capital Group US High Yield Fund (LUX) Class Zgd Income,,https://www.direct.aviva.co.uk/wealth/FundChoice/SelfSelectFundsList/FundDetails/BF0L2Z6/SelfSelectFund
Capital Group World Dividend Growers (LUX) Class Z Accumulation,,https://www.direct.aviva.co.uk/wealth/FundChoice/SelfSelectFundsList/FundDetails/BBH7ZN8/SelfSelectFund
Capital Group World Dividend Growers (LUX) Class Zd Income,,https://www.direct.aviva.co.uk/wealth/FundChoice/SelfSelectFundsList/FundDetails/BBH7ZS3/SelfSelectFund
Carmignac Carmignac Portfolio Asia Discovery Class FW GBP Acc Accumulation,,https://www.direct.aviva.co.uk/wealth/FundChoice/SelfSelectFundsList/FundDetails/BGP6SY4/SelfSelectFund
Carmignac Carmignac Portfolio Emergents Class FW GBP Acc Accumulation,,https://www.direct.aviva.co.uk/wealth/FundChoice/SelfSelectFundsList/FundDetails/BGP6SV1/SelfSelectFund
Carmignac Carmignac Portfolio Global Bond Class FW GBP Acc Accumulation,,https://www.direct.aviva.co.uk/wealth/FundChoice/SelfSelectFundsList/FundDetails/BGP6T63/SelfSelectFund
Carmignac Carmignac Portfolio Global Bond Class FW GBP Acc Hdg Accumulation,,https://www.direct.aviva.co.uk/wealth/FundChoice/SelfSelectFundsList/FundDetails/B46K5H3/SelfSelectFund
Carmignac Carmignac Portfolio Grande Europe Class FW GBP Acc Accumulation,,https://www.direct.aviva.co.uk/wealth/FundChoice/SelfSelectFundsList/FundDetails/BMW2PM4/SelfSelectFund
Colchester Global Investors The Colchester Global Bond Fund Class R Hedged Income,,https://www.direct.aviva.co.uk/wealth/FundChoice/SelfSelectFundsList/FundDetails/BP68J49/SelfSelectFund
Colchester Global Investors The Colchester Global Real Return Bond Fund Class I Hedged Accumulation,,https://www.direct.aviva.co.uk/wealth/FundChoice/SelfSelectFundsList/FundDetails/BQZJ0Y7/SelfSelectFund
Colchester Global Investors The Colchester Global Real Return Bond Fund Class I Unhedged Accumulation,,https://www.direct.aviva.co.uk/wealth/FundChoice/SelfSelectFundsList/FundDetails/BQZJ122/SelfSelectFund
Colchester Global Investors The Colchester Local Markets Bond Fund Class I Hedged Income,,https://www.direct.aviva.co.uk/wealth/FundChoice/SelfSelectFundsList/FundDetails/BDZD4T1/SelfSelectFund
Colchester Global Investors The Colchester Local Markets Bond Fund Class I Unhedged Accumulation,,https://www.direct.aviva.co.uk/wealth/FundChoice/SelfSelectFundsList/FundDetails/BGSXT16/SelfSelectFund
Colchester Global Investors The Colchester Local Markets Bond Fund Class I Unhedged Income,,https://www.direct.aviva.co.uk/wealth/FundChoice/SelfSelectFundsList/FundDetails/BHXDCX1/SelfSelectFund
Comgest Comgest Growth America GBP U Acc Class Accumulation,,https://www.direct.aviva.co.uk/wealth/FundChoice/SelfSelectFundsList/FundDetails/BGPZCP0/SelfSelectFund
Comgest Comgest Growth China GBP U Acc Class Accumulation,,https://www.direct.aviva.co.uk/wealth/FundChoice/SelfSelectFundsList/FundDetails/BFM4NV6/SelfSelectFund
Comgest Comgest Growth Emerging Markets GBP I Acc Class Accumulation,,https://www.direct.aviva.co.uk/wealth/FundChoice/SelfSelectFundsList/FundDetails/B40MC74/SelfSelectFund
Comgest Comgest Growth Emerging Markets Plus GBP U Acc Class Accumulation,,https://www.direct.aviva.co.uk/wealth/FundChoice/SelfSelectFundsList/FundDetails/BK5X3L5/SelfSelectFund
Dodge & Cox Worldwide Funds Plc Dodge & Cox Worldwide Funds plc - U.S. Stock Fund GBP Distributing Class (H) Income,,https://www.direct.aviva.co.uk/wealth/FundChoice/SelfSelectFundsList/FundDetails/BYVQ3J4/SelfSelectFund
Dodge & Cox Worldwide Funds Plc Dodge & Cox Worldwide Funds plc - U.S. Stock Fund GBP Distributing Class Income,,https://www.direct.aviva.co.uk/wealth/FundChoice/SelfSelectFundsList/FundDetails/B51BJD2/SelfSelectFund
Dowgate Wealth Limited SVS Dowgate Cape Wrath Focus Class A Accumulation,,https://www.direct.aviva.co.uk/wealth/FundChoice/SelfSelectFundsList/FundDetails/BYQLQR3/SelfSelectFund
Dowgate Wealth Limited SVS Dowgate Cape Wrath Focus Class B Accumulation,,https://www.direct.aviva.co.uk/wealth/FundChoice/SelfSelectFundsList/FundDetails/BYQLQV7/SelfSelectFund
Dowgate Wealth Limited SVS Dowgate Cape Wrath Focus Class B Income,,https://www.direct.aviva.co.uk/wealth/FundChoice/SelfSelectFundsList/FundDetails/BS6WQM9/SelfSelectFund
Downing LLP VT Downing Unique Opportunities - MERGED Class A Accumulation,,https://www.direct.aviva.co.uk/wealth/FundChoice/SelfSelectFundsList/FundDetails/BHNC261/SelfSelectFund
Downing LLP VT Downing Unique Opportunities - MERGED Class A Income,,https://www.direct.aviva.co.uk/wealth/FundChoice/SelfSelectFundsList/FundDetails/BHNC272/SelfSelectFund
EPFL MM Endurance Balanced Class B Income,,https://www.direct.aviva.co.uk/wealth/FundChoice/SelfSelectFundsList/FundDetails/B43LJX3/SelfSelectFund
EPFL MM Global Investment Class B Income,,https://www.direct.aviva.co.uk/wealth/FundChoice/SelfSelectFundsList/FundDetails/B89C3K3/SelfSelectFund
EPFL SVS Baker Steel Electrum Class B Accumulation,,https://www.direct.aviva.co.uk/wealth/FundChoice/SelfSelectFundsList/FundDetails/BPJGV00/SelfSelectFund
EdenTree Green Future Class B Income,,https://www.direct.aviva.co.uk/wealth/FundChoice/SelfSelectFundsList/FundDetails/BP5FBP6/SelfSelectFund
EdenTree Green Infrastructure Class B Income,,https://www.direct.aviva.co.uk/wealth/FundChoice/SelfSelectFundsList/FundDetails/BNG5Z71/SelfSelectFund
EdenTree Green Infrastructure Class I Accumulation,,https://www.direct.aviva.co.uk/wealth/FundChoice/SelfSelectFundsList/FundDetails/BQMRSF1/SelfSelectFund
EdenTree Short Dated Bond Fund Class B Income,,https://www.direct.aviva.co.uk/wealth/FundChoice/SelfSelectFundsList/FundDetails/BZ012J0/SelfSelectFund
EdenTree Sterling Bond Fund Class B Income,,https://www.direct.aviva.co.uk/wealth/FundChoice/SelfSelectFundsList/FundDetails/B2PF8D2/SelfSelectFund
EdenTree Sustainable European Equity Fund Class B Income,,https://www.direct.aviva.co.uk/wealth/FundChoice/SelfSelectFundsList/FundDetails/0844833/SelfSelectFund
EdenTree Sustainable Global Equity Fund Class B Accumulation,,https://www.direct.aviva.co.uk/wealth/FundChoice/SelfSelectFundsList/FundDetails/BVTDCW2/SelfSelectFund
EdenTree Sustainable Global Equity Fund Class B Income,,https://www.direct.aviva.co.uk/wealth/FundChoice/SelfSelectFundsList/FundDetails/0844907/SelfSelectFund
EdenTree Sustainable Managed Income Class B Income,,https://www.direct.aviva.co.uk/wealth/FundChoice/SelfSelectFundsList/FundDetails/0944971/SelfSelectFund
EdenTree UK Equity Fund Class B Income,,https://www.direct.aviva.co.uk/wealth/FundChoice/SelfSelectFundsList/FundDetails/0937175/SelfSelectFund
FP Foresight Global Real Infrastructure Class A Accumulation,,https://www.direct.aviva.co.uk/wealth/FundChoice/SelfSelectFundsList/FundDetails/BK0T9T8/SelfSelectFund
FP Foresight Global Real Infrastructure Class A Income,,https://www.direct.aviva.co.uk/wealth/FundChoice/SelfSelectFundsList/FundDetails/BK0TB03/SelfSelectFund
FP Foresight Sustainable Future Themes Fund Class A Accumulation,,https://www.direct.aviva.co.uk/wealth/FundChoice/SelfSelectFundsList/FundDetails/BMYRR76/SelfSelectFund
FP Foresight Sustainable Future Themes Fund Class A Income,,https://www.direct.aviva.co.uk/wealth/FundChoice/SelfSelectFundsList/FundDetails/BMYRR87/SelfSelectFund
FP Foresight Sustainable Real Estate Securities Class A Accumulation,,https://www.direct.aviva.co.uk/wealth/FundChoice/SelfSelectFundsList/FundDetails/BMFYBB8/SelfSelectFund
FP Foresight Sustainable Real Estate Securities Class A Income,,https://www.direct.aviva.co.uk/wealth/FundChoice/SelfSelectFundsList/FundDetails/BMFYBC9/SelfSelectFund
FP Foresight UK Infrastructure Income Class A Accumulation,,https://www.direct.aviva.co.uk/wealth/FundChoice/SelfSelectFundsList/FundDetails/BF0VS92/SelfSelectFund
FP Foresight UK Infrastructure Income Class A Income,,https://www.direct.aviva.co.uk/wealth/FundChoice/SelfSelectFundsList/FundDetails/BF0VS81/SelfSelectFund
FP Imperium Adventurous Class A Accumulation,,https://www.direct.aviva.co.uk/wealth/FundChoice/SelfSelectFundsList/FundDetails/BYQ4HR9/SelfSelectFund
FP Imperium Balanced Class A Accumulation,,https://www.direct.aviva.co.uk/wealth/FundChoice/SelfSelectFundsList/FundDetails/BYQ4HM4/SelfSelectFund
FTGF Brandywine Global Opportunistic Fixed Income Class X Income,,https://www.direct.aviva.co.uk/wealth/FundChoice/SelfSelectFundsList/FundDetails/B3TC289/SelfSelectFund
FTGF ClearBridge Global Growth Leaders Class X Accumulation,,https://www.direct.aviva.co.uk/wealth/FundChoice/SelfSelectFundsList/FundDetails/BTHZ4D1/SelfSelectFund
FTGF ClearBridge Infrastructure Value Class X Income,,https://www.direct.aviva.co.uk/wealth/FundChoice/SelfSelectFundsList/FundDetails/BDBBPZ2/SelfSelectFund
FTGF ClearBridge US Equity Sustainability Leaders Class X Accumulation,,https://www.direct.aviva.co.uk/wealth/FundChoice/SelfSelectFundsList/FundDetails/BZ1NPT6/SelfSelectFund
FTGF ClearBridge US Large Cap Growth Class X Accumulation,,https://www.direct.aviva.co.uk/wealth/FundChoice/SelfSelectFundsList/FundDetails/B241D36/SelfSelectFund
FTGF Royce U.S. Small Cap Opportunity Class X Accumulation,,https://www.direct.aviva.co.uk/wealth/FundChoice/SelfSelectFundsList/FundDetails/B23Z8V2/SelfSelectFund
FTGF Royce U.S. Small Cap Opportunity Class X Income,,https://www.direct.aviva.co.uk/wealth/FundChoice/SelfSelectFundsList/FundDetails/B19Z499/SelfSelectFund
FTGF Western Asset Global High Yield Class X Income,,https://www.direct.aviva.co.uk/wealth/FundChoice/SelfSelectFundsList/FundDetails/B53T7Z2/SelfSelectFund
Federated Hermes (UK) LLP Federated Hermes Sterling Cash Plus Class 3 Accumulation,,https://www.direct.aviva.co.uk/wealth/FundChoice/SelfSelectFundsList/FundDetails/B6TNT26/SelfSelectFund
Federated Hermes Asia ex-Japan Equity Class F (Hedged) Accumulation,,https://www.direct.aviva.co.uk/wealth/FundChoice/SelfSelectFundsList/FundDetails/BBL4VQ0/SelfSelectFund
Fidelity (Offshore) FF Global Dividend Class W QInc Income,,https://www.direct.aviva.co.uk/wealth/FundChoice/SelfSelectFundsList/FundDetails/BMQX0H3/SelfSelectFund
Fidelity (Offshore) FF Global Dividend Plus Class W Accumulation,,https://www.direct.aviva.co.uk/wealth/FundChoice/SelfSelectFundsList/FundDetails/BJVDYN1/SelfSelectFund
Fidelity (Offshore) FF Global Dividend W-QINCOME(G)-GBP (hedged) Income,,https://www.direct.aviva.co.uk/wealth/FundChoice/SelfSelectFundsList/FundDetails/BD8PL15/SelfSelectFund
Fidelity (Offshore) FF Global Financial Services Class A Income,,https://www.direct.aviva.co.uk/wealth/FundChoice/SelfSelectFundsList/FundDetails/4362535/SelfSelectFund
Fidelity (Offshore) FF Global Financial Services Class W Accumulation,,https://www.direct.aviva.co.uk/wealth/FundChoice/SelfSelectFundsList/FundDetails/BJVDYZ3/SelfSelectFund
Fidelity (Offshore) FF Global Focus Class W Accumulation,,https://www.direct.aviva.co.uk/wealth/FundChoice/SelfSelectFundsList/FundDetails/BJVDYH5/SelfSelectFund
Fidelity (Offshore) FF Global HealthCare Class W Accumulation,,https://www.direct.aviva.co.uk/wealth/FundChoice/SelfSelectFundsList/FundDetails/BJVDYK8/SelfSelectFund
Fidelity (Offshore) FF Global Industrials Class W Accumulation,,https://www.direct.aviva.co.uk/wealth/FundChoice/SelfSelectFundsList/FundDetails/BJVDYL9/SelfSelectFund
Fidelity (Offshore) FF Global Inflation-Linked Bond Class Y Hedged Income,,https://www.direct.aviva.co.uk/wealth/FundChoice/SelfSelectFundsList/FundDetails/B3DG2S7/SelfSelectFund
Fidelity (Offshore) FF Global Technology Class W Accumulation,,https://www.direct.aviva.co.uk/wealth/FundChoice/SelfSelectFundsList/FundDetails/BJVDZ16/SelfSelectFund
Fidelity (Onshore) Index Japan Class P Accumulation,,https://www.direct.aviva.co.uk/wealth/FundChoice/SelfSelectFundsList/FundDetails/BHZK887/SelfSelectFund
Fidelity (Onshore) Index Japan Class P Income,,https://www.direct.aviva.co.uk/wealth/FundChoice/SelfSelectFundsList/FundDetails/BP8RYP0/SelfSelectFund
Fidelity (Onshore) Index Pacific Ex-Japan Class P Accumulation,,https://www.direct.aviva.co.uk/wealth/FundChoice/SelfSelectFundsList/FundDetails/BHZK8G5/SelfSelectFund
Fidelity (Onshore) Index Pacific Ex-Japan Class P Income,,https://www.direct.aviva.co.uk/wealth/FundChoice/SelfSelectFundsList/FundDetails/BP8RYR2/SelfSelectFund
Fidelity (Onshore) Index Sterling Corporate Bond Class P Accumulation,,https://www.direct.aviva.co.uk/wealth/FundChoice/SelfSelectFundsList/FundDetails/BKX8GD5/SelfSelectFund
Fidelity (Onshore) Index Sterling Corporate Bond Class P Income,,https://www.direct.aviva.co.uk/wealth/FundChoice/SelfSelectFundsList/FundDetails/BKX8GJ1/SelfSelectFund
Fidelity (Onshore) Index UK Class P Accumulation,,https://www.direct.aviva.co.uk/wealth/FundChoice/SelfSelectFundsList/FundDetails/BJS8SF9/SelfSelectFund
Fidelity (Onshore) Index UK Class P Income,,https://www.direct.aviva.co.uk/wealth/FundChoice/SelfSelectFundsList/FundDetails/BP8RY61/SelfSelectFund
Fidelity (Onshore) Index UK Gilt Class P Accumulation,,https://www.direct.aviva.co.uk/wealth/FundChoice/SelfSelectFundsList/FundDetails/BMQ57G7/SelfSelectFund
Fidelity (Onshore) Index UK Gilt Class P Income,,https://www.direct.aviva.co.uk/wealth/FundChoice/SelfSelectFundsList/FundDetails/BMQ59H2/SelfSelectFund
Fidelity (Onshore) UK Equity Income Class W MINC Income,,https://www.direct.aviva.co.uk/wealth/FundChoice/SelfSelectFundsList/FundDetails/BYSYZM8/SelfSelectFund
Fidelity (Onshore) UK Opportunities Class W Accumulation,,https://www.direct.aviva.co.uk/wealth/FundChoice/SelfSelectFundsList/FundDetails/BH7HNY7/SelfSelectFund
Fidelity (Onshore) UK Opportunities Class W Income,,https://www.direct.aviva.co.uk/wealth/FundChoice/SelfSelectFundsList/FundDetails/BH7HNZ8/SelfSelectFund
Fidelity (Onshore) UK Select Class W Accumulation,,https://www.direct.aviva.co.uk/wealth/FundChoice/SelfSelectFundsList/FundDetails/BFRT394/SelfSelectFund
Fidelity (Onshore) UK Smaller Companies Class W Accumulation,,https://www.direct.aviva.co.uk/wealth/FundChoice/SelfSelectFundsList/FundDetails/B7VNMB1/SelfSelectFund
Fiera Capital Fiera Emerging Markets Fund Class B Income,,https://www.direct.aviva.co.uk/wealth/FundChoice/SelfSelectFundsList/FundDetails/B8QB400/SelfSelectFund
Fiera Capital Fiera OAKS EM Select Class B GBP Acc Series 1 Accumulation,,https://www.direct.aviva.co.uk/wealth/FundChoice/SelfSelectFundsList/FundDetails/BKTNQ78/SelfSelectFund
Fiera Capital Magna MENA Class G Accumulation,,https://www.direct.aviva.co.uk/wealth/FundChoice/SelfSelectFundsList/FundDetails/BKRCML3/SelfSelectFund
Findlay Park Findlay Park American Fund Class I GBP Distribution Income,,https://www.direct.aviva.co.uk/wealth/FundChoice/SelfSelectFundsList/FundDetails/BWY58M2/SelfSelectFund
Findlay Park Findlay Park American Fund Class I Hedged GBP Distribution Income,,https://www.direct.aviva.co.uk/wealth/FundChoice/SelfSelectFundsList/FundDetails/B00J0F1/SelfSelectFund
Franklin Templeton FTF Franklin European Unconstrained Fund Class W Accumulation,,https://www.direct.aviva.co.uk/wealth/FundChoice/SelfSelectFundsList/FundDetails/BP9LK97/SelfSelectFund
Franklin Templeton FTF Franklin European Unconstrained Fund Class W Income,,https://www.direct.aviva.co.uk/wealth/FundChoice/SelfSelectFundsList/FundDetails/BP9LKB9/SelfSelectFund
Franklin Templeton FTF Franklin Global Unconstrained Fund Class W Accumulation,,https://www.direct.aviva.co.uk/wealth/FundChoice/SelfSelectFundsList/FundDetails/BP9LKD1/SelfSelectFund
Franklin Templeton FTF Franklin Global Unconstrained Fund Class W Income,,https://www.direct.aviva.co.uk/wealth/FundChoice/SelfSelectFundsList/FundDetails/BP9LKF3/SelfSelectFund
Franklin Templeton FTF Franklin UK Gilt Class W Accumulation,,https://www.direct.aviva.co.uk/wealth/FundChoice/SelfSelectFundsList/FundDetails/BYZCTV2/SelfSelectFund
Franklin Templeton FTF Franklin UK Gilt Class W Income,,https://www.direct.aviva.co.uk/wealth/FundChoice/SelfSelectFundsList/FundDetails/BYZCTW3/SelfSelectFund
Franklin Templeton FTF Franklin US Opportunities Class W Accumulation,,https://www.direct.aviva.co.uk/wealth/FundChoice/SelfSelectFundsList/FundDetails/B7KCG40/SelfSelectFund
Franklin Templeton FTF Royce US Smaller Companies Class W Accumulation,,https://www.direct.aviva.co.uk/wealth/FundChoice/SelfSelectFundsList/FundDetails/BP9LKJ7/SelfSelectFund
Franklin Templeton FTF Templeton Global Emerging Markets Class W Accumulation,,https://www.direct.aviva.co.uk/wealth/FundChoice/SelfSelectFundsList/FundDetails/B7MZ0J0/SelfSelectFund
Franklin Templeton FTF Templeton Global Leaders Class W Accumulation,,https://www.direct.aviva.co.uk/wealth/FundChoice/SelfSelectFundsList/FundDetails/B7K6LK3/SelfSelectFund
GSI GSI Global Aware Focused Value Class B Accumulation,,https://www.direct.aviva.co.uk/wealth/FundChoice/SelfSelectFundsList/FundDetails/BNNMK92/SelfSelectFund
GSI GSI Global Aware Focused Value Class I Accumulation,,https://www.direct.aviva.co.uk/wealth/FundChoice/SelfSelectFundsList/FundDetails/BN7HRS1/SelfSelectFund
GSI GSI Global Aware Focused Value Class J Income,,https://www.direct.aviva.co.uk/wealth/FundChoice/SelfSelectFundsList/FundDetails/BLD4YP8/SelfSelectFund
GSI GSI Global Aware Value Class A Income,,https://www.direct.aviva.co.uk/wealth/FundChoice/SelfSelectFundsList/FundDetails/BZ036B6/SelfSelectFund
GSI GSI Global Aware Value Class B Accumulation,,https://www.direct.aviva.co.uk/wealth/FundChoice/SelfSelectFundsList/FundDetails/BZ036C7/SelfSelectFund
GenFunds Global plc Ardtur European Focus Absolute Return Class I Income,,https://www.direct.aviva.co.uk/wealth/FundChoice/SelfSelectFundsList/FundDetails/BZ1J022/SelfSelectFund
GenFunds Global plc Ardtur European Focus Class I Income,,https://www.direct.aviva.co.uk/wealth/FundChoice/SelfSelectFundsList/FundDetails/BM90BP6/SelfSelectFund
Goldman Sachs Asset Management Absolute Return Tracker Portfolio Class R Income,,https://www.direct.aviva.co.uk/wealth/FundChoice/SelfSelectFundsList/FundDetails/BQ71096/SelfSelectFund
Goldman Sachs Asset Management Asia Equity Portfolio Class R £ Income,,https://www.direct.aviva.co.uk/wealth/FundChoice/SelfSelectFundsList/FundDetails/BYZWWL3/SelfSelectFund
Goldman Sachs Asset Management Asia High Yield Bond Portfolio Class I Income,,https://www.direct.aviva.co.uk/wealth/FundChoice/SelfSelectFundsList/FundDetails/BNG7135/SelfSelectFund
Gravis Capital Gravis UK Listed Property (PAIF) Fund Class A Accumulation,,https://www.direct.aviva.co.uk/wealth/FundChoice/SelfSelectFundsList/FundDetails/BK8VW75/SelfSelectFund
Gravis Capital Gravis UK Listed Property (PAIF) Fund Class A Income,,https://www.direct.aviva.co.uk/wealth/FundChoice/SelfSelectFundsList/FundDetails/BK8VW53/SelfSelectFund
Guinness Asian Equity Income Class Y Accumulation,,https://www.direct.aviva.co.uk/wealth/FundChoice/SelfSelectFundsList/FundDetails/BDHSRD9/SelfSelectFund
Guinness Asian Equity Income Class Y Income,,https://www.direct.aviva.co.uk/wealth/FundChoice/SelfSelectFundsList/FundDetails/BDHSRF1/SelfSelectFund
Guinness Best of Asia Class Y Accumulation,,https://www.direct.aviva.co.uk/wealth/FundChoice/SelfSelectFundsList/FundDetails/BF2VFY4/SelfSelectFund
Guinness China A Share Class Y Accumulation,,https://www.direct.aviva.co.uk/wealth/FundChoice/SelfSelectFundsList/FundDetails/BMH8LR4/SelfSelectFund
Guinness Emerging Markets Equity Income Class F Income,,https://www.direct.aviva.co.uk/wealth/FundChoice/SelfSelectFundsList/FundDetails/BYV24X3/SelfSelectFund
Guinness Emerging Markets Equity Income Class Y Accumulation,,https://www.direct.aviva.co.uk/wealth/FundChoice/SelfSelectFundsList/FundDetails/BYV24Q6/SelfSelectFund
Guinness European Equity Income Class Y Accumulation,,https://www.direct.aviva.co.uk/wealth/FundChoice/SelfSelectFundsList/FundDetails/BYVHVZ9/SelfSelectFund
Guinness Global Energy Class Y Accumulation,,https://www.direct.aviva.co.uk/wealth/FundChoice/SelfSelectFundsList/FundDetails/B6XV001/SelfSelectFund
HSBC Global Strategy Balanced Portfolio Class C Income,,https://www.direct.aviva.co.uk/wealth/FundChoice/SelfSelectFundsList/FundDetails/B7PHDP0/SelfSelectFund
HSBC Global Strategy Cautious Portfolio Class C Accumulation,,https://www.direct.aviva.co.uk/wealth/FundChoice/SelfSelectFundsList/FundDetails/B84DV18/SelfSelectFund
HSBC Global Strategy Cautious Portfolio Class C Income,,https://www.direct.aviva.co.uk/wealth/FundChoice/SelfSelectFundsList/FundDetails/B84L866/SelfSelectFund
HSBC Global Strategy Conservative Portfolio Class C Accumulation,,https://www.direct.aviva.co.uk/wealth/FundChoice/SelfSelectFundsList/FundDetails/BYVXBK2/SelfSelectFund
HSBC Global Strategy Conservative Portfolio Class C Income,,https://www.direct.aviva.co.uk/wealth/FundChoice/SelfSelectFundsList/FundDetails/BYVXBJ1/SelfSelectFund
HSBC Global Strategy Dynamic Portfolio Class C Accumulation,,https://www.direct.aviva.co.uk/wealth/FundChoice/SelfSelectFundsList/FundDetails/B849DT8/SelfSelectFund
HSBC Global Strategy Dynamic Portfolio Class C Income,,https://www.direct.aviva.co.uk/wealth/FundChoice/SelfSelectFundsList/FundDetails/B7NM498/SelfSelectFund
HSBC Global Sukuk Index Class BC Accumulation,,https://www.direct.aviva.co.uk/wealth/FundChoice/SelfSelectFundsList/FundDetails/BN4L195/SelfSelectFund
HSBC Income Class C Accumulation,,https://www.direct.aviva.co.uk/wealth/FundChoice/SelfSelectFundsList/FundDetails/B8FJ159/SelfSelectFund
HSBC Income Class C Income,,https://www.direct.aviva.co.uk/wealth/FundChoice/SelfSelectFundsList/FundDetails/B80L0G4/SelfSelectFund
IFSL 7IM Defensive Strategy Class X Accumulation,,https://www.direct.aviva.co.uk/wealth/FundChoice/SelfSelectFundsList/FundDetails/BQ0KCQ1/SelfSelectFund
IFSL 7IM Global Opportunities Class X Accumulation,,https://www.direct.aviva.co.uk/wealth/FundChoice/SelfSelectFundsList/FundDetails/BQ0KCP0/SelfSelectFund
IFSL Arbion Balanced Opportunities Class A GBP Accumulation,,https://www.direct.aviva.co.uk/wealth/FundChoice/SelfSelectFundsList/FundDetails/BKPC925/SelfSelectFund
IFSL Arbion Balanced Opportunities Class A GBP Income,,https://www.direct.aviva.co.uk/wealth/FundChoice/SelfSelectFundsList/FundDetails/BKPC936/SelfSelectFund
IFSL Arbion Sovereign Opportunities Class A GBP Accumulation,,https://www.direct.aviva.co.uk/wealth/FundChoice/SelfSelectFundsList/FundDetails/BKPC970/SelfSelectFund
IFSL Arbion Sovereign Opportunities Class A GBP Income,,https://www.direct.aviva.co.uk/wealth/FundChoice/SelfSelectFundsList/FundDetails/BKPC981/SelfSelectFund
IFSL Ascot Lloyd Fund 3 Class A Accumulation,,https://www.direct.aviva.co.uk/wealth/FundChoice/SelfSelectFundsList/FundDetails/BJXFKY8/SelfSelectFund
IFSL Ascot Lloyd Fund 3 Class A Income,,https://www.direct.aviva.co.uk/wealth/FundChoice/SelfSelectFundsList/FundDetails/BJXFKZ9/SelfSelectFund
IFSL Ascot Lloyd Fund 4 Class A Accumulation,,https://www.direct.aviva.co.uk/wealth/FundChoice/SelfSelectFundsList/FundDetails/BJXFZ21/SelfSelectFund
IFSL Ascot Lloyd Fund 4 Class A Income,,https://www.direct.aviva.co.uk/wealth/FundChoice/SelfSelectFundsList/FundDetails/BJXFL12/SelfSelectFund
IFSL Marlborough Global High Yield Bond Class P Accumulation,,https://www.direct.aviva.co.uk/wealth/FundChoice/SelfSelectFundsList/FundDetails/BR54GM9/SelfSelectFund
IFSL Marlborough Global High Yield Bond Class P Income,,https://www.direct.aviva.co.uk/wealth/FundChoice/SelfSelectFundsList/FundDetails/B8L7D39/SelfSelectFund
IFSL Marlborough Global Innovation Class P Accumulation,,https://www.direct.aviva.co.uk/wealth/FundChoice/SelfSelectFundsList/FundDetails/B830MV7/SelfSelectFund
IFSL Marlborough Global SmallCap Class X Accumulation,,https://www.direct.aviva.co.uk/wealth/FundChoice/SelfSelectFundsList/FundDetails/BQPB236/SelfSelectFund
IFSL Marlborough Multi Cap Income Class P Accumulation,,https://www.direct.aviva.co.uk/wealth/FundChoice/SelfSelectFundsList/FundDetails/B907VX3/SelfSelectFund
IFSL Marlborough Multi Cap Income Class P Income,,https://www.direct.aviva.co.uk/wealth/FundChoice/SelfSelectFundsList/FundDetails/B908BY7/SelfSelectFund
IFSL Marlborough Multi-Cap Growth Class P Accumulation,,https://www.direct.aviva.co.uk/wealth/FundChoice/SelfSelectFundsList/FundDetails/BR54GN0/SelfSelectFund
IFSL Marlborough Multi-Cap Growth Class P Income,,https://www.direct.aviva.co.uk/wealth/FundChoice/SelfSelectFundsList/FundDetails/B8CQP95/SelfSelectFund
IFSL Marlborough Nano-Cap Growth Class P Accumulation,,https://www.direct.aviva.co.uk/wealth/FundChoice/SelfSelectFundsList/FundDetails/BF2ZV04/SelfSelectFund
IFSL Marlborough Portfolio 3 Class P Accumulation,,https://www.direct.aviva.co.uk/wealth/FundChoice/SelfSelectFundsList/FundDetails/BN2RPL5/SelfSelectFund
Impax Environmental Markets plc Global Emerging Markets Opportunities Class X Accumulation,,https://www.direct.aviva.co.uk/wealth/FundChoice/SelfSelectFundsList/FundDetails/BQ812P5/SelfSelectFund
Impax Environmental Markets plc Global Equity Opportunities Class X Accumulation,,https://www.direct.aviva.co.uk/wealth/FundChoice/SelfSelectFundsList/FundDetails/BJKWZC5/SelfSelectFund
Impax Environmental Markets plc Global Equity Opportunities Class X Income,,https://www.direct.aviva.co.uk/wealth/FundChoice/SelfSelectFundsList/FundDetails/BJKWZD6/SelfSelectFund
Impax Environmental Markets plc Global High Yield Class X (Hedged) Accumulation,,https://www.direct.aviva.co.uk/wealth/FundChoice/SelfSelectFundsList/FundDetails/BPLXSN1/SelfSelectFund
Impax Environmental Markets plc Global Social Leaders Class X Accumulation,,https://www.direct.aviva.co.uk/wealth/FundChoice/SelfSelectFundsList/FundDetails/BMCN572/SelfSelectFund
Impax Environmental Markets plc Listed Infrastructure Class X Accumulation,,https://www.direct.aviva.co.uk/wealth/FundChoice/SelfSelectFundsList/FundDetails/BJLVFG5/SelfSelectFund
Impax Environmental Markets plc Listed Infrastructure Class X Income,,https://www.direct.aviva.co.uk/wealth/FundChoice/SelfSelectFundsList/FundDetails/BJLVFK9/SelfSelectFund
Invesco China Focus Equity Z (GBP) Accumulation,,https://www.direct.aviva.co.uk/wealth/FundChoice/SelfSelectFundsList/FundDetails/BJF8TZ9/SelfSelectFund
Invesco Developing Initiatives Bond Z (GBP-Hgd) Accumulation,,https://www.direct.aviva.co.uk/wealth/FundChoice/SelfSelectFundsList/FundDetails/BJF8TV5/SelfSelectFund
Invesco Emerging Markets Bond II Z (GBP) (CLOSED) Accumulation,,https://www.direct.aviva.co.uk/wealth/FundChoice/SelfSelectFundsList/FundDetails/BJF8TR1/SelfSelectFund
Invesco ICVC Managed Growth (UK) Class Z Income,,https://www.direct.aviva.co.uk/wealth/FundChoice/SelfSelectFundsList/FundDetails/B8N4640/SelfSelectFund
Invesco ICVC Managed Income (UK) Class Z Accumulation,,https://www.direct.aviva.co.uk/wealth/FundChoice/SelfSelectFundsList/FundDetails/B8N4651/SelfSelectFund
Invesco ICVC Managed Income (UK) Class Z Income,,https://www.direct.aviva.co.uk/wealth/FundChoice/SelfSelectFundsList/FundDetails/B8N4662/SelfSelectFund
Invesco ICVC Money (UK) (No Trail) Accumulation,,https://www.direct.aviva.co.uk/wealth/FundChoice/SelfSelectFundsList/FundDetails/3302941/SelfSelectFund
Invesco ICVC Monthly Income Plus (UK) Class Z Accumulation,,https://www.direct.aviva.co.uk/wealth/FundChoice/SelfSelectFundsList/FundDetails/B8N45P4/SelfSelectFund
Invesco ICVC Monthly Income Plus (UK) Class Z Income,,https://www.direct.aviva.co.uk/wealth/FundChoice/SelfSelectFundsList/FundDetails/B8N45Q5/SelfSelectFund
Invesco ICVC Pacific (UK) Class Z Accumulation,,https://www.direct.aviva.co.uk/wealth/FundChoice/SelfSelectFundsList/FundDetails/B8N44X5/SelfSelectFund
Invesco ICVC Pacific (UK) Class Z Income,,https://www.direct.aviva.co.uk/wealth/FundChoice/SelfSelectFundsList/FundDetails/B8N44Y6/SelfSelectFund
Invesco ICVC Summit Growth 1 (UK) Class Z Accumulation,,https://www.direct.aviva.co.uk/wealth/FundChoice/SelfSelectFundsList/FundDetails/BYZHL11/SelfSelectFund
Invesco ICVC Summit Growth 2 (UK) Class Z Accumulation,,https://www.direct.aviva.co.uk/wealth/FundChoice/SelfSelectFundsList/FundDetails/BYZHL44/SelfSelectFund
J O Hambro CM UK Equity Income Class IP Income,,https://www.direct.aviva.co.uk/wealth/FundChoice/SelfSelectFundsList/FundDetails/B95FCK6/SelfSelectFund
JK Investment JK Japan GBP (Unhedged) Accumulation,,https://www.direct.aviva.co.uk/wealth/FundChoice/SelfSelectFundsList/FundDetails/BMY4TW6/SelfSelectFund
JK Investment JK Japan GBP Accumulation,,https://www.direct.aviva.co.uk/wealth/FundChoice/SelfSelectFundsList/FundDetails/BJBY7B3/SelfSelectFund
JPMorgan Fund ICVC Asia Growth Class C Accumulation,,https://www.direct.aviva.co.uk/wealth/FundChoice/SelfSelectFundsList/FundDetails/B235GR4/SelfSelectFund
JPMorgan Fund ICVC Asia Growth Class C Income,,https://www.direct.aviva.co.uk/wealth/FundChoice/SelfSelectFundsList/FundDetails/B235H04/SelfSelectFund
JPMorgan Fund ICVC Asia Pacific Equity Class C - Net Accumulation,,https://www.direct.aviva.co.uk/wealth/FundChoice/SelfSelectFundsList/FundDetails/BJRD402/SelfSelectFund
JPMorgan Fund ICVC China Class C - Net Accumulation,,https://www.direct.aviva.co.uk/wealth/FundChoice/SelfSelectFundsList/FundDetails/BLH0CG9/SelfSelectFund
JPMorgan Fund ICVC Emerging Europe Equity Class C - Net Accumulation,,https://www.direct.aviva.co.uk/wealth/FundChoice/SelfSelectFundsList/FundDetails/B8DLLD5/SelfSelectFund
JPMorgan Fund ICVC Emerging Europe Equity Class C - Net Income,,https://www.direct.aviva.co.uk/wealth/FundChoice/SelfSelectFundsList/FundDetails/B5NK2V6/SelfSelectFund
JPMorgan Fund ICVC Emerging Europe Equity II Class C Accumulation,,https://www.direct.aviva.co.uk/wealth/FundChoice/SelfSelectFundsList/FundDetails/BNTD9T2/SelfSelectFund
JPMorgan Fund ICVC UK Equity Core Class E Quarterly Accumulation,,https://www.direct.aviva.co.uk/wealth/FundChoice/SelfSelectFundsList/FundDetails/BF09LN1/SelfSelectFund
JPMorgan Fund ICVC UK Equity Core Class E Quarterly Income,,https://www.direct.aviva.co.uk/wealth/FundChoice/SelfSelectFundsList/FundDetails/BYM41F9/SelfSelectFund
JPMorgan Fund ICVC UK Equity Growth Class C - Net Accumulation,,https://www.direct.aviva.co.uk/wealth/FundChoice/SelfSelectFundsList/FundDetails/B3FJQD7/SelfSelectFund
JPMorgan Fund ICVC UK Equity Growth Class C - Net Income,,https://www.direct.aviva.co.uk/wealth/FundChoice/SelfSelectFundsList/FundDetails/B3FJQH1/SelfSelectFund
JPMorgan Fund ICVC UK Government Bond Class C - Gross Accumulation,,https://www.direct.aviva.co.uk/wealth/FundChoice/SelfSelectFundsList/FundDetails/BJRDD27/SelfSelectFund
JPMorgan Fund ICVC US Equity Income Class C - Net (Hedged) Income,,https://www.direct.aviva.co.uk/wealth/FundChoice/SelfSelectFundsList/FundDetails/B7N0306/SelfSelectFund
JPMorgan Fund ICVC US Equity Income Class C Accumulation,,https://www.direct.aviva.co.uk/wealth/FundChoice/SelfSelectFundsList/FundDetails/B3FJQ48/SelfSelectFund
JPMorgan Fund ICVC US Equity Income Class C Income,,https://www.direct.aviva.co.uk/wealth/FundChoice/SelfSelectFundsList/FundDetails/B3FJQ59/SelfSelectFund
JPMorgan Fund ICVC US Research Enhanced Index Equity Class E - Net Accumulation,,https://www.direct.aviva.co.uk/wealth/FundChoice/SelfSelectFundsList/FundDetails/BJRCPT5/SelfSelectFund
JPMorgan Fund ICVC US Select Class C - Net Income,,https://www.direct.aviva.co.uk/wealth/FundChoice/SelfSelectFundsList/FundDetails/B2Q5DQ9/SelfSelectFund
JPMorgan Funds Multi-Manager Alternatives Fund (GBP Hedged) C Accumulation,,https://www.direct.aviva.co.uk/wealth/FundChoice/SelfSelectFundsList/FundDetails/BYTSJ05/SelfSelectFund
JPMorgan Funds Multi-Manager Alternatives Fund (GBP Hedged) C Income,,https://www.direct.aviva.co.uk/wealth/FundChoice/SelfSelectFundsList/FundDetails/BLR77H6/SelfSelectFund
JPMorgan Funds Taiwan Fund C Income,,https://www.direct.aviva.co.uk/wealth/FundChoice/SelfSelectFundsList/FundDetails/BMXMZL2/SelfSelectFund
JPMorgan Funds US Equity All Cap Fund C Income,,https://www.direct.aviva.co.uk/wealth/FundChoice/SelfSelectFundsList/FundDetails/BQ5BZ37/SelfSelectFund
JPMorgan Funds US Growth Fund C Income,,https://www.direct.aviva.co.uk/wealth/FundChoice/SelfSelectFundsList/FundDetails/B463WR1/SelfSelectFund
JPMorgan Funds US Select Equity Plus Fund (GBP Hedged) C Income,,https://www.direct.aviva.co.uk/wealth/FundChoice/SelfSelectFundsList/FundDetails/B6SKJ40/SelfSelectFund
JPMorgan Funds US Select Equity Plus Fund C Income,,https://www.direct.aviva.co.uk/wealth/FundChoice/SelfSelectFundsList/FundDetails/B83P472/SelfSelectFund
JPMorgan Funds US Value Fund C Income,,https://www.direct.aviva.co.uk/wealth/FundChoice/SelfSelectFundsList/FundDetails/B7JVJ72/SelfSelectFund
JPMorgan Investment Funds Europe Strategic Dividend Fund C Income,,https://www.direct.aviva.co.uk/wealth/FundChoice/SelfSelectFundsList/FundDetails/B94R173/SelfSelectFund
JPMorgan Investment Funds Global High Yield Bond Fund (GBP Hedged) C Income,,https://www.direct.aviva.co.uk/wealth/FundChoice/SelfSelectFundsList/FundDetails/B94QCS8/SelfSelectFund
Janus Henderson Investors Japan Opportunities Class I Accumulation,,https://www.direct.aviva.co.uk/wealth/FundChoice/SelfSelectFundsList/FundDetails/0768502/SelfSelectFund
Janus Henderson Investors Multi-Asset Absolute Return Class I Accumulation,,https://www.direct.aviva.co.uk/wealth/FundChoice/SelfSelectFundsList/FundDetails/B8113P3/SelfSelectFund
Janus Henderson Investors Multi-Manager Active Class I Accumulation,,https://www.direct.aviva.co.uk/wealth/FundChoice/SelfSelectFundsList/FundDetails/B83VFR7/SelfSelectFund
Janus Henderson Investors Multi-Manager Distribution Fund Class I Income,,https://www.direct.aviva.co.uk/wealth/FundChoice/SelfSelectFundsList/FundDetails/B87K990/SelfSelectFund
Janus Henderson Investors Multi-Manager Diversified Fund Class I Accumulation,,https://www.direct.aviva.co.uk/wealth/FundChoice/SelfSelectFundsList/FundDetails/BHB1YY2/SelfSelectFund
Janus Henderson Investors Multi-Manager Diversified Fund Class I Income,,https://www.direct.aviva.co.uk/wealth/FundChoice/SelfSelectFundsList/FundDetails/B5TPWM6/SelfSelectFund
Janus Henderson Investors Multi-Manager Global Select Class I Accumulation,,https://www.direct.aviva.co.uk/wealth/FundChoice/SelfSelectFundsList/FundDetails/B8B6NJ2/SelfSelectFund
Janus Henderson Investors Multi-Manager Income & Growth Fund Class I Accumulation,,https://www.direct.aviva.co.uk/wealth/FundChoice/SelfSelectFundsList/FundDetails/BFDTFW5/SelfSelectFund
Janus Henderson Investors Multi-Manager Income & Growth Fund Class I Income,,https://www.direct.aviva.co.uk/wealth/FundChoice/SelfSelectFundsList/FundDetails/B88HSJ3/SelfSelectFund
Janus Henderson Investors Multi-Manager Managed Class I Accumulation,,https://www.direct.aviva.co.uk/wealth/FundChoice/SelfSelectFundsList/FundDetails/B7JZZK9/SelfSelectFund
Jupiter Global Merian North American Equity (IRL) Class I Hedged Accumulation,,https://www.direct.aviva.co.uk/wealth/FundChoice/SelfSelectFundsList/FundDetails/BYR8HP8/SelfSelectFund
Jupiter Global Merian World Equity Class I Income,,https://www.direct.aviva.co.uk/wealth/FundChoice/SelfSelectFundsList/FundDetails/BYR8H58/SelfSelectFund
Jupiter Global Merian World Equity Class R Accumulation,,https://www.direct.aviva.co.uk/wealth/FundChoice/SelfSelectFundsList/FundDetails/B8XXJW6/SelfSelectFund
Jupiter Global Origin Global Emerging Markets Fund (IRL) Class R Accumulation,,https://www.direct.aviva.co.uk/wealth/FundChoice/SelfSelectFundsList/FundDetails/B8Y1GV7/SelfSelectFund
Jupiter Global Pan European Smaller Companies Class D HSC Accumulation,,https://www.direct.aviva.co.uk/wealth/FundChoice/SelfSelectFundsList/FundDetails/BK70PJ6/SelfSelectFund
Jupiter Global Strategic Absolute Return Bond Fund Class I Hedged Accumulation,,https://www.direct.aviva.co.uk/wealth/FundChoice/SelfSelectFundsList/FundDetails/BF1F1K5/SelfSelectFund
Jupiter Global Systematic Consumer Trends Class I Accumulation,,https://www.direct.aviva.co.uk/wealth/FundChoice/SelfSelectFundsList/FundDetails/BRBXY26/SelfSelectFund
Jupiter Global Systematic Demographic Opportunities Class I Accumulation,,https://www.direct.aviva.co.uk/wealth/FundChoice/SelfSelectFundsList/FundDetails/BRBXYJ3/SelfSelectFund
Jupiter Global Systematic Disruptive Technology Class I Accumulation,,https://www.direct.aviva.co.uk/wealth/FundChoice/SelfSelectFundsList/FundDetails/BRBXXV8/SelfSelectFund
Jupiter Global Systematic Healthcare Innovation Class I Accumulation,,https://www.direct.aviva.co.uk/wealth/FundChoice/SelfSelectFundsList/FundDetails/BRBXY93/SelfSelectFund
Jupiter UK Mid Cap Class Z1 Income,,https://www.direct.aviva.co.uk/wealth/FundChoice/SelfSelectFundsList/FundDetails/BHBX8M4/SelfSelectFund
Jupiter UK Multi Cap Income Class W Accumulation,,https://www.direct.aviva.co.uk/wealth/FundChoice/SelfSelectFundsList/FundDetails/BRC7L26/SelfSelectFund
Jupiter UK Multi Cap Income Class W Income,,https://www.direct.aviva.co.uk/wealth/FundChoice/SelfSelectFundsList/FundDetails/BRC7L37/SelfSelectFund
Jupiter UK Smaller Companies Class I Accumulation,,https://www.direct.aviva.co.uk/wealth/FundChoice/SelfSelectFundsList/FundDetails/B1XG959/SelfSelectFund
Jupiter UK Smaller Companies Class I Income,,https://www.direct.aviva.co.uk/wealth/FundChoice/SelfSelectFundsList/FundDetails/B8FD429/SelfSelectFund
KBI Global Energy Transition Fund Class A Accumulation,,https://www.direct.aviva.co.uk/wealth/FundChoice/SelfSelectFundsList/FundDetails/B2Q0LF9/SelfSelectFund
KBI Global Sustainable Infrastructure Fund Class A Accumulation,,https://www.direct.aviva.co.uk/wealth/FundChoice/SelfSelectFundsList/FundDetails/BN7CHR5/SelfSelectFund
Kempen Investment Management N.V. Kempen (Lux) Global Listed Infrastructure Fund Class J Income,,https://www.direct.aviva.co.uk/wealth/FundChoice/SelfSelectFundsList/FundDetails/BN4PV42/SelfSelectFund
Kempen Investment Management N.V. Kempen (Lux) Global Property Fund Class I Income,,https://www.direct.aviva.co.uk/wealth/FundChoice/SelfSelectFundsList/FundDetails/BK1WWS6/SelfSelectFund
Kennox SVS Kennox Strategic Value Class A Shares Accumulation,,https://www.direct.aviva.co.uk/wealth/FundChoice/SelfSelectFundsList/FundDetails/B9B3CY8/SelfSelectFund
Lazard Global Equity Income Class C Income,,https://www.direct.aviva.co.uk/wealth/FundChoice/SelfSelectFundsList/FundDetails/B7YWW37/SelfSelectFund
Lazard Global Global Convertibles Recovery Class C Accumulation,,https://www.direct.aviva.co.uk/wealth/FundChoice/SelfSelectFundsList/FundDetails/BLD0YS9/SelfSelectFund
Lazard Global Global Convertibles Recovery Class C Income,,https://www.direct.aviva.co.uk/wealth/FundChoice/SelfSelectFundsList/FundDetails/BLD0YT0/SelfSelectFund
Lazard Global Global Equity Franchise Class A Accumulation,,https://www.direct.aviva.co.uk/wealth/FundChoice/SelfSelectFundsList/FundDetails/BYR8Q28/SelfSelectFund
Lazard Global Global Equity Franchise Class C Accumulation,,https://www.direct.aviva.co.uk/wealth/FundChoice/SelfSelectFundsList/FundDetails/BF2N1T7/SelfSelectFund
Lazard Global Global Equity Franchise Class C Income,,https://www.direct.aviva.co.uk/wealth/FundChoice/SelfSelectFundsList/FundDetails/BF2N1R5/SelfSelectFund
Lazard Global Global Listed Infrastructure Equity Class A Accumulation,,https://www.direct.aviva.co.uk/wealth/FundChoice/SelfSelectFundsList/FundDetails/B5NXD34/SelfSelectFund
Lazard Global Global Listed Infrastructure Equity Class A Income,,https://www.direct.aviva.co.uk/wealth/FundChoice/SelfSelectFundsList/FundDetails/B5NJXH6/SelfSelectFund
Lazard Global Global Sustainable Equity Class CA Accumulation,,https://www.direct.aviva.co.uk/wealth/FundChoice/SelfSelectFundsList/FundDetails/BM952M5/SelfSelectFund
Lazard Global Global Thematic Focus Class CA Accumulation,,https://www.direct.aviva.co.uk/wealth/FundChoice/SelfSelectFundsList/FundDetails/BLDBNC9/SelfSelectFund
Legal & General Future World ESG Screened and Selected Multi-Index 4 Class I Income,,https://www.direct.aviva.co.uk/wealth/FundChoice/SelfSelectFundsList/FundDetails/BJ0M398/SelfSelectFund
Legal & General Future World ESG Screened and Selected Multi-Index 5 Class I Accumulation,,https://www.direct.aviva.co.uk/wealth/FundChoice/SelfSelectFundsList/FundDetails/BJ0LSD4/SelfSelectFund
Legal & General Future World ESG Screened and Selected Multi-Index 5 Class I Income,,https://www.direct.aviva.co.uk/wealth/FundChoice/SelfSelectFundsList/FundDetails/BJ0LSF6/SelfSelectFund
Legal & General Future World ESG Screened and Selected Multi-Index 6 I Accumulation,,https://www.direct.aviva.co.uk/wealth/FundChoice/SelfSelectFundsList/FundDetails/BMX5HR1/SelfSelectFund
Legal & General Future World ESG Screened and Selected Multi-Index 6 I Income,,https://www.direct.aviva.co.uk/wealth/FundChoice/SelfSelectFundsList/FundDetails/BMX5HS2/SelfSelectFund
Legal & General Future World ESG Screened and Selected Multi-Index 7 I Accumulation,,https://www.direct.aviva.co.uk/wealth/FundChoice/SelfSelectFundsList/FundDetails/BMX5V13/SelfSelectFund
Legal & General Future World ESG Screened and Selected Multi-Index 7 I Income,,https://www.direct.aviva.co.uk/wealth/FundChoice/SelfSelectFundsList/FundDetails/BMX5V24/SelfSelectFund
Legal & General Future World ESG Tilted & Optimised Developed Index Class I Accumulation,,https://www.direct.aviva.co.uk/wealth/FundChoice/SelfSelectFundsList/FundDetails/BYWQWW9/SelfSelectFund
Legal & General Future World ESG Tilted & Optimised Developed Index Class I Income,,https://www.direct.aviva.co.uk/wealth/FundChoice/SelfSelectFundsList/FundDetails/BYWQWX0/SelfSelectFund
Legal & General Future World ESG Tilted and Optimised Asia Pacific Index I Accumulation,,https://www.direct.aviva.co.uk/wealth/FundChoice/SelfSelectFundsList/FundDetails/BL693S6/SelfSelectFund
Legal & General Mixed Investment Income 20-60% Fund I Income,,https://www.direct.aviva.co.uk/wealth/FundChoice/SelfSelectFundsList/FundDetails/BYW6BZ5/SelfSelectFund
Legal & General Multi Manager Balanced Trust I Accumulation,,https://www.direct.aviva.co.uk/wealth/FundChoice/SelfSelectFundsList/FundDetails/B8L2594/SelfSelectFund
Legal & General Multi Manager Balanced Trust I Income,,https://www.direct.aviva.co.uk/wealth/FundChoice/SelfSelectFundsList/FundDetails/B8L29M5/SelfSelectFund
Legal & General Multi Manager Growth Trust I Accumulation,,https://www.direct.aviva.co.uk/wealth/FundChoice/SelfSelectFundsList/FundDetails/B8L2B30/SelfSelectFund
Legal & General Multi Manager Growth Trust I Income,,https://www.direct.aviva.co.uk/wealth/FundChoice/SelfSelectFundsList/FundDetails/B8L2FY9/SelfSelectFund
Legal & General Multi Manager Income Trust I Accumulation,,https://www.direct.aviva.co.uk/wealth/FundChoice/SelfSelectFundsList/FundDetails/B8L2GH9/SelfSelectFund
Legal & General Multi Manager Income Trust I Income,,https://www.direct.aviva.co.uk/wealth/FundChoice/SelfSelectFundsList/FundDetails/B8L2GX5/SelfSelectFund
Legal & General Multi-Asset Target Return Fund I Accumulation,,https://www.direct.aviva.co.uk/wealth/FundChoice/SelfSelectFundsList/FundDetails/BD97XY7/SelfSelectFund
Legal & General Multi-Asset Target Return Fund I Income,,https://www.direct.aviva.co.uk/wealth/FundChoice/SelfSelectFundsList/FundDetails/BHL3HB6/SelfSelectFund
Legal & General Multi-Index 3 Fund I Accumulation,,https://www.direct.aviva.co.uk/wealth/FundChoice/SelfSelectFundsList/FundDetails/B975174/SelfSelectFund
Lindsell Train Global Equity Class B Accumulation,,https://www.direct.aviva.co.uk/wealth/FundChoice/SelfSelectFundsList/FundDetails/BP2P6W1/SelfSelectFund
Lindsell Train Japanese Equity Class B - Sterling Hgd - Distributing Income,,https://www.direct.aviva.co.uk/wealth/FundChoice/SelfSelectFundsList/FundDetails/B3MSSB9/SelfSelectFund
Lindsell Train Japanese Equity Class B Sterling – Distributing Income,,https://www.direct.aviva.co.uk/wealth/FundChoice/SelfSelectFundsList/FundDetails/B7FGDC4/SelfSelectFund
Lindsell Train WS Lindsell Train UK Equity Accumulation Accumulation,,https://www.direct.aviva.co.uk/wealth/FundChoice/SelfSelectFundsList/FundDetails/B18B9X7/SelfSelectFund
Lindsell Train WS Lindsell Train UK Equity Income Income,,https://www.direct.aviva.co.uk/wealth/FundChoice/SelfSelectFundsList/FundDetails/B18B9V5/SelfSelectFund
Liontrust Balanced Class C Accumulation,,https://www.direct.aviva.co.uk/wealth/FundChoice/SelfSelectFundsList/FundDetails/B85K721/SelfSelectFund
Liontrust Balanced Class C Income,,https://www.direct.aviva.co.uk/wealth/FundChoice/SelfSelectFundsList/FundDetails/B83H6G1/SelfSelectFund
Liontrust China Class C Accumulation,,https://www.direct.aviva.co.uk/wealth/FundChoice/SelfSelectFundsList/FundDetails/B5Q3858/SelfSelectFund
Liontrust Emerging Markets Class C Accumulation,,https://www.direct.aviva.co.uk/wealth/FundChoice/SelfSelectFundsList/FundDetails/B8J6SV1/SelfSelectFund
Liontrust European Dynamic Class I Accumulation,,https://www.direct.aviva.co.uk/wealth/FundChoice/SelfSelectFundsList/FundDetails/BMW30Z5/SelfSelectFund
Liontrust Multi Asset Dynamic Passive Progressive Class D (Net) Accumulation,,https://www.direct.aviva.co.uk/wealth/FundChoice/SelfSelectFundsList/FundDetails/BNGNDJ3/SelfSelectFund
Liontrust Multi Asset Dynamic Passive Progressive Class S (Net) Accumulation,,https://www.direct.aviva.co.uk/wealth/FundChoice/SelfSelectFundsList/FundDetails/BCZW4W4/SelfSelectFund
Liontrust Multi Asset Dynamic Passive Progressive Class Z (Net) Accumulation,,https://www.direct.aviva.co.uk/wealth/FundChoice/SelfSelectFundsList/FundDetails/B843VK7/SelfSelectFund
Liontrust Multi Asset Dynamic Passive Prudent Class D (Net) Accumulation,,https://www.direct.aviva.co.uk/wealth/FundChoice/SelfSelectFundsList/FundDetails/BNGNDM6/SelfSelectFund
Liontrust Multi Asset Dynamic Passive Prudent Class S (Net) Accumulation,,https://www.direct.aviva.co.uk/wealth/FundChoice/SelfSelectFundsList/FundDetails/BCZW4Z7/SelfSelectFund
Liontrust Multi Asset Dynamic Passive Prudent Class Z (Net) Accumulation,,https://www.direct.aviva.co.uk/wealth/FundChoice/SelfSelectFundsList/FundDetails/B8KHC88/SelfSelectFund
Liontrust Multi Asset Dynamic Passive Reserve Class D (Net) Accumulation,,https://www.direct.aviva.co.uk/wealth/FundChoice/SelfSelectFundsList/FundDetails/BNGNDF9/SelfSelectFund
Liontrust Multi Asset Dynamic Passive Reserve Class S (Net) Accumulation,,https://www.direct.aviva.co.uk/wealth/FundChoice/SelfSelectFundsList/FundDetails/BCZW4S0/SelfSelectFund
Liontrust Multi Asset Dynamic Passive Reserve Class Z (Net) Accumulation,,https://www.direct.aviva.co.uk/wealth/FundChoice/SelfSelectFundsList/FundDetails/B8KTT49/SelfSelectFund
Liontrust Multi Asset Explorer 100 Class A (Net) Accumulation,,https://www.direct.aviva.co.uk/wealth/FundChoice/SelfSelectFundsList/FundDetails/B6ZRLF9/SelfSelectFund
Liontrust UK Growth Class I Income,,https://www.direct.aviva.co.uk/wealth/FundChoice/SelfSelectFundsList/FundDetails/BNGB8J2/SelfSelectFund
Liontrust UK Micro Cap Instituional Accumulation,,https://www.direct.aviva.co.uk/wealth/FundChoice/SelfSelectFundsList/FundDetails/BDFYHP1/SelfSelectFund
Liontrust UK Smaller Companies Class I Accumulation,,https://www.direct.aviva.co.uk/wealth/FundChoice/SelfSelectFundsList/FundDetails/B8HWPP4/SelfSelectFund
Liontrust UK Smaller Companies Class I Income,,https://www.direct.aviva.co.uk/wealth/FundChoice/SelfSelectFundsList/FundDetails/B57TMD1/SelfSelectFund
Liontrust US Opportunities Class C Accumulation,,https://www.direct.aviva.co.uk/wealth/FundChoice/SelfSelectFundsList/FundDetails/B7K9LQ8/SelfSelectFund
Lombard Odier All Roads Class (GBP) - NA Accumulation,,https://www.direct.aviva.co.uk/wealth/FundChoice/SelfSelectFundsList/FundDetails/BD7VGS6/SelfSelectFund
Lombard Odier All Roads Class Syst. NAV Hdg (GBP) - ND Income,,https://www.direct.aviva.co.uk/wealth/FundChoice/SelfSelectFundsList/FundDetails/BQ7XD60/SelfSelectFund
Lombard Odier Asia High Conviction Class Syst. NAV Hdg (GBP) - NA Accumulation,,https://www.direct.aviva.co.uk/wealth/FundChoice/SelfSelectFundsList/FundDetails/BD5Z561/SelfSelectFund
Lombard Odier Asia Value Bond Class Syst. NAV Hdg (GBP) - NA Accumulation,,https://www.direct.aviva.co.uk/wealth/FundChoice/SelfSelectFundsList/FundDetails/BD5Z3T0/SelfSelectFund
Lombard Odier Asia Value Bond Class Syst. NAV Hdg (GBP) - ND Income,,https://www.direct.aviva.co.uk/wealth/FundChoice/SelfSelectFundsList/FundDetails/BD5Z3V2/SelfSelectFund
M&G Episode Growth Class I GBP Accumulation,,https://www.direct.aviva.co.uk/wealth/FundChoice/SelfSelectFundsList/FundDetails/B5V3ZY1/SelfSelectFund
M&G Episode Growth Class I GBP Income,,https://www.direct.aviva.co.uk/wealth/FundChoice/SelfSelectFundsList/FundDetails/B708D14/SelfSelectFund
M&G European Sustain Paris Aligned Class I GBP Accumulation,,https://www.direct.aviva.co.uk/wealth/FundChoice/SelfSelectFundsList/FundDetails/B5ZSNC6/SelfSelectFund
M&G European Sustain Paris Aligned Class I GBP Income,,https://www.direct.aviva.co.uk/wealth/FundChoice/SelfSelectFundsList/FundDetails/B6T93L1/SelfSelectFund
M&G European ex-UK Class Sterling I Accumulation,,https://www.direct.aviva.co.uk/wealth/FundChoice/SelfSelectFundsList/FundDetails/BM8HSJ1/SelfSelectFund
M&G European ex-UK Class Sterling I Income,,https://www.direct.aviva.co.uk/wealth/FundChoice/SelfSelectFundsList/FundDetails/BM8HSK2/SelfSelectFund
M&G Feeder of Property Portfolio (CLOSED) Class I GBP Accumulation,,https://www.direct.aviva.co.uk/wealth/FundChoice/SelfSelectFundsList/FundDetails/B7SX7S6/SelfSelectFund
M&G Feeder of Property Portfolio (CLOSED) Class I GBP Income,,https://www.direct.aviva.co.uk/wealth/FundChoice/SelfSelectFundsList/FundDetails/B842HT5/SelfSelectFund
M&G Gilt & Fixed Interest Income Class I GBP Accumulation,,https://www.direct.aviva.co.uk/wealth/FundChoice/SelfSelectFundsList/FundDetails/B734BY8/SelfSelectFund
M&G Gilt & Fixed Interest Income Class I GBP Income,,https://www.direct.aviva.co.uk/wealth/FundChoice/SelfSelectFundsList/FundDetails/B7454D0/SelfSelectFund
M&G North American Dividend Class I-H GBP Income,,https://www.direct.aviva.co.uk/wealth/FundChoice/SelfSelectFundsList/FundDetails/BJXT6X1/SelfSelectFund
M&G North American Value Class I GBP Accumulation,,https://www.direct.aviva.co.uk/wealth/FundChoice/SelfSelectFundsList/FundDetails/B61S424/SelfSelectFund
M&G North American Value Class I GBP Income,,https://www.direct.aviva.co.uk/wealth/FundChoice/SelfSelectFundsList/FundDetails/B77CF02/SelfSelectFund
M&G Optimal Income Class I GBP Accumulation,,https://www.direct.aviva.co.uk/wealth/FundChoice/SelfSelectFundsList/FundDetails/B1H0571/SelfSelectFund
M&G Optimal Income Class I GBP Income,,https://www.direct.aviva.co.uk/wealth/FundChoice/SelfSelectFundsList/FundDetails/B1H0560/SelfSelectFund
M&G Positive Impact Class I GBP Accumulation,,https://www.direct.aviva.co.uk/wealth/FundChoice/SelfSelectFundsList/FundDetails/BG886B0/SelfSelectFund
M&G Positive Impact Class I GBP Income,,https://www.direct.aviva.co.uk/wealth/FundChoice/SelfSelectFundsList/FundDetails/BG886C1/SelfSelectFund
M&G Property Portfolio (CLOSED) Class I GBP Accumulation,,https://www.direct.aviva.co.uk/wealth/FundChoice/SelfSelectFundsList/FundDetails/B8FYD92/SelfSelectFund
M&G Property Portfolio (CLOSED) Class I GBP Income,,https://www.direct.aviva.co.uk/wealth/FundChoice/SelfSelectFundsList/FundDetails/B89X8P6/SelfSelectFund
M&G Recovery Class I GBP Accumulation,,https://www.direct.aviva.co.uk/wealth/FundChoice/SelfSelectFundsList/FundDetails/B4X1L37/SelfSelectFund
MFS Meridian MFS Meridian Funds - U.S. Total Return Bond Class WH1 Accumulation,,https://www.direct.aviva.co.uk/wealth/FundChoice/SelfSelectFundsList/FundDetails/BVC3LZ5/SelfSelectFund
MFS Meridian MFS Meridian Funds - U.S. Value Class WH1 Accumulation,,https://www.direct.aviva.co.uk/wealth/FundChoice/SelfSelectFundsList/FundDetails/B46DHG5/SelfSelectFund
MI Charles Stanley MI Charles Stanley Monthly High Income Fund Class C Accumulation,,https://www.direct.aviva.co.uk/wealth/FundChoice/SelfSelectFundsList/FundDetails/B92V304/SelfSelectFund
MI Charles Stanley MI Charles Stanley Monthly High Income Fund Class C Income,,https://www.direct.aviva.co.uk/wealth/FundChoice/SelfSelectFundsList/FundDetails/B92V326/SelfSelectFund
MI Charles Stanley MI Charles Stanley Multi Assets Adventurous Class A Accumulation,,https://www.direct.aviva.co.uk/wealth/FundChoice/SelfSelectFundsList/FundDetails/BD89MM5/SelfSelectFund
MI Charles Stanley MI Charles Stanley Multi Assets Adventurous Class A Income,,https://www.direct.aviva.co.uk/wealth/FundChoice/SelfSelectFundsList/FundDetails/BD89ML4/SelfSelectFund
MI Charles Stanley MI Charles Stanley Multi Assets Cautious Class A Accumulation,,https://www.direct.aviva.co.uk/wealth/FundChoice/SelfSelectFundsList/FundDetails/BD89MF8/SelfSelectFund
MI Charles Stanley MI Charles Stanley Multi Assets Cautious Class A Income,,https://www.direct.aviva.co.uk/wealth/FundChoice/SelfSelectFundsList/FundDetails/BD89MD6/SelfSelectFund
MI Charles Stanley MI Charles Stanley Multi Assets Growth Class A Accumulation,,https://www.direct.aviva.co.uk/wealth/FundChoice/SelfSelectFundsList/FundDetails/BD89MK3/SelfSelectFund
MI Charles Stanley MI Charles Stanley Multi Assets Growth Class A Income,,https://www.direct.aviva.co.uk/wealth/FundChoice/SelfSelectFundsList/FundDetails/BD89MJ2/SelfSelectFund
MI Select Managers UK Equity Fund Class O Accumulation,,https://www.direct.aviva.co.uk/wealth/FundChoice/SelfSelectFundsList/FundDetails/BK8Y4L2/SelfSelectFund
MI Select Managers UK Equity Fund Class O Income,,https://www.direct.aviva.co.uk/wealth/FundChoice/SelfSelectFundsList/FundDetails/BK8Y4K1/SelfSelectFund
MI Select Managers UK Equity Income Fund Class O Accumulation,,https://www.direct.aviva.co.uk/wealth/FundChoice/SelfSelectFundsList/FundDetails/BK8Y4N4/SelfSelectFund
MI Select Managers UK Equity Income Fund Class O Income,,https://www.direct.aviva.co.uk/wealth/FundChoice/SelfSelectFundsList/FundDetails/BK8Y4M3/SelfSelectFund
MI Thornbridge MI Thornbridge Global Opportunities Class C Accumulation,,https://www.direct.aviva.co.uk/wealth/FundChoice/SelfSelectFundsList/FundDetails/B5TP8W8/SelfSelectFund
MI Thornbridge MI Thornbridge Global Opportunities Class C Income,,https://www.direct.aviva.co.uk/wealth/FundChoice/SelfSelectFundsList/FundDetails/B5SZCM7/SelfSelectFund
MI TwentyFour Investment Funds Asset Backed Opportunities Class I Gross Accumulation,,https://www.direct.aviva.co.uk/wealth/FundChoice/SelfSelectFundsList/FundDetails/BRJV820/SelfSelectFund
MI TwentyFour Investment Funds Asset Backed Opportunities Class I Gross Income,,https://www.direct.aviva.co.uk/wealth/FundChoice/SelfSelectFundsList/FundDetails/BD5D3D8/SelfSelectFund
MI TwentyFour Investment Funds Dynamic Bond Class I Gross Accumulation,,https://www.direct.aviva.co.uk/wealth/FundChoice/SelfSelectFundsList/FundDetails/B5VNH23/SelfSelectFund
MI TwentyFour Investment Funds Dynamic Bond Class I Gross Income,,https://www.direct.aviva.co.uk/wealth/FundChoice/SelfSelectFundsList/FundDetails/B57GX40/SelfSelectFund
Margetts AFH DA Global Emerging Markets Equity Class R Accumulation,,https://www.direct.aviva.co.uk/wealth/FundChoice/SelfSelectFundsList/FundDetails/BYXG9R2/SelfSelectFund
Margetts AFH DA North American Equity Class R Accumulation,,https://www.direct.aviva.co.uk/wealth/FundChoice/SelfSelectFundsList/FundDetails/BYXG9T4/SelfSelectFund
Margetts AFH DA UK Equity Class R Accumulation,,https://www.direct.aviva.co.uk/wealth/FundChoice/SelfSelectFundsList/FundDetails/BKX8BB8/SelfSelectFund
Margetts AFH DA UK Smaller Companies Class R Accumulation,,https://www.direct.aviva.co.uk/wealth/FundChoice/SelfSelectFundsList/FundDetails/BYXG9Y9/SelfSelectFund
Margetts AFH Tactical Core Class R Accumulation,,https://www.direct.aviva.co.uk/wealth/FundChoice/SelfSelectFundsList/FundDetails/B8KTVT8/SelfSelectFund
Margetts AFH Tactical Core Class R Income,,https://www.direct.aviva.co.uk/wealth/FundChoice/SelfSelectFundsList/FundDetails/B8K9HG7/SelfSelectFund
Margetts Blenheim Diversified Alternatives Class R Accumulation,,https://www.direct.aviva.co.uk/wealth/FundChoice/SelfSelectFundsList/FundDetails/BNDQ9F3/SelfSelectFund
Margetts Blenheim Diversified Alternatives Class R Income,,https://www.direct.aviva.co.uk/wealth/FundChoice/SelfSelectFundsList/FundDetails/BNDQ9D1/SelfSelectFund
Margetts Blenheim Diversified Fixed Income Class R Accumulation,,https://www.direct.aviva.co.uk/wealth/FundChoice/SelfSelectFundsList/FundDetails/BNDQ8X4/SelfSelectFund
Margetts Blenheim Diversified Fixed Income Class R Income,,https://www.direct.aviva.co.uk/wealth/FundChoice/SelfSelectFundsList/FundDetails/BNDQ8W3/SelfSelectFund
Margetts MGTS Future Money Income Fund Class S Income,,https://www.direct.aviva.co.uk/wealth/FundChoice/SelfSelectFundsList/FundDetails/BN92H28/SelfSelectFund
Margetts MGTS Future Money Real Growth Fund Class R Accumulation,,https://www.direct.aviva.co.uk/wealth/FundChoice/SelfSelectFundsList/FundDetails/B7WPBV9/SelfSelectFund
Margetts MGTS Future Money Real Growth Fund Class S Accumulation,,https://www.direct.aviva.co.uk/wealth/FundChoice/SelfSelectFundsList/FundDetails/BN92FJ1/SelfSelectFund
Margetts MGTS Future Money Real Value Fund Class R Accumulation,,https://www.direct.aviva.co.uk/wealth/FundChoice/SelfSelectFundsList/FundDetails/B89JN48/SelfSelectFund
Margetts MGTS Future Money Real Value Fund Class S Accumulation,,https://www.direct.aviva.co.uk/wealth/FundChoice/SelfSelectFundsList/FundDetails/BN92814/SelfSelectFund
Margetts MGTS IBOSS 1 Class R Accumulation,,https://www.direct.aviva.co.uk/wealth/FundChoice/SelfSelectFundsList/FundDetails/BD8R5D1/SelfSelectFund
Margetts MGTS IBOSS 1 Class R Income,,https://www.direct.aviva.co.uk/wealth/FundChoice/SelfSelectFundsList/FundDetails/BD8R5F3/SelfSelectFund
Margetts MGTS IBOSS 2 Class R Accumulation,,https://www.direct.aviva.co.uk/wealth/FundChoice/SelfSelectFundsList/FundDetails/BD8R5G4/SelfSelectFund
Margetts MGTS IBOSS 2 Class R Income,,https://www.direct.aviva.co.uk/wealth/FundChoice/SelfSelectFundsList/FundDetails/BD8R5H5/SelfSelectFund
Margetts MGTS IBOSS 4 Class R Accumulation,,https://www.direct.aviva.co.uk/wealth/FundChoice/SelfSelectFundsList/FundDetails/BD8R5J7/SelfSelectFund
Margetts MGTS Sentinel Navigator Class B Accumulation,,https://www.direct.aviva.co.uk/wealth/FundChoice/SelfSelectFundsList/FundDetails/BZ0P548/SelfSelectFund
Margetts MGTS Sentinel Navigator Class B Income,,https://www.direct.aviva.co.uk/wealth/FundChoice/SelfSelectFundsList/FundDetails/BZ0P537/SelfSelectFund
Margetts MGTS Sentinel Universal Class B Accumulation,,https://www.direct.aviva.co.uk/wealth/FundChoice/SelfSelectFundsList/FundDetails/B6X78T4/SelfSelectFund
Margetts MGTS Sentinel Universal Class B Income,,https://www.direct.aviva.co.uk/wealth/FundChoice/SelfSelectFundsList/FundDetails/B5M7L99/SelfSelectFund
Margetts MGTS St Johns High Income Property Accumulation,,https://www.direct.aviva.co.uk/wealth/FundChoice/SelfSelectFundsList/FundDetails/B877RN1/SelfSelectFund
Margetts MGTS St Johns High Income Property Income,,https://www.direct.aviva.co.uk/wealth/FundChoice/SelfSelectFundsList/FundDetails/B8W3938/SelfSelectFund
Margetts MGTS St. Johns Property Authorised Trust - Accumulation,,https://www.direct.aviva.co.uk/wealth/FundChoice/SelfSelectFundsList/FundDetails/BJFDXM9/SelfSelectFund
Margetts MGTS St. Johns Property Authorised Trust - Income,,https://www.direct.aviva.co.uk/wealth/FundChoice/SelfSelectFundsList/FundDetails/BJFDXN0/SelfSelectFund
Margetts MGTS Theia Defensive Income Fund Class A Accumulation,,https://www.direct.aviva.co.uk/wealth/FundChoice/SelfSelectFundsList/FundDetails/BTZN3H4/SelfSelectFund
Margetts MGTS Theia Defensive Income Fund Class A Income,,https://www.direct.aviva.co.uk/wealth/FundChoice/SelfSelectFundsList/FundDetails/BTZN3J6/SelfSelectFund
Mirabaud Global Emerging Market Bond Class DH Dist GBP Income,,https://www.direct.aviva.co.uk/wealth/FundChoice/SelfSelectFundsList/FundDetails/BDFW1N1/SelfSelectFund
Mirabaud Global Focus Class G cap GBP Accumulation,,https://www.direct.aviva.co.uk/wealth/FundChoice/SelfSelectFundsList/FundDetails/BMTQFN0/SelfSelectFund
Mirabaud Global Strategic Bond Class GH cap GBP Accumulation,,https://www.direct.aviva.co.uk/wealth/FundChoice/SelfSelectFundsList/FundDetails/BMTQFP2/SelfSelectFund
Mirabaud Sustainable Convertibles Global Class DH Cap GBP Accumulation,,https://www.direct.aviva.co.uk/wealth/FundChoice/SelfSelectFundsList/FundDetails/BN7ZKC0/SelfSelectFund
Mirabaud Sustainable Global Focus Class D Cap GBP Accumulation,,https://www.direct.aviva.co.uk/wealth/FundChoice/SelfSelectFundsList/FundDetails/BWX5V24/SelfSelectFund
Mirabaud Sustainable Global High Dividend Class D Cap GBP Accumulation,,https://www.direct.aviva.co.uk/wealth/FundChoice/SelfSelectFundsList/FundDetails/BN7ZKP3/SelfSelectFund
Mirabaud Sustainable Global High Dividend Class D Dist GBP Accumulation,,https://www.direct.aviva.co.uk/wealth/FundChoice/SelfSelectFundsList/FundDetails/BN7ZKQ4/SelfSelectFund
Mirabaud Sustainable Global High Yield Bonds Class DH Cap GBP Accumulation,,https://www.direct.aviva.co.uk/wealth/FundChoice/SelfSelectFundsList/FundDetails/BFCBLC4/SelfSelectFund
Mirabaud Sustainable Global High Yield Bonds Class DH Dist GBP Income,,https://www.direct.aviva.co.uk/wealth/FundChoice/SelfSelectFundsList/FundDetails/BFCBLD5/SelfSelectFund
Mirabaud Sustainable Global Strategic Bond Class DH Cap GBP Accumulation,,https://www.direct.aviva.co.uk/wealth/FundChoice/SelfSelectFundsList/FundDetails/BJ4WYC4/SelfSelectFund
Morgan Stanley Global Sustain Class IH Accumulation,,https://www.direct.aviva.co.uk/wealth/FundChoice/SelfSelectFundsList/FundDetails/BKFHFD3/SelfSelectFund
Morgan Stanley Sustainable High Yield Bond Class ZH Accumulation,,https://www.direct.aviva.co.uk/wealth/FundChoice/SelfSelectFundsList/FundDetails/BQNKCR9/SelfSelectFund
Morgan Stanley Systematic Liquid Alpha Class Z Accumulation,,https://www.direct.aviva.co.uk/wealth/FundChoice/SelfSelectFundsList/FundDetails/BPG9HD7/SelfSelectFund
Morgan Stanley Systematic Liquid Alpha Class ZH Accumulation,,https://www.direct.aviva.co.uk/wealth/FundChoice/SelfSelectFundsList/FundDetails/BRK0H30/SelfSelectFund
Morgan Stanley US Advantage Class Z Accumulation,,https://www.direct.aviva.co.uk/wealth/FundChoice/SelfSelectFundsList/FundDetails/B618HJ2/SelfSelectFund
Morgan Stanley US Advantage Class ZH Accumulation,,https://www.direct.aviva.co.uk/wealth/FundChoice/SelfSelectFundsList/FundDetails/BYV8185/SelfSelectFund
Morgan Stanley US Growth Class ZHX Accumulation,,https://www.direct.aviva.co.uk/wealth/FundChoice/SelfSelectFundsList/FundDetails/BG0Z7F0/SelfSelectFund
Multiconcept Fund Management S.A. Invest Listed Private Equity Income,,https://www.direct.aviva.co.uk/wealth/FundChoice/SelfSelectFundsList/FundDetails/B5V35Y1/SelfSelectFund
Muzinich Muzinich Asia Credit Opportunities Fund Class H Hedged Income,,https://www.direct.aviva.co.uk/wealth/FundChoice/SelfSelectFundsList/FundDetails/BYMD5M1/SelfSelectFund
Muzinich Muzinich Emerging Markets Short Duration Fund Class GBP A Hedged Accumulation,,https://www.direct.aviva.co.uk/wealth/FundChoice/SelfSelectFundsList/FundDetails/BFNXVZ2/SelfSelectFund
New Capital Global Equity Conviction GBP Inc Income,,https://www.direct.aviva.co.uk/wealth/FundChoice/SelfSelectFundsList/FundDetails/BWGC5S6/SelfSelectFund
New Capital Global Equity Income GBP Unhedged Accumulation,,https://www.direct.aviva.co.uk/wealth/FundChoice/SelfSelectFundsList/FundDetails/BMC4XB5/SelfSelectFund
New Capital Global Equity Income GBP Unhedged Income,,https://www.direct.aviva.co.uk/wealth/FundChoice/SelfSelectFundsList/FundDetails/BMC4TZ1/SelfSelectFund
New Capital Global Value Credit GBP Inc Accumulation,,https://www.direct.aviva.co.uk/wealth/FundChoice/SelfSelectFundsList/FundDetails/3311668/SelfSelectFund
New Capital Global Value Credit GBP Inc Income,,https://www.direct.aviva.co.uk/wealth/FundChoice/SelfSelectFundsList/FundDetails/B3LM8Q7/SelfSelectFund
New Capital Strategic Portfolio UCITS GBP Inc Accumulation,,https://www.direct.aviva.co.uk/wealth/FundChoice/SelfSelectFundsList/FundDetails/BTJRLV2/SelfSelectFund
New Capital Strategic Portfolio UCITS GBP Inc Income,,https://www.direct.aviva.co.uk/wealth/FundChoice/SelfSelectFundsList/FundDetails/BTJRLW3/SelfSelectFund
New Capital Sustainable World High Yield Bond Fund GBP Accumulation,,https://www.direct.aviva.co.uk/wealth/FundChoice/SelfSelectFundsList/FundDetails/BMQ81V9/SelfSelectFund
New Capital Sustainable World High Yield Bond Fund GBP Income,,https://www.direct.aviva.co.uk/wealth/FundChoice/SelfSelectFundsList/FundDetails/BMQ81W0/SelfSelectFund
New Capital Swiss Select Equity GBP Unhedged Acc Accumulation,,https://www.direct.aviva.co.uk/wealth/FundChoice/SelfSelectFundsList/FundDetails/BJFL7V0/SelfSelectFund
Nomura Japan Strategic Value Class I GBP Accumulation,,https://www.direct.aviva.co.uk/wealth/FundChoice/SelfSelectFundsList/FundDetails/B3W35Q8/SelfSelectFund
Nomura Japan Strategic Value Class ID GBP Hedged Income,,https://www.direct.aviva.co.uk/wealth/FundChoice/SelfSelectFundsList/FundDetails/BK0SCP2/SelfSelectFund
Nomura US High Yield Bond Class I GBP Accumulation,,https://www.direct.aviva.co.uk/wealth/FundChoice/SelfSelectFundsList/FundDetails/B3RW827/SelfSelectFund
Nomura US High Yield Bond Class I GBP Hedged Accumulation,,https://www.direct.aviva.co.uk/wealth/FundChoice/SelfSelectFundsList/FundDetails/B8H9H37/SelfSelectFund
Nomura US High Yield Bond Class ID GBP Hedged Income,,https://www.direct.aviva.co.uk/wealth/FundChoice/SelfSelectFundsList/FundDetails/BWXC9T8/SelfSelectFund
Nomura US High Yield Bond Class ID GBP Income,,https://www.direct.aviva.co.uk/wealth/FundChoice/SelfSelectFundsList/FundDetails/BWXC9M1/SelfSelectFund
Nordea 1 - Alpha 10 MA Class HBC - GBP Income,,https://www.direct.aviva.co.uk/wealth/FundChoice/SelfSelectFundsList/FundDetails/BD6JDG8/SelfSelectFund
Nordea 1 - Emerging Sustainable Stars Equity Fund Class BC - GBP Accumulation,,https://www.direct.aviva.co.uk/wealth/FundChoice/SelfSelectFundsList/FundDetails/BC9S1S3/SelfSelectFund
Nordea 1 - GBP Diversified Return Class BI Accumulation,,https://www.direct.aviva.co.uk/wealth/FundChoice/SelfSelectFundsList/FundDetails/BZ096J2/SelfSelectFund
Nordea 1 - Global Climate & Environment Class BC - GBP Accumulation,,https://www.direct.aviva.co.uk/wealth/FundChoice/SelfSelectFundsList/FundDetails/BF1YCX2/SelfSelectFund
PGIM Investments Emerging Market Total Return Bond Class I H D Income,,https://www.direct.aviva.co.uk/wealth/FundChoice/SelfSelectFundsList/FundDetails/BJCWX18/SelfSelectFund
PGIM Investments European Corporate Bond Class I H D Income,,https://www.direct.aviva.co.uk/wealth/FundChoice/SelfSelectFundsList/FundDetails/BD0YST7/SelfSelectFund
PGIM Investments European High Yield Bond Class I H Accumulation,,https://www.direct.aviva.co.uk/wealth/FundChoice/SelfSelectFundsList/FundDetails/BFLR1T0/SelfSelectFund
PGIM Investments Global Corporate Bond Class I H Accumulation,,https://www.direct.aviva.co.uk/wealth/FundChoice/SelfSelectFundsList/FundDetails/BFLQZM8/SelfSelectFund
PGIM Investments Global Corporate Bond Class I H Income,,https://www.direct.aviva.co.uk/wealth/FundChoice/SelfSelectFundsList/FundDetails/BDDK041/SelfSelectFund
PGIM Investments Global High Yield ESG Bond Class I H D Income,,https://www.direct.aviva.co.uk/wealth/FundChoice/SelfSelectFundsList/FundDetails/BDD7WL3/SelfSelectFund
PGIM Investments Global Real Estate Securities Class I Income,,https://www.direct.aviva.co.uk/wealth/FundChoice/SelfSelectFundsList/FundDetails/BYM2RG6/SelfSelectFund
PGIM Investments Global Total Return ESG Bond Class I H D Income,,https://www.direct.aviva.co.uk/wealth/FundChoice/SelfSelectFundsList/FundDetails/BKY71T2/SelfSelectFund
PGIM Investments Jennison Carbon Solutions Equity Class I Accumulation,,https://www.direct.aviva.co.uk/wealth/FundChoice/SelfSelectFundsList/FundDetails/BLCXWB8/SelfSelectFund
PGIM Investments Jennison Global Equity Opportunities Class I Accumulation,,https://www.direct.aviva.co.uk/wealth/FundChoice/SelfSelectFundsList/FundDetails/BMHG231/SelfSelectFund
PIMCO PIMCO Climate Bond Hedged Accumulation,,https://www.direct.aviva.co.uk/wealth/FundChoice/SelfSelectFundsList/FundDetails/BLH0Z26/SelfSelectFund
PIMCO UK Long Term Corporate Bond Institutional Income,,https://www.direct.aviva.co.uk/wealth/FundChoice/SelfSelectFundsList/FundDetails/B3CH634/SelfSelectFund
Pacific Capital Partners Multi-Asset Accumulator Conservative Class A Accumulation,,https://www.direct.aviva.co.uk/wealth/FundChoice/SelfSelectFundsList/FundDetails/BD6DG94/SelfSelectFund
Pacific Capital Partners Multi-Asset Accumulator Core Class A Accumulation,,https://www.direct.aviva.co.uk/wealth/FundChoice/SelfSelectFundsList/FundDetails/BD6DGH2/SelfSelectFund
Pacific Capital Partners Multi-Asset Accumulator Plus Class A Accumulation,,https://www.direct.aviva.co.uk/wealth/FundChoice/SelfSelectFundsList/FundDetails/BD6DGC7/SelfSelectFund
Pacific Capital Partners Pacific G10 Macro Rates Z Class IPH Accumulation,,https://www.direct.aviva.co.uk/wealth/FundChoice/SelfSelectFundsList/FundDetails/BM8QTQ2/SelfSelectFund
Pacific Capital Partners Pacific North of South EM Equity Income Opportunities GBP I Accumulating (Unhedged) Accumulation,,https://www.direct.aviva.co.uk/wealth/FundChoice/SelfSelectFundsList/FundDetails/BS2BDJ6/SelfSelectFund
Pacific Capital Partners Pacific North of South EM Equity Income Opportunities GBP I Distributing (Q) Income,,https://www.direct.aviva.co.uk/wealth/FundChoice/SelfSelectFundsList/FundDetails/BM8HK06/SelfSelectFund
Pacific Capital Partners Pacific North of South Global Emerging Markets Equity Class I Accumulation,,https://www.direct.aviva.co.uk/wealth/FundChoice/SelfSelectFundsList/FundDetails/BSWY3Y0/SelfSelectFund
Pacific Capital Partners Pacific North of South Global Emerging Markets Equity Class I Income,,https://www.direct.aviva.co.uk/wealth/FundChoice/SelfSelectFundsList/FundDetails/BSWY588/SelfSelectFund
PineBridge Investment Asia ex Japan Small Cap Equity Class R2D Income,,https://www.direct.aviva.co.uk/wealth/FundChoice/SelfSelectFundsList/FundDetails/BKT6042/SelfSelectFund
PineBridge Investment Global Focus Equity Class R2 Accumulation,,https://www.direct.aviva.co.uk/wealth/FundChoice/SelfSelectFundsList/FundDetails/BT3LPM9/SelfSelectFund
PineBridge Investment Global Focus Equity Class R2D Income,,https://www.direct.aviva.co.uk/wealth/FundChoice/SelfSelectFundsList/FundDetails/BT3LPP2/SelfSelectFund
PineBridge Investment India Equity Class R2D Income,,https://www.direct.aviva.co.uk/wealth/FundChoice/SelfSelectFundsList/FundDetails/BWV6B74/SelfSelectFund
PineBridge Investment Japan Small Cap Equity Class R2D Income,,https://www.direct.aviva.co.uk/wealth/FundChoice/SelfSelectFundsList/FundDetails/BJJNFZ2/SelfSelectFund
Pinnacle Investment Management Aikya Global Emerging Markets I Class Accumulation,,https://www.direct.aviva.co.uk/wealth/FundChoice/SelfSelectFundsList/FundDetails/BMCM308/SelfSelectFund
Pinnacle Investment Management Aikya Global Emerging Markets I Class Income,,https://www.direct.aviva.co.uk/wealth/FundChoice/SelfSelectFundsList/FundDetails/BP9P7M1/SelfSelectFund
Pinnacle Investment Management Pinnacle ICAV - Life Cycle Global Equity Fund - UCITS R Class Accumulation,,https://www.direct.aviva.co.uk/wealth/FundChoice/SelfSelectFundsList/FundDetails/BTLS5G6/SelfSelectFund
Pinnacle Investment Management Pinnacle ICAV - Life Cycle Global Equity Select Fund - UCITS R Class Accumulation,,https://www.direct.aviva.co.uk/wealth/FundChoice/SelfSelectFundsList/FundDetails/BTZK0C9/SelfSelectFund
Plurimi Wealth LLP Prosper Funds SICAV - Global Macro Fund Class R Accumulation,,https://www.direct.aviva.co.uk/wealth/FundChoice/SelfSelectFundsList/FundDetails/BYN81L6/SelfSelectFund
Premier Miton Premier Miton Diversified Dynamic Growth Class D Accumulation,,https://www.direct.aviva.co.uk/wealth/FundChoice/SelfSelectFundsList/FundDetails/BMQ5ML7/SelfSelectFund
Premier Miton Premier Miton Diversified Dynamic Growth Class D Income,,https://www.direct.aviva.co.uk/wealth/FundChoice/SelfSelectFundsList/FundDetails/BHNWH99/SelfSelectFund
Premier Miton Premier Miton Diversified Growth Class D Accumulation,,https://www.direct.aviva.co.uk/wealth/FundChoice/SelfSelectFundsList/FundDetails/BMQ5L21/SelfSelectFund
Premier Miton Premier Miton Diversified Growth Class D Income,,https://www.direct.aviva.co.uk/wealth/FundChoice/SelfSelectFundsList/FundDetails/B8BJV42/SelfSelectFund
Premier Miton Premier Miton Diversified Income Class D Accumulation,,https://www.direct.aviva.co.uk/wealth/FundChoice/SelfSelectFundsList/FundDetails/BMQ5MK6/SelfSelectFund
Premier Miton Premier Miton Diversified Income Class D Income,,https://www.direct.aviva.co.uk/wealth/FundChoice/SelfSelectFundsList/FundDetails/BYPDV97/SelfSelectFund
Premier Miton Premier Miton Diversified Responsible Growth Fund Class D Accumulation,,https://www.direct.aviva.co.uk/wealth/FundChoice/SelfSelectFundsList/FundDetails/BF1CW03/SelfSelectFund
Premier Miton Premier Miton European Opportunities Class B Accumulation,,https://www.direct.aviva.co.uk/wealth/FundChoice/SelfSelectFundsList/FundDetails/BZ2K2M8/SelfSelectFund
Premier Miton Premier Miton European Opportunities Class B Income,,https://www.direct.aviva.co.uk/wealth/FundChoice/SelfSelectFundsList/FundDetails/BMCC201/SelfSelectFund
Premier Miton Premier Miton Global Infrastructure Income Class B Accumulation,,https://www.direct.aviva.co.uk/wealth/FundChoice/SelfSelectFundsList/FundDetails/BD3H9L2/SelfSelectFund
Protea Funds Navera Core Equity With Fixed Income Strategy GBP Class A Inc Income,,https://www.direct.aviva.co.uk/wealth/FundChoice/SelfSelectFundsList/FundDetails/BGNY9V4/SelfSelectFund
Protea Funds Navera High Equity Strategy GBP Class A Acc Accumulation,,https://www.direct.aviva.co.uk/wealth/FundChoice/SelfSelectFundsList/FundDetails/BG33GV0/SelfSelectFund
Protea Funds Navera High Equity Strategy GBP Class A Inc Income,,https://www.direct.aviva.co.uk/wealth/FundChoice/SelfSelectFundsList/FundDetails/BG35PF3/SelfSelectFund
Protea Funds TM Navera Global Equity Strategy Class A Acc Accumulation,,https://www.direct.aviva.co.uk/wealth/FundChoice/SelfSelectFundsList/FundDetails/BNV0F82/SelfSelectFund
Protea Funds TM Navera Global Equity Strategy Class A Inc Income,,https://www.direct.aviva.co.uk/wealth/FundChoice/SelfSelectFundsList/FundDetails/BNV0FG0/SelfSelectFund
Pyrford International Global Total Return Class B Accumulation,,https://www.direct.aviva.co.uk/wealth/FundChoice/SelfSelectFundsList/FundDetails/BZ0CQG8/SelfSelectFund
Pyrford International Global Total Return Class B Income,,https://www.direct.aviva.co.uk/wealth/FundChoice/SelfSelectFundsList/FundDetails/BZ0CQH9/SelfSelectFund
Pzena Investment Management LLC Europe ex-UK Focused Value Class A Accumulation,,https://www.direct.aviva.co.uk/wealth/FundChoice/SelfSelectFundsList/FundDetails/BQQ7FY5/SelfSelectFund
Pzena Investment Management LLC Europe ex-UK Focused Value Class A Income,,https://www.direct.aviva.co.uk/wealth/FundChoice/SelfSelectFundsList/FundDetails/BQQ7G31/SelfSelectFund
Pzena Investment Management LLC Global Value Class A Accumulation,,https://www.direct.aviva.co.uk/wealth/FundChoice/SelfSelectFundsList/FundDetails/BHBF0S0/SelfSelectFund
Rathbones Asset Management Limited Greenbank Total Return Portfolio Class S Accumulation,,https://www.direct.aviva.co.uk/wealth/FundChoice/SelfSelectFundsList/FundDetails/BMQC4S9/SelfSelectFund
Rathbones Asset Management Limited Greenbank Total Return Portfolio Class S Income,,https://www.direct.aviva.co.uk/wealth/FundChoice/SelfSelectFundsList/FundDetails/BMQC4Q7/SelfSelectFund
Rathbones Asset Management Limited High Quality Bond Class I Accumulation,,https://www.direct.aviva.co.uk/wealth/FundChoice/SelfSelectFundsList/FundDetails/BD5DN50/SelfSelectFund
Rathbones Asset Management Limited High Quality Bond Class I Income,,https://www.direct.aviva.co.uk/wealth/FundChoice/SelfSelectFundsList/FundDetails/BD5DN49/SelfSelectFund
Rathbones Asset Management Limited Income I Class Accumulation,,https://www.direct.aviva.co.uk/wealth/FundChoice/SelfSelectFundsList/FundDetails/B3Q9WG1/SelfSelectFund
Rathbones Asset Management Limited Income I Class Income,,https://www.direct.aviva.co.uk/wealth/FundChoice/SelfSelectFundsList/FundDetails/B7FQLQ4/SelfSelectFund
Rathbones Asset Management Limited Multi Asset Defensive Growth Portfolio Class S Accumulation,,https://www.direct.aviva.co.uk/wealth/FundChoice/SelfSelectFundsList/FundDetails/BKKK7Y2/SelfSelectFund
Rathbones Asset Management Limited Multi Asset Defensive Growth Portfolio Class S Income,,https://www.direct.aviva.co.uk/wealth/FundChoice/SelfSelectFundsList/FundDetails/BKKK7X1/SelfSelectFund
Rathbones Asset Management Limited Multi Asset Dynamic Growth Portfolio Class S Accumulation,,https://www.direct.aviva.co.uk/wealth/FundChoice/SelfSelectFundsList/FundDetails/BKKK6X4/SelfSelectFund
Rathbones Asset Management Limited Multi Asset Dynamic Growth Portfolio Class S Income,,https://www.direct.aviva.co.uk/wealth/FundChoice/SelfSelectFundsList/FundDetails/BKKK6W3/SelfSelectFund
Robeco BP Global Premium Equities Class F Accumulation,,https://www.direct.aviva.co.uk/wealth/FundChoice/SelfSelectFundsList/FundDetails/BD3Z916/SelfSelectFund
Robeco BP Global Premium Equities Class I Accumulation,,https://www.direct.aviva.co.uk/wealth/FundChoice/SelfSelectFundsList/FundDetails/BYQ66L2/SelfSelectFund
Robeco BP Global Premium Equities Class IB Income,,https://www.direct.aviva.co.uk/wealth/FundChoice/SelfSelectFundsList/FundDetails/BYM49C2/SelfSelectFund
Robeco BP US Large Cap Equities Class F Accumulation,,https://www.direct.aviva.co.uk/wealth/FundChoice/SelfSelectFundsList/FundDetails/B9C9HN9/SelfSelectFund
Robeco BP US Premium Equities Class IE Income,,https://www.direct.aviva.co.uk/wealth/FundChoice/SelfSelectFundsList/FundDetails/B557JZ8/SelfSelectFund
Robeco BP US Premium Equities Class IH Accumulation,,https://www.direct.aviva.co.uk/wealth/FundChoice/SelfSelectFundsList/FundDetails/BF335Q1/SelfSelectFund
Robeco Credit Income Class IEH Income,,https://www.direct.aviva.co.uk/wealth/FundChoice/SelfSelectFundsList/FundDetails/BLFB2S6/SelfSelectFund
Robeco Credit Income Class IH Accumulation,,https://www.direct.aviva.co.uk/wealth/FundChoice/SelfSelectFundsList/FundDetails/BLFB2R5/SelfSelectFund
Robeco Emerging Stars Equities Class F Accumulation,,https://www.direct.aviva.co.uk/wealth/FundChoice/SelfSelectFundsList/FundDetails/BD46FK9/SelfSelectFund
Robeco Emerging Stars Equities Class G Income,,https://www.direct.aviva.co.uk/wealth/FundChoice/SelfSelectFundsList/FundDetails/BD46FL0/SelfSelectFund
Royal London GMAP Dynamic Equity Class M Income,,https://www.direct.aviva.co.uk/wealth/FundChoice/SelfSelectFundsList/FundDetails/BD8RSK9/SelfSelectFund
Royal London GMAP Growth Class M Accumulation,,https://www.direct.aviva.co.uk/wealth/FundChoice/SelfSelectFundsList/FundDetails/BD8RSN2/SelfSelectFund
Royal London GMAP Growth Class M Income,,https://www.direct.aviva.co.uk/wealth/FundChoice/SelfSelectFundsList/FundDetails/BD8RSM1/SelfSelectFund
Royal London GMAP Moderate Growth Fund Class M Accumulation,,https://www.direct.aviva.co.uk/wealth/FundChoice/SelfSelectFundsList/FundDetails/BS45813/SelfSelectFund
Royal London GMAP Moderate Growth Fund Class M Income,,https://www.direct.aviva.co.uk/wealth/FundChoice/SelfSelectFundsList/FundDetails/BS45824/SelfSelectFund
Royal London Global Bond Opportunities Class Z Accumulation,,https://www.direct.aviva.co.uk/wealth/FundChoice/SelfSelectFundsList/FundDetails/BD0NHJ7/SelfSelectFund
Royal London Global Bond Opportunities Class Z Income,,https://www.direct.aviva.co.uk/wealth/FundChoice/SelfSelectFundsList/FundDetails/BYTYX23/SelfSelectFund
Royal London Global Equity Diversified Class M Accumulation,,https://www.direct.aviva.co.uk/wealth/FundChoice/SelfSelectFundsList/FundDetails/BF93WF3/SelfSelectFund
Royal London Global Equity Diversified Class M Hedged Income,,https://www.direct.aviva.co.uk/wealth/FundChoice/SelfSelectFundsList/FundDetails/BF93WG4/SelfSelectFund
Royal London Global Equity Income Class M Accumulation,,https://www.direct.aviva.co.uk/wealth/FundChoice/SelfSelectFundsList/FundDetails/BPJLYH3/SelfSelectFund
Royal London UK Government Bond Class M Income,,https://www.direct.aviva.co.uk/wealth/FundChoice/SelfSelectFundsList/FundDetails/B7QFPL3/SelfSelectFund
Royal London UK Growth Trust Class A Income,,https://www.direct.aviva.co.uk/wealth/FundChoice/SelfSelectFundsList/FundDetails/0159797/SelfSelectFund
Royal London UK Income with Growth Trust Class A Income,,https://www.direct.aviva.co.uk/wealth/FundChoice/SelfSelectFundsList/FundDetails/0159805/SelfSelectFund
Royal London UK Mid-Cap Growth Class M Accumulation,,https://www.direct.aviva.co.uk/wealth/FundChoice/SelfSelectFundsList/FundDetails/B5BRW42/SelfSelectFund
Royal London UK Smaller Companies Class M Accumulation,,https://www.direct.aviva.co.uk/wealth/FundChoice/SelfSelectFundsList/FundDetails/B3NQHL5/SelfSelectFund
Royal London US Equity Tilit Class M Accumulation,,https://www.direct.aviva.co.uk/wealth/FundChoice/SelfSelectFundsList/FundDetails/BQ2NKT7/SelfSelectFund
Royal London US Growth Trust Class A Income,,https://www.direct.aviva.co.uk/wealth/FundChoice/SelfSelectFundsList/FundDetails/3003835/SelfSelectFund
Ruffer LLP WS Ruffer Diversified Return Class I Accumulation,,https://www.direct.aviva.co.uk/wealth/FundChoice/SelfSelectFundsList/FundDetails/BMWLQW8/SelfSelectFund
Ruffer LLP WS Ruffer Diversified Return Class I Income,,https://www.direct.aviva.co.uk/wealth/FundChoice/SelfSelectFundsList/FundDetails/BMWLQV7/SelfSelectFund
SEI (Global Asset) Strategic Portfolios Aggressive Fund Sterling Wealth A Accumulation,,https://www.direct.aviva.co.uk/wealth/FundChoice/SelfSelectFundsList/FundDetails/BYV1RB9/SelfSelectFund
SVS Brown Shipley Income I Income,,https://www.direct.aviva.co.uk/wealth/FundChoice/SelfSelectFundsList/FundDetails/B3QCN23/SelfSelectFund
SVS Heritage SVS Heritage Balanced Portfolio Class A Accumulation,,https://www.direct.aviva.co.uk/wealth/FundChoice/SelfSelectFundsList/FundDetails/BDQPPL5/SelfSelectFund
SVS Saltus SVS Saltus Multi Asset Class Fund Class X Accumulation,,https://www.direct.aviva.co.uk/wealth/FundChoice/SelfSelectFundsList/FundDetails/B6RPF48/SelfSelectFund
SVS Saltus SVS Saltus Wealth Fund Class X Accumulation,,https://www.direct.aviva.co.uk/wealth/FundChoice/SelfSelectFundsList/FundDetails/B6RLZP7/SelfSelectFund
Sanford DeLand Asset Management Ltd TM SDL UK Buffettology Fund General Accumulation,,https://www.direct.aviva.co.uk/wealth/FundChoice/SelfSelectFundsList/FundDetails/BF0LDZ3/SelfSelectFund
Sanford DeLand Asset Management Ltd TM SDL UK Buffettology Fund General Income,,https://www.direct.aviva.co.uk/wealth/FundChoice/SelfSelectFundsList/FundDetails/BKJ9C67/SelfSelectFund
Sanlam Catalyst Global Real Estate UCITS Fund Class F Accumulation,,https://www.direct.aviva.co.uk/wealth/FundChoice/SelfSelectFundsList/FundDetails/BMC3H65/SelfSelectFund
Sanlam Catalyst Global Real Estate UCITS Fund Class G Income,,https://www.direct.aviva.co.uk/wealth/FundChoice/SelfSelectFundsList/FundDetails/BMC3H76/SelfSelectFund
Sanlam Landseer Global Artificial Intelligence Fund Class I Accumulation,,https://www.direct.aviva.co.uk/wealth/FundChoice/SelfSelectFundsList/FundDetails/BNYN9Q4/SelfSelectFund
Sanlam Sanlam Global High Quality Fund Class I Accumulation,,https://www.direct.aviva.co.uk/wealth/FundChoice/SelfSelectFundsList/FundDetails/BYV7PR9/SelfSelectFund
Sarasin Thematic Global Equity Class P Accumulation,,https://www.direct.aviva.co.uk/wealth/FundChoice/SelfSelectFundsList/FundDetails/B8BPJF7/SelfSelectFund
Sarasin Thematic Global Equity Class P Hedged Accumulation,,https://www.direct.aviva.co.uk/wealth/FundChoice/SelfSelectFundsList/FundDetails/BLB2NL3/SelfSelectFund
Sarasin Thematic Global Equity Class P Hedged Income,,https://www.direct.aviva.co.uk/wealth/FundChoice/SelfSelectFundsList/FundDetails/BLB2NK2/SelfSelectFund
Sarasin Thematic Global Equity Class P Income,,https://www.direct.aviva.co.uk/wealth/FundChoice/SelfSelectFundsList/FundDetails/B7MSZ49/SelfSelectFund
Schroder All Maturities Corporate Bond Class Z Accumulation,,https://www.direct.aviva.co.uk/wealth/FundChoice/SelfSelectFundsList/FundDetails/B4V0R05/SelfSelectFund
Schroder All Maturities Corporate Bond Class Z Income,,https://www.direct.aviva.co.uk/wealth/FundChoice/SelfSelectFundsList/FundDetails/B4V0R50/SelfSelectFund
Schroder Asian Alpha Plus Class Z Accumulation,,https://www.direct.aviva.co.uk/wealth/FundChoice/SelfSelectFundsList/FundDetails/B5BG498/SelfSelectFund
Schroder Asian Alpha Plus Class Z Income,,https://www.direct.aviva.co.uk/wealth/FundChoice/SelfSelectFundsList/FundDetails/B5V2VR3/SelfSelectFund
Schroder Asian Discovery Class Z Accumulation,,https://www.direct.aviva.co.uk/wealth/FundChoice/SelfSelectFundsList/FundDetails/B5ZS9V7/SelfSelectFund
Schroder Asian Discovery Class Z Income,,https://www.direct.aviva.co.uk/wealth/FundChoice/SelfSelectFundsList/FundDetails/B4Y8PY6/SelfSelectFund
Schroder Global Sustainable Value Equity Class Z Income,,https://www.direct.aviva.co.uk/wealth/FundChoice/SelfSelectFundsList/FundDetails/BJRSVL7/SelfSelectFund
Schroder High Yield Opportunities Class Z Accumulation,,https://www.direct.aviva.co.uk/wealth/FundChoice/SelfSelectFundsList/FundDetails/B83RDY8/SelfSelectFund
Schroder High Yield Opportunities Class Z Income,,https://www.direct.aviva.co.uk/wealth/FundChoice/SelfSelectFundsList/FundDetails/B514328/SelfSelectFund
Schroder ISF Asian Bond Total Return Class Z Hedged Income,,https://www.direct.aviva.co.uk/wealth/FundChoice/SelfSelectFundsList/FundDetails/BYQ2YL6/SelfSelectFund
Schroder ISF BlueOrchard Emerging Markets Climate Bond Class C Accumulation,,https://www.direct.aviva.co.uk/wealth/FundChoice/SelfSelectFundsList/FundDetails/BLBJFC9/SelfSelectFund
Schroder ISF BlueOrchard Emerging Markets Climate Bond Class C Income,,https://www.direct.aviva.co.uk/wealth/FundChoice/SelfSelectFundsList/FundDetails/BP2R3X7/SelfSelectFund
Schroder ISF BlueOrchard Emerging Markets Impact Bond Class C Accumulation,,https://www.direct.aviva.co.uk/wealth/FundChoice/SelfSelectFundsList/FundDetails/BMYSHT1/SelfSelectFund
Schroder ISF EURO Corporate Bond Class C Hedged Income,,https://www.direct.aviva.co.uk/wealth/FundChoice/SelfSelectFundsList/FundDetails/BYWKBS0/SelfSelectFund
Schroder ISF EURO Corporate Bond Class C Income,,https://www.direct.aviva.co.uk/wealth/FundChoice/SelfSelectFundsList/FundDetails/BD4DRG0/SelfSelectFund
Schroder ISF Emerging Markets Debt Total Return Class Z Hedged Income,,https://www.direct.aviva.co.uk/wealth/FundChoice/SelfSelectFundsList/FundDetails/BDC7KV0/SelfSelectFund
Schroder Prime UK Equity Class Z Accumulation,,https://www.direct.aviva.co.uk/wealth/FundChoice/SelfSelectFundsList/FundDetails/BS0LFL4/SelfSelectFund
Schroder Prime UK Equity Class Z Income,,https://www.direct.aviva.co.uk/wealth/FundChoice/SelfSelectFundsList/FundDetails/BS0LFM5/SelfSelectFund
Schroder QEP Global Active Value Class Z Accumulation,,https://www.direct.aviva.co.uk/wealth/FundChoice/SelfSelectFundsList/FundDetails/B76V8G7/SelfSelectFund
Schroder QEP Global Active Value Class Z Income,,https://www.direct.aviva.co.uk/wealth/FundChoice/SelfSelectFundsList/FundDetails/B76V8H8/SelfSelectFund
Schroder QEP Global Core Class A Accumulation,,https://www.direct.aviva.co.uk/wealth/FundChoice/SelfSelectFundsList/FundDetails/B531048/SelfSelectFund
Schroder QEP Global Core Class A Income,,https://www.direct.aviva.co.uk/wealth/FundChoice/SelfSelectFundsList/FundDetails/B53G9Z7/SelfSelectFund
Schroder QEP Global Core Class I Accumulation,,https://www.direct.aviva.co.uk/wealth/FundChoice/SelfSelectFundsList/FundDetails/0766119/SelfSelectFund
Schroder QEP Global Core Class I Income,,https://www.direct.aviva.co.uk/wealth/FundChoice/SelfSelectFundsList/FundDetails/0766108/SelfSelectFund
Schroder QEP US Core Class I Accumulation,,https://www.direct.aviva.co.uk/wealth/FundChoice/SelfSelectFundsList/FundDetails/0764834/SelfSelectFund
Schroder QEP US Core Class I Income,,https://www.direct.aviva.co.uk/wealth/FundChoice/SelfSelectFundsList/FundDetails/0764823/SelfSelectFund
Stewart Investors Global Emerging Markets Class B Accumulation,,https://www.direct.aviva.co.uk/wealth/FundChoice/SelfSelectFundsList/FundDetails/B64TS99/SelfSelectFund
Stewart Investors Global Emerging Markets Leaders Class B Accumulation,,https://www.direct.aviva.co.uk/wealth/FundChoice/SelfSelectFundsList/FundDetails/3387454/SelfSelectFund
Stewart Investors Indian Subcontinent All Cap Class B Accumulation,,https://www.direct.aviva.co.uk/wealth/FundChoice/SelfSelectFundsList/FundDetails/B1FXTG9/SelfSelectFund
Stewart Investors Worldwide Class B Accumulation,,https://www.direct.aviva.co.uk/wealth/FundChoice/SelfSelectFundsList/FundDetails/B7W3061/SelfSelectFund
Stewart Investors Worldwide Class B Income,,https://www.direct.aviva.co.uk/wealth/FundChoice/SelfSelectFundsList/FundDetails/B8319S6/SelfSelectFund
Stewart Investors Worldwide Leaders Class B Accumulation,,https://www.direct.aviva.co.uk/wealth/FundChoice/SelfSelectFundsList/FundDetails/3097872/SelfSelectFund
Stonehage Fleming Stonehage Fleming Global Best Ideas Equity Fund Class D Accumulation,,https://www.direct.aviva.co.uk/wealth/FundChoice/SelfSelectFundsList/FundDetails/BPGM781/SelfSelectFund
Stonehage Fleming Stonehage Fleming Global Best Ideas Equity Fund Class D Income,,https://www.direct.aviva.co.uk/wealth/FundChoice/SelfSelectFundsList/FundDetails/BCLYMF3/SelfSelectFund
Stonehage Fleming TM Stonehage Fleming AIM Fund Class B Income,,https://www.direct.aviva.co.uk/wealth/FundChoice/SelfSelectFundsList/FundDetails/B0JX3Z5/SelfSelectFund
Stonehage Fleming TM Stonehage Fleming International Fund Class B Income,,https://www.direct.aviva.co.uk/wealth/FundChoice/SelfSelectFundsList/FundDetails/3221109/SelfSelectFund
Time Investments ARC TIME Property Income & Growth PAIF Class D Net Income,,https://www.direct.aviva.co.uk/wealth/FundChoice/SelfSelectFundsList/FundDetails/BMH7WL2/SelfSelectFund
Time Investments ARC TIME Social Property Feeder Trust Class I Accumulation,,https://www.direct.aviva.co.uk/wealth/FundChoice/SelfSelectFundsList/FundDetails/BJK12P4/SelfSelectFund
Time Investments ARC TIME Social Property Feeder Trust Class J Income,,https://www.direct.aviva.co.uk/wealth/FundChoice/SelfSelectFundsList/FundDetails/BJK12Q5/SelfSelectFund
Time Investments ARC TIME UK Infrastructure Income Fund II Class C Accumulation,,https://www.direct.aviva.co.uk/wealth/FundChoice/SelfSelectFundsList/FundDetails/BP5GQC1/SelfSelectFund
Time Investments ARC TIME UK Infrastructure Income Fund II Class C Income,,https://www.direct.aviva.co.uk/wealth/FundChoice/SelfSelectFundsList/FundDetails/BP50HT7/SelfSelectFund
TrinityBridge Balanced Portfolio Class X Acc Accumulation,,https://www.direct.aviva.co.uk/wealth/FundChoice/SelfSelectFundsList/FundDetails/B7KDKJ6/SelfSelectFund
TrinityBridge Balanced Tactical Passive Class X Acc Accumulation,,https://www.direct.aviva.co.uk/wealth/FundChoice/SelfSelectFundsList/FundDetails/B8HS8W0/SelfSelectFund
TrinityBridge Conservative Portfolio Class X Acc Accumulation,,https://www.direct.aviva.co.uk/wealth/FundChoice/SelfSelectFundsList/FundDetails/B8B9ZS4/SelfSelectFund
TrinityBridge Conservative Portfolio Class X Inc Income,,https://www.direct.aviva.co.uk/wealth/FundChoice/SelfSelectFundsList/FundDetails/B82P008/SelfSelectFund
TrinityBridge Conservative Tactical Passive Class X Acc Accumulation,,https://www.direct.aviva.co.uk/wealth/FundChoice/SelfSelectFundsList/FundDetails/B88TGW8/SelfSelectFund
TwentyFour Vontobel Vontobel Fund - TwentyFour Strategic Income Class AQN Income,,https://www.direct.aviva.co.uk/wealth/FundChoice/SelfSelectFundsList/FundDetails/BYXDH79/SelfSelectFund
TwentyFour Vontobel Vontobel Fund - TwentyFour Strategic Income Class N Accumulation,,https://www.direct.aviva.co.uk/wealth/FundChoice/SelfSelectFundsList/FundDetails/BYXDH68/SelfSelectFund
TwentyFour Vontobel Vontobel Fund - TwentyFour Sustainable Short Term Bond Income Class N Accumulation,,https://www.direct.aviva.co.uk/wealth/FundChoice/SelfSelectFundsList/FundDetails/BL4KLN2/SelfSelectFund
UBP UBAM - Biodiversity Restoration Class KC Accumulation,,https://www.direct.aviva.co.uk/wealth/FundChoice/SelfSelectFundsList/FundDetails/BKP5623/SelfSelectFund
UBP UBAM - Global High Yield Solution UHC Accumulation,,https://www.direct.aviva.co.uk/wealth/FundChoice/SelfSelectFundsList/FundDetails/BYMLFB4/SelfSelectFund
UBP UBAM - Global High Yield Solution UHD Income,,https://www.direct.aviva.co.uk/wealth/FundChoice/SelfSelectFundsList/FundDetails/BVVHNP2/SelfSelectFund
UBP UBAM - Positive Impact Emerging Equity Class KC Accumulation,,https://www.direct.aviva.co.uk/wealth/FundChoice/SelfSelectFundsList/FundDetails/BMXNND3/SelfSelectFund
UBP UBAM - Positive Impact Emerging Equity Class KD Income,,https://www.direct.aviva.co.uk/wealth/FundChoice/SelfSelectFundsList/FundDetails/BMXNNG6/SelfSelectFund
UBP UBAM - Positive Impact Global Equity KC Accumulation,,https://www.direct.aviva.co.uk/wealth/FundChoice/SelfSelectFundsList/FundDetails/BS55RQ0/SelfSelectFund
UBS (Lux) Bond Fund - Full Cycle Asian Bond Class Q (GBP hedged) Income,,https://www.direct.aviva.co.uk/wealth/FundChoice/SelfSelectFundsList/FundDetails/BNGFN99/SelfSelectFund
Valu-Trac VT Chelsea Managed Monthly Income Class A Income,,https://www.direct.aviva.co.uk/wealth/FundChoice/SelfSelectFundsList/FundDetails/BF0NMT6/SelfSelectFund
Valu-Trac VT De Lisle America Class B Accumulation,,https://www.direct.aviva.co.uk/wealth/FundChoice/SelfSelectFundsList/FundDetails/B3QF3G6/SelfSelectFund
Valu-Trac VT De Lisle America Class B Hedged Accumulation,,https://www.direct.aviva.co.uk/wealth/FundChoice/SelfSelectFundsList/FundDetails/BPLHRZ8/SelfSelectFund
Valu-Trac VT Defensive Portfolio Overlay Class C Accumulation,,https://www.direct.aviva.co.uk/wealth/FundChoice/SelfSelectFundsList/FundDetails/BYV0VM5/SelfSelectFund
Valu-Trac VT Discovery Balanced Class B Sterling Accumulation,,https://www.direct.aviva.co.uk/wealth/FundChoice/SelfSelectFundsList/FundDetails/B92M6Y2/SelfSelectFund
Valu-Trac VT Discovery Balanced Class C Sterling Accumulation,,https://www.direct.aviva.co.uk/wealth/FundChoice/SelfSelectFundsList/FundDetails/BYN6659/SelfSelectFund
Valu-Trac VT Discovery Balanced Class C Sterling Income,,https://www.direct.aviva.co.uk/wealth/FundChoice/SelfSelectFundsList/FundDetails/BYN6660/SelfSelectFund
Valu-Trac VT Discovery Cautious Managed Class C Accumulation,,https://www.direct.aviva.co.uk/wealth/FundChoice/SelfSelectFundsList/FundDetails/BYYB534/SelfSelectFund
Valu-Trac VT Discovery Cautious Managed Class C Income,,https://www.direct.aviva.co.uk/wealth/FundChoice/SelfSelectFundsList/FundDetails/BYYB545/SelfSelectFund
Valu-Trac VT Discovery Managed Growth Class B Sterling Accumulation,,https://www.direct.aviva.co.uk/wealth/FundChoice/SelfSelectFundsList/FundDetails/B92MKL7/SelfSelectFund
Valu-Trac VT Tatton Blended Active Fund Class A Accumulation,,https://www.direct.aviva.co.uk/wealth/FundChoice/SelfSelectFundsList/FundDetails/BFFXRK7/SelfSelectFund
Valu-Trac VT Tatton Blended Aggressive - Accumulation,,https://www.direct.aviva.co.uk/wealth/FundChoice/SelfSelectFundsList/FundDetails/BL3NDR0/SelfSelectFund
Valu-Trac VT Tatton Blended Balanced Fund Class A Accumulation,,https://www.direct.aviva.co.uk/wealth/FundChoice/SelfSelectFundsList/FundDetails/BFFXRF2/SelfSelectFund
Valu-Trac VT Tatton Blended Cautious Fund Class A Accumulation,,https://www.direct.aviva.co.uk/wealth/FundChoice/SelfSelectFundsList/FundDetails/BFFXR96/SelfSelectFund
Valu-Trac VT Tatton Blended Defensive - Accumulation,,https://www.direct.aviva.co.uk/wealth/FundChoice/SelfSelectFundsList/FundDetails/BL3NDV4/SelfSelectFund
Valu-Trac VT Tatton Blended Defensive - Income,,https://www.direct.aviva.co.uk/wealth/FundChoice/SelfSelectFundsList/FundDetails/BL3NDW5/SelfSelectFund
Valu-Trac VT Tatton Oak Capital Growth Class B Accumulation,,https://www.direct.aviva.co.uk/wealth/FundChoice/SelfSelectFundsList/FundDetails/B63B9K4/SelfSelectFund
Valu-Trac VT Tatton Oak Cautious Growth Class B Accumulation,,https://www.direct.aviva.co.uk/wealth/FundChoice/SelfSelectFundsList/FundDetails/B63B9M6/SelfSelectFund
Valu-Trac VT Tatton Passive Balanced Class I Accumulation,,https://www.direct.aviva.co.uk/wealth/FundChoice/SelfSelectFundsList/FundDetails/BLB17L8/SelfSelectFund
Valu-Trac VT Tatton Passive Cautious Class I Accumulation,,https://www.direct.aviva.co.uk/wealth/FundChoice/SelfSelectFundsList/FundDetails/BLB17M9/SelfSelectFund
Vanguard FTSE U.K. All Share Index Unit Trust GBP Income,,https://www.direct.aviva.co.uk/wealth/FundChoice/SelfSelectFundsList/FundDetails/BPN5P78/SelfSelectFund
Vanguard Global Bond Index GBP Hedged Dist Income,,https://www.direct.aviva.co.uk/wealth/FundChoice/SelfSelectFundsList/FundDetails/B2RHVP9/SelfSelectFund
Vanguard Global Bond Index Hedged Acc Accumulation,,https://www.direct.aviva.co.uk/wealth/FundChoice/SelfSelectFundsList/FundDetails/B50W2R1/SelfSelectFund
Vanguard Global Capital Stewards Equity Class A Accumulation,,https://www.direct.aviva.co.uk/wealth/FundChoice/SelfSelectFundsList/FundDetails/BMV9B62/SelfSelectFund
Vanguard Global Capital Stewards Equity Class A Income,,https://www.direct.aviva.co.uk/wealth/FundChoice/SelfSelectFundsList/FundDetails/BMV9B51/SelfSelectFund
Vanguard Global Core Bond Accumulation,,https://www.direct.aviva.co.uk/wealth/FundChoice/SelfSelectFundsList/FundDetails/BS2CXP5/SelfSelectFund
Vanguard Global Core Bond Income,,https://www.direct.aviva.co.uk/wealth/FundChoice/SelfSelectFundsList/FundDetails/BS2CXQ6/SelfSelectFund
Vanguard Global Corporate Bond Index GBP Hedged Acc Accumulation,,https://www.direct.aviva.co.uk/wealth/FundChoice/SelfSelectFundsList/FundDetails/BDFB5M5/SelfSelectFund
Vanguard Global Corporate Bond Index GBP Hedged Dist. Income,,https://www.direct.aviva.co.uk/wealth/FundChoice/SelfSelectFundsList/FundDetails/BDFB5K3/SelfSelectFund
Vanguard Global Credit Bond Retail Hedged Accumulation,,https://www.direct.aviva.co.uk/wealth/FundChoice/SelfSelectFundsList/FundDetails/BYV1RG4/SelfSelectFund
Vanguard Target Retirement 2060 Class A Accumulation,,https://www.direct.aviva.co.uk/wealth/FundChoice/SelfSelectFundsList/FundDetails/BF38WW1/SelfSelectFund
Vanguard Target Retirement 2065 Class A Accumulation,,https://www.direct.aviva.co.uk/wealth/FundChoice/SelfSelectFundsList/FundDetails/BF38WX2/SelfSelectFund
Vanguard U.K Government Bond Index GBP Accumulation,,https://www.direct.aviva.co.uk/wealth/FundChoice/SelfSelectFundsList/FundDetails/B1S7537/SelfSelectFund
Vanguard U.K Government Bond Index GBP Income,,https://www.direct.aviva.co.uk/wealth/FundChoice/SelfSelectFundsList/FundDetails/B1S7582/SelfSelectFund
Vanguard U.K Investment Grade Bond Index GBP Accumulation,,https://www.direct.aviva.co.uk/wealth/FundChoice/SelfSelectFundsList/FundDetails/B1S74Q3/SelfSelectFund
Vanguard U.K Investment Grade Bond Index GBP Income,,https://www.direct.aviva.co.uk/wealth/FundChoice/SelfSelectFundsList/FundDetails/B1S74W9/SelfSelectFund
Vanguard U.K. Inflation-Linked Gilt Index GBP Accumulation,,https://www.direct.aviva.co.uk/wealth/FundChoice/SelfSelectFundsList/FundDetails/B45Q903/SelfSelectFund
Vanguard U.K. Inflation-Linked Gilt Index GBP Income,,https://www.direct.aviva.co.uk/wealth/FundChoice/SelfSelectFundsList/FundDetails/B467FS5/SelfSelectFund
Vanguard U.K. Long Duration Gilt Index GBP Accumulation,,https://www.direct.aviva.co.uk/wealth/FundChoice/SelfSelectFundsList/FundDetails/B4M8924/SelfSelectFund
Vanguard U.K. Long Duration Gilt Index GBP Income,,https://www.direct.aviva.co.uk/wealth/FundChoice/SelfSelectFundsList/FundDetails/B44DQC6/SelfSelectFund
WS AVI WS AVI Worldwide Opportunities Class B Accumulation,,https://www.direct.aviva.co.uk/wealth/FundChoice/SelfSelectFundsList/FundDetails/3183113/SelfSelectFund
WS Aegon Risk-Managed 1 Fund Class A Accumulation,,https://www.direct.aviva.co.uk/wealth/FundChoice/SelfSelectFundsList/FundDetails/BKV26L7/SelfSelectFund
WS Aegon Risk-Managed 1 Fund Class A Income,,https://www.direct.aviva.co.uk/wealth/FundChoice/SelfSelectFundsList/FundDetails/BKV26M8/SelfSelectFund
WS Aegon Risk-Managed 2 Fund Class A Accumulation,,https://www.direct.aviva.co.uk/wealth/FundChoice/SelfSelectFundsList/FundDetails/BL38YK5/SelfSelectFund
WS Aegon Risk-Managed 2 Fund Class A Income,,https://www.direct.aviva.co.uk/wealth/FundChoice/SelfSelectFundsList/FundDetails/BL38YL6/SelfSelectFund
WS Aegon Risk-Managed 3 Fund Class A Accumulation,,https://www.direct.aviva.co.uk/wealth/FundChoice/SelfSelectFundsList/FundDetails/BL38YS3/SelfSelectFund
WS Aegon Risk-Managed 3 Fund Class A Income,,https://www.direct.aviva.co.uk/wealth/FundChoice/SelfSelectFundsList/FundDetails/BL39226/SelfSelectFund
WS Aegon Risk-Managed 4 Fund Class A Accumulation,,https://www.direct.aviva.co.uk/wealth/FundChoice/SelfSelectFundsList/FundDetails/BL38YV6/SelfSelectFund
WS Aegon Risk-Managed 4 Fund Class A Income,,https://www.direct.aviva.co.uk/wealth/FundChoice/SelfSelectFundsList/FundDetails/BL38YW7/SelfSelectFund
WS Aegon Risk-Managed 5 Fund Class A Accumulation,,https://www.direct.aviva.co.uk/wealth/FundChoice/SelfSelectFundsList/FundDetails/BL38Z13/SelfSelectFund
WS Prudential Risk Managed Active 4 Class P Accumulation,,https://www.direct.aviva.co.uk/wealth/FundChoice/SelfSelectFundsList/FundDetails/BF23294/SelfSelectFund
WS Prudential Risk Managed Active 4 Class P Income,,https://www.direct.aviva.co.uk/wealth/FundChoice/SelfSelectFundsList/FundDetails/BF232B6/SelfSelectFund
WS Prudential Risk Managed Active 5 Class P Accumulation,,https://www.direct.aviva.co.uk/wealth/FundChoice/SelfSelectFundsList/FundDetails/BF232C7/SelfSelectFund
WS Prudential Risk Managed Active 5 Class P Income,,https://www.direct.aviva.co.uk/wealth/FundChoice/SelfSelectFundsList/FundDetails/BF232D8/SelfSelectFund
WS Prudential Risk Managed Passive 1 Class P Accumulation,,https://www.direct.aviva.co.uk/wealth/FundChoice/SelfSelectFundsList/FundDetails/BF232F0/SelfSelectFund
WS Prudential Risk Managed Passive 1 Class P Income,,https://www.direct.aviva.co.uk/wealth/FundChoice/SelfSelectFundsList/FundDetails/BF232G1/SelfSelectFund
WS Prudential Risk Managed Passive 2 Class P Accumulation,,https://www.direct.aviva.co.uk/wealth/FundChoice/SelfSelectFundsList/FundDetails/BVYTZX7/SelfSelectFund
WS Prudential Risk Managed Passive 2 Class P Income,,https://www.direct.aviva.co.uk/wealth/FundChoice/SelfSelectFundsList/FundDetails/BVYTZY8/SelfSelectFund
WS Prudential Risk Managed Passive 3 Class P Accumulation,,https://www.direct.aviva.co.uk/wealth/FundChoice/SelfSelectFundsList/FundDetails/BF232H2/SelfSelectFund
WS Prudential Risk Managed Passive 3 Class P Income,,https://www.direct.aviva.co.uk/wealth/FundChoice/SelfSelectFundsList/FundDetails/BF232J4/SelfSelectFund
Wellington Global Impact Class N Unhedged Accumulation,,https://www.direct.aviva.co.uk/wealth/FundChoice/SelfSelectFundsList/FundDetails/BGPNQX0/SelfSelectFund
Wellington Global Innovation Class N Unhedged Accumulation,,https://www.direct.aviva.co.uk/wealth/FundChoice/SelfSelectFundsList/FundDetails/BLD1W55/SelfSelectFund
Wellington Global Quality Growth Class N Unhedged Accumulation,,https://www.direct.aviva.co.uk/wealth/FundChoice/SelfSelectFundsList/FundDetails/BLD1WM2/SelfSelectFund
Wellington Global Quality Value Class N Unhedged Accumulation,,https://www.direct.aviva.co.uk/wealth/FundChoice/SelfSelectFundsList/FundDetails/BQS8VQ0/SelfSelectFund
Wellington Global Stewards Class N Unhedged Accumulation,,https://www.direct.aviva.co.uk/wealth/FundChoice/SelfSelectFundsList/FundDetails/BJ09MR0/SelfSelectFund
Wellington India Focus Equity Class N Unhedged Accumulation,,https://www.direct.aviva.co.uk/wealth/FundChoice/SelfSelectFundsList/FundDetails/BRJLWN9/SelfSelectFund
Wellington Opportunistic Fixed Income Class N Hedged Accumulation,,https://www.direct.aviva.co.uk/wealth/FundChoice/SelfSelectFundsList/FundDetails/BH45FD7/SelfSelectFund
Wellington US Research Equity Fund Class N Unhedged Accumulation,,https://www.direct.aviva.co.uk/wealth/FundChoice/SelfSelectFundsList/FundDetails/BMY8DF9/SelfSelectFund
Wellington US Research Equity Fund Class N Unhedged Income,,https://www.direct.aviva.co.uk/wealth/FundChoice/SelfSelectFundsList/FundDetails/BMY8DC6/SelfSelectFund
Wellington World Bond Class N Hedged Accumulation,,https://www.direct.aviva.co.uk/wealth/FundChoice/SelfSelectFundsList/FundDetails/BF2ZV82/SelfSelectFund
abrdn OEIC abrdn Europe ex UK Income Equity Class I Accumulation,,https://www.direct.aviva.co.uk/wealth/FundChoice/SelfSelectFundsList/FundDetails/B3L7SB7/SelfSelectFund
abrdn OEIC abrdn Europe ex UK Income Equity Class I Income,,https://www.direct.aviva.co.uk/wealth/FundChoice/SelfSelectFundsList/FundDetails/B3L7S95/SelfSelectFund
abrdn OEIC abrdn European Equity Enhanced Index Class B Accumulation,,https://www.direct.aviva.co.uk/wealth/FundChoice/SelfSelectFundsList/FundDetails/BRJL7X4/SelfSelectFund
abrdn OEIC abrdn European Real estate Share Class I Accumulation,,https://www.direct.aviva.co.uk/wealth/FundChoice/SelfSelectFundsList/FundDetails/BWK2690/SelfSelectFund
abrdn OEIC abrdn European Real estate Share Class I Income,,https://www.direct.aviva.co.uk/wealth/FundChoice/SelfSelectFundsList/FundDetails/BWK2689/SelfSelectFund
abrdn OEIC abrdn European Smaller Companies Fund Class I Accumulation,,https://www.direct.aviva.co.uk/wealth/FundChoice/SelfSelectFundsList/FundDetails/B0XWN58/SelfSelectFund
abrdn OEIC abrdn Global Balanced Growth Class I Accumulation,,https://www.direct.aviva.co.uk/wealth/FundChoice/SelfSelectFundsList/FundDetails/0433167/SelfSelectFund
abrdn OEIC abrdn Global Balanced Growth Class I Income,,https://www.direct.aviva.co.uk/wealth/FundChoice/SelfSelectFundsList/FundDetails/0433156/SelfSelectFund
abrdn OEIC abrdn Global Corporate Bond Screened Tracker Fund Class B Accumulation,,https://www.direct.aviva.co.uk/wealth/FundChoice/SelfSelectFundsList/FundDetails/BF47302/SelfSelectFund
abrdn OEIC abrdn Global Corporate Bond Screened Tracker Fund Class B Income,,https://www.direct.aviva.co.uk/wealth/FundChoice/SelfSelectFundsList/FundDetails/BF47313/SelfSelectFund
abrdn OEIC abrdn MyFolio Multi-Manager V Class I Income,,https://www.direct.aviva.co.uk/wealth/FundChoice/SelfSelectFundsList/FundDetails/BHZCS05/SelfSelectFund
abrdn OEIC abrdn MyFolio Sustainable IV Institutional Class B Accumulation,,https://www.direct.aviva.co.uk/wealth/FundChoice/SelfSelectFundsList/FundDetails/BN4R643/SelfSelectFund
abrdn OEIC abrdn MyFolio Sustainable Index V Class B Fixed Accumulation,,https://www.direct.aviva.co.uk/wealth/FundChoice/SelfSelectFundsList/FundDetails/BMXNWV4/SelfSelectFund
abrdn OEIC abrdn North American Small & Mid-Cap Equity Fund Class I Accumulation,,https://www.direct.aviva.co.uk/wealth/FundChoice/SelfSelectFundsList/FundDetails/0448309/SelfSelectFund
abrdn OEIC abrdn Short Dated Corporate Bond Class I Accumulation,,https://www.direct.aviva.co.uk/wealth/FundChoice/SelfSelectFundsList/FundDetails/BZCGBQ3/SelfSelectFund
abrdn OEIC abrdn Short Dated Corporate Bond Class I Income,,https://www.direct.aviva.co.uk/wealth/FundChoice/SelfSelectFundsList/FundDetails/BZCGBR4/SelfSelectFund
abrdn OEIC abrdn Short Dated Global Corporate Bond Tracker Class B Accumulation,,https://www.direct.aviva.co.uk/wealth/FundChoice/SelfSelectFundsList/FundDetails/BG08N39/SelfSelectFund
abrdn OEIC abrdn Short Dated Global Inflation-Linked Bond Tracker Class B Accumulation,,https://www.direct.aviva.co.uk/wealth/FundChoice/SelfSelectFundsList/FundDetails/BGMK173/SelfSelectFund
abrdn OEIC abrdn Short Dated Sterling Corporate Bond Tracker Class B Accumulation,,https://www.direct.aviva.co.uk/wealth/FundChoice/SelfSelectFundsList/FundDetails/BGMK195/SelfSelectFund
abrdn OEIC abrdn Short Duration Global Inflation-Linked Bond Class I Accumulation,,https://www.direct.aviva.co.uk/wealth/FundChoice/SelfSelectFundsList/FundDetails/BP25R51/SelfSelectFund
abrdn SICAV Global Sustainable Equity Class X A Income,,https://www.direct.aviva.co.uk/wealth/FundChoice/SelfSelectFundsList/FundDetails/B873TL1/SelfSelectFund
abrdn SICAV Global Sustainable Equity Class X Accumulation,,https://www.direct.aviva.co.uk/wealth/FundChoice/SelfSelectFundsList/FundDetails/B8NB8X4/SelfSelectFund
abrdn SICAV Indian Equity Class X Accumulation,,https://www.direct.aviva.co.uk/wealth/FundChoice/SelfSelectFundsList/FundDetails/B7LS8L8/SelfSelectFund
abrdn SICAV Japanese Smaller Companies Sustainable Equity Class X Accumulation,,https://www.direct.aviva.co.uk/wealth/FundChoice/SelfSelectFundsList/FundDetails/B7LCDW6/SelfSelectFund
abrdn SICAV Japanese Sustainable Equity Class X Accumulation,,https://www.direct.aviva.co.uk/wealth/FundChoice/SelfSelectFundsList/FundDetails/B7Z1459/SelfSelectFund
abrdn SICAV Macro Fixed Income Class B Accumulation,,https://www.direct.aviva.co.uk/wealth/FundChoice/SelfSelectFundsList/FundDetails/BD3V6M4/SelfSelectFund
abrdn SICAV North American Smaller Companies Class X Accumulation,,https://www.direct.aviva.co.uk/wealth/FundChoice/SelfSelectFundsList/FundDetails/BK8JTN4/SelfSelectFund
abrdn SICAV Short Dated Enhanced Income Class X Hedged Accumulation,,https://www.direct.aviva.co.uk/wealth/FundChoice/SelfSelectFundsList/FundDetails/BS2BF34/SelfSelectFund
abrdn SICAV Total Return Credit Class B Accumulation,,https://www.direct.aviva.co.uk/wealth/FundChoice/SelfSelectFundsList/FundDetails/BD3V6Y6/SelfSelectFund
iShares Developed Real Estate Index Class D Accumulating GBP Hedged Accumulation,,https://www.direct.aviva.co.uk/wealth/FundChoice/SelfSelectFundsList/FundDetails/BPLMXV1/SelfSelectFund
